제목,생년,몰년,활동연도,Source,公車類,書簡類,序跋類,詩類,哀祭類,雜著類,傳記類,SUM,Publish,傳記類_Ratio,公車類_Ratio,哀祭類_Ratio,序跋類_Ratio,書簡類_Ratio,詩類_Ratio,雜著類_Ratio
水亭先生集,1373,1437,1405,역대문집DB,0,0,1,300,0,0,0,301,,0,0,0,0.332225914,0,99.66777409,0
?村先生文集,1363,1452,1407,역대문집DB,618,18,3,16,10,1,3,669,,0.448430493,92.37668161,1.494768311,0.448430493,2.69058296,2.391629297,0.149476831
土軒集,1367,1454,1410,역대문집DB,6,1,0,51,0,0,1,59,,1.694915254,10.16949153,0,0,1.694915254,86.44067797,0
菊堂遺稿,1374,1446,1410,문집총간,4,2,11,92,5,8,2,124,1895,1.612903226,3.225806452,4.032258065,8.870967742,1.612903226,74.19354839,6.451612903
寅齋集,1374,1446,1410,문집총간,32,0,2,8,1,4,4,51,1929,7.843137255,62.74509804,1.960784314,3.921568627,0,15.68627451,7.843137255
別洞集,1373,1455,1414,문집총간,30,1,7,95,9,5,6,153,1749,3.921568627,19.60784314,5.882352941,4.575163399,0.653594771,62.09150327,3.267973856
敬齋集,1376,1453,1414,문집총간,6,0,11,180,12,16,5,230,1919,2.173913043,2.608695652,5.217391304,4.782608696,0,78.26086957,6.956521739
泰齋集,1388,1443,1415,문집총간,0,0,8,528,4,5,4,549,1815,0.72859745,0,0.72859745,1.4571949,0,96.17486339,0.910746812
池月堂文集,1379,1463,1421,역대문집DB,0,0,2,191,0,0,0,193,,0,0,0,1.03626943,0,98.96373057,0
敬齋遺稿,1408,1442,1425,문집총간,6,0,5,14,28,7,5,65,1804,7.692307692,9.230769231,43.07692308,7.692307692,0,21.53846154,10.76923077
敬齋先生遺稿,1408,1442,1425,역대문집DB,1,1,9,14,21,6,3,55,,5.454545455,1.818181818,38.18181818,16.36363636,1.818181818,25.45454545,10.90909091
白村先生文集,1399,1456,1427,역대문집DB,34,22,0,4,0,10,2,72,,2.777777778,47.22222222,0,0,30.55555556,5.555555556,13.88888889
歸隱先生遺集,1407,1459,1433,역대문집DB,0,17,1,44,2,12,0,76,,0,0,2.631578947,1.315789474,22.36842105,57.89473684,15.78947368
淵氷堂先生文集,1407,1459,1433,역대문집DB,40,2,1,14,0,3,0,60,,0,66.66666667,0,1.666666667,3.333333333,23.33333333,5
丹溪遺稿,1412,1456,1434,문집총간,4,1,5,13,3,5,3,34,1768,8.823529412,11.76470588,8.823529412,14.70588235,2.941176471,38.23529412,14.70588235
生六臣文集,1392,1480,1436,역대문집DB,6,4,9,291,1,11,1,323,,0.309597523,1.857585139,0.309597523,2.786377709,1.238390093,90.09287926,3.405572755
朴先生遺稿,1417,1456,1436,문집총간,4,1,30,21,0,11,0,67,1658,0,5.970149254,0,44.7761194,1.492537313,31.34328358,16.41791045
成謹甫集,1418,1456,1437,문집총간,2,0,11,39,0,6,6,64,,9.375,3.125,0,17.1875,0,60.9375,9.375
成先生遺稿,1418,1456,1437,역대문집DB,4,2,24,395,0,22,4,451,,0.88691796,0.88691796,0,5.321507761,0.44345898,87.58314856,4.87804878
月川集,1408,1473,1440,역대문집DB,0,0,0,86,0,16,0,102,,0,0,0,0,0,84.31372549,15.68627451
撫松軒集,1416,1464,1440,문집총간,72,0,5,10,5,7,7,106,,6.603773585,67.9245283,4.716981132,4.716981132,0,9.433962264,6.603773585
文節公金先生逸稿,1416,1464,1440,역대문집DB,75,0,0,12,0,1,0,88,,0,85.22727273,0,0,0,13.63636364,1.136363636
不憂軒集,1401,1481,1441,문집총간,4,0,3,38,0,3,4,52,1786,7.692307692,7.692307692,0,5.769230769,0,73.07692308,5.769230769
太虛亭集,1409,1474,1441,문집총간,28,0,20,85,3,7,4,147,1707,2.721088435,19.04761905,2.040816327,13.60544218,0,57.82312925,4.761904762
眞逸遺稿,1427,1456,1441,문집총간,1,0,8,117,0,4,1,131,1467,0.763358779,0.763358779,0,6.106870229,0,89.3129771,3.053435115
拭疣集,1409,1481,1445,문집총간,1,0,7,214,1,38,4,265,,1.509433962,0.377358491,0.377358491,2.641509434,0,80.75471698,14.33962264
樗軒集,1415,1477,1446,문집총간,4,0,3,292,1,7,3,310,1587,0.967741935,1.290322581,0.322580645,0.967741935,0,94.19354839,2.258064516
保閑齋集,1417,1475,1446,문집총간,10,2,36,610,12,26,9,705,1645,1.276595745,1.418439716,1.70212766,5.106382979,0.283687943,86.5248227,3.687943262
訥齋集,1415,1482,1448,문집총간,40,3,7,19,0,13,3,85,1791,3.529411765,47.05882353,0,8.235294118,3.529411765,22.35294118,15.29411765
三灘集,1422,1484,1453,문집총간,1,1,27,567,4,8,19,627,1514,3.03030303,0.159489633,0.637958533,4.306220096,0.159489633,90.43062201,1.275917065
私淑齋集,1424,1483,1453,문집총간,6,4,27,214,5,33,11,300,1805,3.666666667,2,1.666666667,9,1.333333333,71.33333333,11
四佳集,1420,1488,1454,문집총간,3,0,76,3456,1,59,9,3604,1705,0.249722531,0.083240844,0.027746948,2.108768036,0,95.89345172,1.637069922
漁溪集,1420,1489,1454,문집총간,15,2,8,51,10,9,8,103,1901,7.766990291,14.5631068,9.708737864,7.766990291,1.941747573,49.51456311,8.737864078
逍遙齋集,1432,1479,1455,역대문집DB,0,0,6,231,0,1,0,238,,0,0,0,2.521008403,0,97.05882353,0.420168067
退齋先生文集附錄,1418,1495,1456,역대문집DB,47,0,3,11,0,0,0,61,,0,77.04918033,0,4.918032787,0,18.03278689,0
逍遙齋集,1432,1480,1456,문집총간,0,0,5,226,0,2,1,234,1813,0.427350427,0,0,2.136752137,0,96.58119658,0.854700855
佔畢齋集,1431,1492,1461,문집총간,6,5,23,1092,2,21,15,1164,1789,1.288659794,0.515463918,0.171821306,1.975945017,0.429553265,93.81443299,1.804123711
勿齋集,1427,1497,1462,문집총간,12,1,5,36,3,7,2,66,1726,3.03030303,18.18181818,4.545454545,7.575757576,1.515151515,54.54545455,10.60606061
止止堂詩集,1437,1487,1462,문집총간,0,0,2,244,0,0,0,246,1501,0,0,0,0.81300813,0,99.18699187,0
松窩先生文集,1431,1495,1463,역대문집DB,82,0,0,4,0,2,0,88,,0,93.18181818,0,0,0,4.545454545,2.272727273
梅月堂集,1435,1493,1464,문집총간,0,3,3,1438,0,94,12,1550,1583,0.774193548,0,0,0.193548387,0.193548387,92.77419355,6.064516129
楸溪先生遺集,1431,1503,1467,역대문집DB,37,5,3,4,1,2,1,53,,1.886792453,69.81132075,1.886792453,5.660377358,9.433962264,7.547169811,3.773584906
靑坡集,1438,1498,1468,문집총간,1,0,13,101,0,7,2,124,,1.612903226,0.806451613,0,10.48387097,0,81.4516129,5.64516129
㵢谿集,1445,1494,1469,문집총간,0,0,0,380,0,35,0,415,1530,0,0,0,0,0,91.56626506,8.43373494
顔樂堂集,1448,1492,1470,문집총간,16,0,10,132,1,7,6,172,1516,3.488372093,9.302325581,0.581395349,5.813953488,0,76.74418605,4.069767442
虛白亭集,1438,1504,1471,문집총간,9,5,47,799,23,61,39,983,1843,3.967446592,0.915564598,2.339776195,4.78128179,0.508646999,81.28179044,6.205493388
大峯集,1439,1504,1471,문집총간,7,5,5,64,5,3,5,94,1787,5.319148936,7.446808511,5.319148936,5.319148936,5.319148936,68.08510638,3.191489362
虛白堂集,1439,1504,1471,문집총간,8,4,42,1008,17,64,4,1147,1841,0.348735833,0.697471665,1.482127289,3.661726242,0.348735833,87.88142982,5.579773322
大峰集,1439,1503,1471,역대문집DB,7,6,4,63,2,1,1,84,,1.19047619,8.333333333,2.380952381,4.761904762,7.142857143,75,1.19047619
風月亭集,1454,1488,1471,문집총간,0,0,6,338,0,2,1,347,1727,0.288184438,0,0,1.729106628,0,97.40634006,0.576368876
顔樂堂集,1445,1502,1473,역대문집DB,1,5,5,134,0,2,0,147,,0,0.680272109,0,3.401360544,3.401360544,91.15646259,1.360544218
藍溪集,1449,1498,1473,문집총간,2,1,6,10,8,17,2,46,1914,4.347826087,4.347826087,17.39130435,13.04347826,2.173913043,21.73913043,36.95652174
秋江集,1454,1492,1473,문집총간,1,3,5,304,12,17,4,346,1577,1.156069364,0.289017341,3.468208092,1.445086705,0.867052023,87.86127168,4.913294798
四雨亭集,1458,1488,1473,문집총간,0,0,4,421,0,0,0,425,1500,0,0,0,0.941176471,0,99.05882353,0
虛白先生續集,1444,1504,1474,역대문집DB,6,0,43,858,19,35,36,997,,3.610832497,0.601805416,1.905717151,4.312938816,0,86.05817452,3.510531595
山堂集,1458,1491,1474,문집총간,5,3,5,8,11,26,7,65,1685,10.76923077,7.692307692,16.92307692,7.692307692,4.615384615,12.30769231,40
一蠹集,1450,1504,1477,문집총간,11,7,6,9,22,23,7,85,1635,8.235294118,12.94117647,25.88235294,7.058823529,8.235294118,10.58823529,27.05882353
蓮軒雜稿,1449,1507,1478,문집총간,0,0,4,357,0,5,1,367,1696,0.272479564,0,0,1.089918256,0,97.27520436,1.36239782
梅溪集,1454,1503,1478,문집총간,0,1,15,280,3,12,9,320,1883,2.8125,0,0.9375,4.6875,0.3125,87.5,3.75
訥齋遺稿,1464,1493,1478,역대문집DB,10,14,1,296,1,0,2,324,,0.617283951,3.086419753,0.308641975,0.308641975,4.320987654,91.35802469,0
錦南集,1454,1504,1479,문집총간,2,0,3,0,0,126,1,132,1571,0.757575758,1.515151515,0,2.272727273,0,0,95.45454545
篠叢遺稿,1431,1529,1480,역대문집DB,0,1,3,65,0,2,0,71,,0,0,0,4.225352113,1.408450704,91.54929577,2.816901408
桃源先生文集,1443,1518,1480,역대문집DB,0,0,1,80,0,0,0,81,,0,0,0,1.234567901,0,98.7654321,0
濯纓集,1464,1498,1481,문집총간,21,1,18,30,15,29,7,121,1512,5.785123967,17.3553719,12.39669421,14.87603306,0.826446281,24.79338843,23.96694215
懶齋集,1449,1515,1482,문집총간,5,0,2,106,2,10,5,130,1568,3.846153846,3.846153846,1.538461538,1.538461538,0,81.53846154,7.692307692
仙石遺稿,1454,1511,1482,역대문집DB,4,0,1,360,2,0,0,367,,0,1.089918256,0.544959128,0.272479564,0,98.09264305,0
睡軒集,1467,1498,1482,문집총간,2,0,4,51,22,138,2,219,1509,0.913242009,0.913242009,10.0456621,1.826484018,0,23.28767123,63.01369863
忘軒先生文集,1464,1504,1484,역대문집DB,11,0,1,258,0,2,0,272,,0,4.044117647,0,0.367647059,0,94.85294118,0.735294118
李評事集,1471,1498,1484,문집총간,3,0,3,40,2,8,0,56,1631,0,5.357142857,3.571428571,5.357142857,0,71.42857143,14.28571429
虛庵遺集,1469,1502,1485,문집총간,1,0,4,279,0,6,5,295,1897,1.694915254,0.338983051,0,1.355932203,0,94.57627119,2.033898305
忘軒遺稿,1468,1504,1486,문집총간,0,0,2,79,0,4,0,85,1571,0,0,0,2.352941176,0,92.94117647,4.705882353
滄溪集,1457,1521,1489,문집총간,0,0,5,439,0,0,3,447,1906,0.67114094,0,0,1.118568233,0,98.21029083,0
遯齋先生文集,1450,1530,1490,역대문집DB,2,7,9,23,8,2,6,57,,10.52631579,3.50877193,14.03508772,15.78947368,12.28070175,40.35087719,3.50877193
篠䕺遺稿,1452,1529,1490,문집총간,0,1,4,45,12,3,5,70,1810,7.142857143,0,17.14285714,5.714285714,1.428571429,64.28571429,4.285714286
月軒集,1454,1527,1490,문집총간,7,1,5,508,9,8,1,539,1702,0.185528757,1.298701299,1.669758813,0.927643785,0.185528757,94.24860853,1.484230056
玉溪先生文集,1458,1522,1490,역대문집DB,4,0,7,127,0,0,0,138,,0,2.898550725,0,5.072463768,0,92.02898551,0
寓菴稿,1473,1508,1490,문집총간,0,0,1,255,1,0,0,257,,0,0,0.389105058,0.389105058,0,99.22178988,0
二樂亭集,1463,1519,1491,문집총간,8,0,20,177,3,8,45,261,1543,17.24137931,3.0651341,1.149425287,7.662835249,0,67.81609195,3.0651341
木溪逸稿,1464,1519,1491,문집총간,0,1,9,21,0,5,12,48,1910,25,0,0,18.75,2.083333333,43.75,10.41666667
挹翠軒遺稿,1479,1504,1491,문집총간,0,0,4,148,1,1,6,160,1514,3.75,0,0.625,2.5,0,92.5,0.625
?翠軒遺稿,1479,1504,1491,역대문집DB,0,0,1,148,1,1,4,155,,2.580645161,0,0.64516129,0.64516129,0,95.48387097,0.64516129
松齋集,1469,1517,1493,문집총간,2,0,5,265,0,11,4,287,1584,1.393728223,0.696864111,0,1.742160279,0,92.33449477,3.832752613
松齋先生文集續集,1469,1517,1493,역대문집DB,18,1,1,272,0,3,1,296,,0.337837838,6.081081081,0,0.337837838,0.337837838,91.89189189,1.013513514
愚齋先生文集,1463,1529,1496,역대문집DB,78,1,0,1,0,6,0,86,,0,90.69767442,0,0,1.162790698,1.162790698,6.976744186
鄭文翼公遺稿,1462,1538,1500,문집총간,0,0,1,12,0,1,4,18,1702,22.22222222,0,0,5.555555556,0,66.66666667,5.555555556
靜菴集,1482,1519,1500,문집총간,134,2,7,38,24,23,9,237,1681,3.797468354,56.54008439,10.12658228,2.953586498,0.843881857,16.03375527,9.70464135
靜菴先生文集,1482,1519,1500,역대문집DB,125,2,4,31,27,17,6,212,,2.830188679,58.96226415,12.73584906,1.886792453,0.943396226,14.62264151,8.018867925
訥齋集,1474,1530,1502,문집총간,9,0,7,620,10,9,6,661,1796,0.907715582,1.361573374,1.512859304,1.059001513,0,93.79727685,1.361573374
訥齋先生別集,1474,1530,1502,역대문집DB,0,0,6,664,1,2,0,673,,0,0,0.14858841,0.891530461,0,98.66270431,0.29717682
困菴先生文集,1476,1528,1502,역대문집DB,0,1,3,172,0,27,0,203,,0,0,0,1.477832512,0.492610837,84.72906404,13.30049261
十淸集,1473,1533,1503,문집총간,1,0,7,291,3,10,6,318,1748,1.886792453,0.314465409,0.943396226,2.201257862,0,91.50943396,3.144654088
雙槐軒遺集,1483,1524,1503,역대문집DB,0,0,5,79,0,1,0,85,,0,0,0,5.882352941,0,92.94117647,1.176470588
冲庵集,1486,1521,1503,문집총간,8,8,10,403,27,12,9,477,1549,1.886792453,1.677148847,5.660377358,2.096436059,1.677148847,84.48637317,2.51572327
松齋集,1486,1521,1503,문집총간,22,4,4,18,5,15,5,73,1889,6.849315068,30.1369863,6.849315068,5.479452055,5.479452055,24.65753425,20.54794521
松堂集,1471,1540,1505,문집총간,0,5,10,27,8,14,4,68,1905,5.882352941,0,11.76470588,14.70588235,7.352941176,39.70588235,20.58823529
容齋集,1478,1534,1506,문집총간,7,0,18,1260,11,17,28,1341,1586,2.087994034,0.521998509,0.820283371,1.342281879,0,93.95973154,1.267710664
陰崖集,1480,1533,1506,문집총간,8,4,5,118,3,15,5,158,1754,3.164556962,5.063291139,1.898734177,3.164556962,2.53164557,74.6835443,9.493670886
德陽遺稿,1492,1521,1506,문집총간,5,4,5,326,1,7,4,352,1606,1.136363636,1.420454545,0.284090909,1.420454545,1.136363636,92.61363636,1.988636364
服齋先生文集,1492,1521,1506,역대문집DB,0,1,2,317,0,61,0,381,,0,0,0,0.524934383,0.262467192,83.20209974,16.01049869
憂亭集,1474,1540,1507,문집총간,4,0,3,516,23,1,7,554,1860,1.263537906,0.722021661,4.151624549,0.541516245,0,93.14079422,0.180505415
希樂堂稿,1481,1537,1509,문집총간,9,0,12,306,9,51,26,413,,6.295399516,2.179176755,2.179176755,2.905569007,0,74.09200969,12.34866828
月淵集,1483,1536,1509,문집총간,0,0,7,17,2,9,6,41,1873,14.63414634,0,4.87804878,17.07317073,0,41.46341463,21.95121951
灌圃詩集,1470,1550,1510,문집총간,0,0,2,213,0,2,0,217,1617,0,0,0,0.921658986,0,98.15668203,0.921658986
安分堂詩集,1473,1548,1510,문집총간,0,0,0,104,0,0,0,104,,0,0,0,0,0,100,0
慕齋集,1478,1543,1510,문집총간,84,2,17,1282,14,28,58,1485,1574,3.905723906,5.656565657,0.942760943,1.144781145,0.134680135,86.32996633,1.885521886
自菴先生文集,1488,1533,1510,역대문집DB,4,5,1,67,0,1,1,79,,1.265822785,5.063291139,0,1.265822785,6.329113924,84.81012658,1.265822785
聾巖集,1467,1555,1511,문집총간,3,17,9,182,20,7,6,244,1665,2.459016393,1.229508197,8.196721311,3.68852459,6.967213115,74.59016393,2.868852459
聾巖先生文集,1467,1555,1511,역대문집DB,14,10,4,160,0,2,1,191,,0.523560209,7.329842932,0,2.094240838,5.235602094,83.76963351,1.047120419
自菴集,1488,1534,1511,문집총간,4,5,3,68,1,5,3,89,1659,3.370786517,4.494382022,1.123595506,3.370786517,5.617977528,76.40449438,5.617977528
默齋集,1476,1549,1512,문집총간,5,0,5,362,3,5,15,395,1561,3.797468354,1.265822785,0.759493671,1.265822785,0,91.64556962,1.265822785
?齋先生文集,1476,1549,1512,역대문집DB,4,0,1,408,0,1,0,414,,0,0.966183575,0,0.241545894,0,98.55072464,0.241545894
學圃集,1480,1545,1512,문집총간,10,1,6,20,5,13,12,67,1840,17.91044776,14.92537313,7.462686567,8.955223881,1.492537313,29.85074627,19.40298507
江?遺稿,1484,1540,1512,역대문집DB,10,14,1,296,1,0,2,324,,0.617283951,3.086419753,0.308641975,0.308641975,4.320987654,91.35802469,0
冲齋集,1478,1548,1513,문집총간,7,6,4,36,9,20,7,89,1671,7.865168539,7.865168539,10.11235955,4.494382022,6.741573034,40.4494382,22.47191011
思齋集,1485,1541,1513,문집총간,9,4,8,380,3,18,6,428,1591,1.401869159,2.102803738,0.700934579,1.869158879,0.934579439,88.78504673,4.205607477
漁村集,1487,1540,1513,문집총간,16,0,11,551,10,12,8,608,1572,1.315789474,2.631578947,1.644736842,1.809210526,0,90.625,1.973684211
拙齋先生文集,1480,1548,1514,역대문집DB,6,0,3,199,1,3,7,219,,3.196347032,2.739726027,0.456621005,1.369863014,0,90.86757991,1.369863014
雲巖逸稿,1487,1544,1515,문집총간,3,0,2,11,3,2,5,26,1783,19.23076923,11.53846154,11.53846154,7.692307692,0,42.30769231,7.692307692
獨庵遺稿,1495,1535,1515,문집총간,0,0,4,205,1,1,3,214,1760,1.401869159,0,0.46728972,1.869158879,0,95.79439252,0.46728972
南村遺稿,1476,1558,1517,역대문집DB,0,0,4,135,0,2,0,141,,0,0,0,2.836879433,0,95.74468085,1.418439716
圭菴先生文集,1487,1547,1517,역대문집DB,2,4,1,81,0,5,4,97,,4.12371134,2.06185567,0,1.030927835,4.12371134,83.50515464,5.154639175
花潭集,1489,1546,1517,문집총간,3,4,8,114,5,20,3,157,1605,1.910828025,1.910828025,3.184713376,5.095541401,2.547770701,72.61146497,12.7388535
檜山集,1497,1540,1518,문집총간,4,0,5,21,1,8,3,42,1765,7.142857143,9.523809524,2.380952381,11.9047619,0,50,19.04761905
逍遙堂先生逸稿,1479,1560,1519,역대문집DB,0,4,8,63,3,20,1,99,,1.01010101,0,3.03030303,8.080808081,4.04040404,63.63636364,20.2020202
企齋集,1484,1555,1519,문집총간,23,0,7,1232,15,21,17,1315,1573,1.292775665,1.74904943,1.140684411,0.532319392,0,93.68821293,1.596958175
企齋文集,1484,1555,1519,역대문집DB,21,0,7,1232,12,19,15,1306,,1.148545176,1.607963247,0.918836141,0.535987749,0,94.3338438,1.45482389
?齋先生文集,1495,1545,1520,역대문집DB,2,2,1,138,2,5,2,152,,1.315789474,1.315789474,1.315789474,0.657894737,1.315789474,90.78947368,3.289473684
立巖集,1493,1549,1521,문집총간,28,0,7,448,1,10,2,496,1610,0.403225806,5.64516129,0.201612903,1.411290323,0,90.32258065,2.016129032
潛庵逸稿,1495,1547,1521,문집총간,2,1,3,132,4,5,4,151,1833,2.649006623,1.324503311,2.649006623,1.986754967,0.662251656,87.41721854,3.311258278
潛巖逸稿,1495,1547,1521,역대문집DB,2,2,0,134,4,2,0,144,,0,1.388888889,2.777777778,0,1.388888889,93.05555556,1.388888889
晦齋集,1491,1553,1522,문집총간,33,5,9,251,9,12,14,333,1565,4.204204204,9.90990991,2.702702703,2.702702703,1.501501502,75.37537538,3.603603604
長吟亭遺稿,1498,1546,1522,문집총간,0,0,2,78,0,0,1,81,1528,1.234567901,0,0,2.469135802,0,96.2962963,0
養心堂集,1492,1555,1523,문집총간,0,3,3,77,0,3,0,86,1568,0,0,0,3.488372093,3.488372093,89.53488372,3.488372093
溫溪逸稿,1496,1550,1523,문집총간,0,0,3,87,4,22,8,124,1772,6.451612903,0,3.225806452,2.419354839,0,70.16129032,17.74193548
圭菴集,1499,1547,1523,문집총간,19,3,6,72,8,13,9,130,1907,6.923076923,14.61538462,6.153846154,4.615384615,2.307692308,55.38461538,10
陽谷集,1486,1562,1524,문집총간,4,0,11,973,2,10,32,1032,1571,3.100775194,0.387596899,0.19379845,1.065891473,0,94.28294574,0.968992248
陽谷先生文集,1486,1562,1524,역대문집DB,0,0,13,1351,2,12,34,1412,,2.407932011,0,0.141643059,0.920679887,0,95.67988669,0.849858357
湖陰先生遺集,1494,1555,1524,역대문집DB,0,8,1,171,3,15,0,198,,0,0,1.515151515,0.505050505,4.04040404,86.36363636,7.575757576
武陵雜稿,1495,1554,1524,문집총간,9,33,24,1095,31,28,22,1242,1564,1.771336554,0.724637681,2.495974235,1.93236715,2.657004831,88.16425121,2.254428341
松齋遺稿,1498,1551,1524,문집총간,10,4,6,45,10,10,6,91,1777,6.593406593,10.98901099,10.98901099,6.593406593,4.395604396,49.45054945,10.98901099
十省堂集,1508,1543,1525,문집총간,2,0,0,319,0,6,2,329,1585,0.607902736,0.607902736,0,0,0,96.96048632,1.823708207
倻溪集,1494,1558,1526,문집총간,8,2,3,19,7,30,8,77,1924,10.38961039,10.38961039,9.090909091,3.896103896,2.597402597,24.67532468,38.96103896
無何翁集,1498,1554,1526,문집총간,0,1,1,136,1,3,1,143,1801,0.699300699,0,0.699300699,0.699300699,0.699300699,95.1048951,2.097902098
艮齋集,1503,1549,1526,문집총간,5,0,1,678,12,10,7,713,1928,0.981767181,0.701262272,1.683029453,0.140252454,0,95.0911641,1.402524544
龍巖集,1493,1562,1527,문집총간,0,24,3,57,7,7,6,104,1778,5.769230769,0,6.730769231,2.884615385,23.07692308,54.80769231,6.730769231
龍巖先生文集,1493,1562,1527,역대문집DB,0,12,2,64,7,0,4,89,,4.494382022,0,7.865168539,2.247191011,13.48314607,71.91011236,0
龍門集,1498,1557,1527,문집총간,4,3,2,462,3,4,6,484,1779,1.239669421,0.826446281,0.619834711,0.41322314,0.619834711,95.45454545,0.826446281
泛虛亭集,1493,1564,1528,문집총간,203,14,9,17,2,9,4,258,1942,1.550387597,78.68217054,0.775193798,3.488372093,5.426356589,6.589147287,3.488372093
聽松集,1493,1564,1528,문집총간,0,0,2,27,7,2,5,43,1806,11.62790698,0,16.27906977,4.651162791,0,62.79069767,4.651162791
梅潭先生詩稿,1496,1561,1528,역대문집DB,0,0,0,108,0,0,0,108,,0,0,0,0,0,100,0
漁村集,1490,1568,1529,역대문집DB,7,1,3,636,0,5,0,652,,0,1.073619632,0,0.460122699,0.153374233,97.54601227,0.766871166
錦湖遺稿,1514,1545,1529,역대문집DB,1,0,2,124,0,0,0,127,,0,0.787401575,0,1.57480315,0,97.63779528,0
湖陰雜稿,1491,1570,1530,문집총간,311,1,8,1160,3,3,36,1522,1577,2.365308804,20.43363995,0.197109067,0.525624179,0.065703022,76.21550591,0.197109067
崇德齋遺稿,1498,1562,1530,문집총간,2,50,1,117,3,1,2,176,1914,1.136363636,1.136363636,1.704545455,0.568181818,28.40909091,66.47727273,0.568181818
崇德齋先生遺稿,1498,1562,1530,역대문집DB,1,30,0,97,1,0,0,129,,0,0.775193798,0.775193798,0,23.25581395,75.19379845,0
錦湖遺稿,1514,1547,1530,문집총간,1,0,4,142,0,4,1,152,1677,0.657894737,0.657894737,0,2.631578947,0,93.42105263,2.631578947
石川詩集,1496,1568,1532,문집총간,0,0,0,660,0,1,0,661,1572,0,0,0,0,0,99.84871407,0.15128593
東洲先生逸稿,1506,1559,1532,역대문집DB,0,0,1,62,3,2,2,70,,2.857142857,0,4.285714286,1.428571429,0,88.57142857,2.857142857
耻齋遺稿,1515,1554,1534,문집총간,2,20,1,11,0,29,2,65,1639,3.076923077,3.076923077,0,1.538461538,30.76923077,16.92307692,44.61538462
舟川遺稿,1520,1549,1534,문집총간,4,1,2,18,3,4,2,34,1607,5.882352941,11.76470588,8.823529412,5.882352941,2.941176471,52.94117647,11.76470588
東皐遺稿,1499,1572,1535,문집총간,97,30,3,48,6,12,12,208,1586,5.769230769,46.63461538,2.884615385,1.442307692,14.42307692,23.07692308,5.769230769
退溪集,1501,1570,1535,문집총간,90,1047,39,1059,55,1926,130,4346,1843,2.991256328,2.070869765,1.265531523,0.897376898,24.09111827,24.36723424,44.31661298
退溪先生全書遺集外篇,1501,1570,1535,역대문집DB,54,2042,87,1542,0,56,53,3834,,1.382368284,1.408450704,0,2.269170579,53.26030256,40.21909233,1.460615545
河西全集,1510,1560,1535,문집총간,7,6,9,1143,14,43,14,1236,1802,1.132686084,0.566343042,1.132686084,0.72815534,0.485436893,92.47572816,3.478964401
南冥集,1501,1572,1536,문집총간,11,42,4,193,43,14,22,329,1604,6.686930091,3.343465046,13.06990881,1.215805471,12.76595745,58.66261398,4.255319149
游軒集,1512,1560,1536,문집총간,6,0,6,201,4,15,20,252,1801,7.936507937,2.380952381,1.587301587,2.380952381,0,79.76190476,5.952380952
松坡逸稿,1514,1558,1536,문집총간,1,0,1,72,0,9,2,85,1809,2.352941176,1.176470588,0,1.176470588,0,84.70588235,10.58823529
俛仰集,1493,1582,1537,문집총간,6,21,7,418,7,62,14,535,1829,2.61682243,1.121495327,1.308411215,1.308411215,3.925233645,78.13084112,11.58878505
一齋集,1499,1576,1537,문집총간,0,17,3,46,15,7,4,92,1673,4.347826087,0,16.30434783,3.260869565,18.47826087,50,7.608695652
寓庵遺集,1512,1563,1537,문집총간,5,0,3,50,0,6,3,67,1789,4.47761194,7.462686567,0,4.47761194,0,74.62686567,8.955223881
毅齋遺稿,1516,1558,1537,역대문집DB,1,0,1,243,0,0,0,245,,0,0.408163265,0,0.408163265,0,99.18367347,0
大谷集,1497,1579,1538,문집총간,4,0,1,198,4,4,5,216,1603,2.314814815,1.851851852,1.851851852,0.462962963,0,91.66666667,1.851851852
大谷先生文集,1497,1579,1538,역대문집DB,0,0,1,206,4,4,4,219,,1.826484018,0,1.826484018,0.456621005,0,94.06392694,1.826484018
東皐遺稿,1499,1578,1538,역대문집DB,103,19,1,48,6,0,7,184,,3.804347826,55.97826087,3.260869565,0.543478261,10.32608696,26.08695652,0
寓庵遺集,1512,1565,1538,역대문집DB,5,0,3,66,0,6,2,82,,2.43902439,6.097560976,0,3.658536585,0,80.48780488,7.317073171
碧梧先生文集,1498,1581,1539,역대문집DB,0,3,0,82,3,0,0,88,,0,0,3.409090909,0,3.409090909,93.18181818,0
久庵集,1509,1570,1539,문집총간,13,5,4,39,14,10,9,94,1791,9.574468085,13.82978723,14.89361702,4.255319149,5.319148936,41.4893617,10.63829787
岐峯集,1522,1556,1539,문집총간,0,0,6,182,0,2,1,191,1899,0.523560209,0,0,3.141361257,0,95.28795812,1.047120419
錦溪集,1517,1563,1540,문집총간,7,28,8,783,9,25,1,861,1755,0.116144019,0.81300813,1.045296167,0.929152149,3.25203252,90.94076655,2.903600465
龜巖集,1512,1571,1541,문집총간,9,6,12,279,11,43,8,368,1902,2.173913043,2.445652174,2.989130435,3.260869565,1.630434783,75.81521739,11.68478261
葛川集,1500,1584,1542,문집총간,8,1,5,45,3,10,9,81,1665,11.11111111,9.87654321,3.703703704,6.172839506,1.234567901,55.55555556,12.34567901
負暄堂遺稿,1512,1573,1542,문집총간,0,0,4,55,1,7,3,70,1883,4.285714286,0,1.428571429,5.714285714,0,78.57142857,10
潛溪李先生遺稿,1516,1568,1542,역대문집DB,2,0,2,45,0,1,0,50,,0,4,0,4,0,90,2
賀淵先生文集,1504,1582,1543,역대문집DB,2,5,2,204,2,0,0,215,,0,0.930232558,0.930232558,0.930232558,2.325581395,94.88372093,0
竹軒先生文集,1504,1582,1543,역대문집DB,2,0,1,220,0,0,0,223,,0,0.896860987,0,0.448430493,0,98.65470852,0
汲古遺稿,1515,1572,1543,문집총간,3,0,1,239,0,4,2,249,1617,0.803212851,1.204819277,0,0.401606426,0,95.98393574,1.606425703
龜村集,1516,1571,1543,문집총간,2,0,3,151,0,11,3,170,1653,1.764705882,1.176470588,0,1.764705882,0,88.82352941,6.470588235
忍齋集,1504,1585,1544,문집총간,23,0,11,363,3,8,42,450,1712,9.333333333,5.111111111,0.666666667,2.444444444,0,80.66666667,1.777777778
秋坡集,1507,1581,1544,문집총간,7,1,0,35,0,4,13,60,1753,21.66666667,11.66666667,0,0,1.666666667,58.33333333,6.666666667
駱村先生遺稿,1507,1581,1544,역대문집DB,0,0,4,192,1,1,2,200,,1,0,0.5,2,0,96,0.5
瞻慕堂集,1517,1572,1544,문집총간,3,0,0,113,0,9,0,125,1669,0,2.4,0,0,0,90.4,7.2
秋坡先生集,1507,1583,1545,역대문집DB,7,0,0,26,0,10,9,52,,17.30769231,13.46153846,0,0,0,50,19.23076923
眉巖集,1513,1577,1545,문집총간,17,17,9,239,78,48,4,412,1897,0.970873786,4.126213592,18.93203883,2.184466019,4.126213592,58.00970874,11.65048544
介庵集,1523,1567,1545,문집총간,1,6,2,22,2,13,15,61,1846,24.59016393,1.639344262,3.278688525,3.278688525,9.836065574,36.06557377,21.31147541
菊磵集,1514,1578,1546,문집총간,0,0,1,261,0,13,0,275,1591,0,0,0,0.363636364,0,94.90909091,4.727272727
後彫堂集,1516,1577,1546,문집총간,5,33,2,185,10,13,5,253,1822,1.976284585,1.976284585,3.95256917,0.790513834,13.04347826,73.12252964,5.138339921
悔堂集,1516,1576,1546,역대문집DB,0,2,0,49,4,0,0,55,,0,0,7.272727273,0,3.636363636,89.09090909,0
芝山集,1524,1569,1546,문집총간,0,2,2,113,3,4,3,127,1826,2.362204724,0,2.362204724,1.57480315,1.57480315,88.97637795,3.149606299
土亭遺稿,1517,1578,1547,문집총간,2,0,4,2,0,16,1,25,1720,4,8,0,16,0,8,64
德溪集,1521,1574,1547,문집총간,74,11,4,126,55,5,5,280,1829,1.785714286,26.42857143,19.64285714,1.428571429,3.928571429,45,1.785714286
孝廉齋遺集,1500,1597,1548,역대문집DB,0,0,4,28,0,17,1,50,,2,0,0,8,0,56,34
東湖先生文集,1516,1580,1548,역대문집DB,0,0,0,136,1,0,0,137,,0,0,0.729927007,0,0,99.27007299,0
草堂集,1517,1580,1548,문집총간,0,0,5,12,5,19,3,44,,6.818181818,0,11.36363636,11.36363636,0,27.27272727,43.18181818
玉溪集,1518,1578,1548,문집총간,30,9,3,252,105,44,17,460,1632,3.695652174,6.52173913,22.82608696,0.652173913,1.956521739,54.7826087,9.565217391
靑蓮集,1520,1578,1549,문집총간,1,0,1,78,0,0,1,81,,1.234567901,1.234567901,0,1.234567901,0,96.2962963,0
高峯集,1527,1572,1549,문집총간,31,16,11,491,10,72,20,651,1629,3.072196621,4.761904762,1.53609831,1.689708141,2.457757296,75.42242704,11.05990783
嘯皐先生文集,1516,1585,1550,역대문집DB,12,28,6,254,16,144,14,474,,2.953586498,2.53164557,3.375527426,1.265822785,5.907172996,53.58649789,30.37974684
蓬萊詩集,1517,1584,1550,문집총간,0,0,0,256,0,23,0,279,1626,0,0,0,0,0,91.7562724,8.243727599
頤庵遺稿,1517,1584,1550,문집총간,0,0,5,254,2,44,48,353,1634,13.59773371,0,0.566572238,1.416430595,0,71.95467422,12.46458924
松川遺集,1519,1581,1550,문집총간,2,4,5,195,0,24,0,230,1842,0,0.869565217,0,2.173913043,1.739130435,84.7826087,10.43478261
松溪先生逸集,1510,1592,1551,역대문집DB,0,3,2,55,0,0,0,60,,0,0,0,3.333333333,5,91.66666667,0
林塘遺稿,1515,1588,1551,문집총간,4,0,3,0,0,423,2,432,1638,0.462962963,0.925925926,0,0.694444444,0,0,97.91666667
嘯皐集,1517,1586,1551,문집총간,19,19,7,221,16,168,14,464,1600,3.017241379,4.094827586,3.448275862,1.50862069,4.094827586,47.62931034,36.20689655
守庵遺稿,1513,1592,1552,문집총간,0,5,1,90,0,8,1,105,1684,0.952380952,0,0,0.952380952,4.761904762,85.71428571,7.619047619
穌齋集,1515,1590,1552,문집총간,58,0,11,1209,7,105,27,1417,1665,1.905434016,4.093154552,0.494001411,0.776287932,0,85.32110092,7.410021171
梅軒集,1521,1584,1552,문집총간,0,7,6,41,3,8,7,72,,9.722222222,0,4.166666667,8.333333333,9.722222222,56.94444444,11.11111111
蘇齋先生文集,1517,1590,1553,역대문집DB,57,29,11,1266,6,15,26,1410,,1.843971631,4.042553191,0.425531915,0.780141844,2.056737589,89.78723404,1.063829787
璞齋先生文集,1527,1580,1553,역대문집DB,0,3,5,368,7,0,3,386,,0.777202073,0,1.813471503,1.295336788,0.777202073,95.33678756,0
文峯集,1533,1576,1554,문집총간,0,2,1,231,3,10,4,251,1799,1.593625498,0,1.195219124,0.398406375,0.796812749,92.03187251,3.984063745
梅巖先生文集,1519,1592,1555,역대문집DB,0,4,0,55,1,2,2,64,,3.125,0,1.5625,0,6.25,85.9375,3.125
玉洞集,1526,1584,1555,문집총간,1,0,2,45,0,23,6,77,1873,7.792207792,1.298701299,0,2.597402597,0,58.44155844,29.87012987
習齋集,1520,1593,1556,문집총간,0,0,3,317,0,0,0,320,1653,0,0,0,0.9375,0,99.0625,0
逸軒遺稿,1520,1592,1556,역대문집DB,0,0,1,234,0,3,0,238,,0,0,0,0.420168067,0,98.31932773,1.260504202
思菴集,1523,1589,1556,문집총간,4,6,10,452,1,62,5,540,1857,0.925925926,0.740740741,0.185185185,1.851851852,1.111111111,83.7037037,11.48148148
栢潭集,1526,1586,1556,문집총간,18,135,2,1045,57,9,10,1276,1670,0.78369906,1.410658307,4.467084639,0.156739812,10.5799373,81.89655172,0.705329154
聽天堂詩集,1516,1599,1557,문집총간,0,0,0,189,0,0,0,189,,0,0,0,0,0,100,0
東園集,1520,1594,1557,문집총간,26,3,2,70,5,6,12,124,1935,9.677419355,20.96774194,4.032258065,1.612903226,2.419354839,56.4516129,4.838709677
孤靑遺稿,1523,1591,1557,문집총간,0,0,1,10,0,11,0,22,1750,0,0,0,4.545454545,0,45.45454545,50
開巖集,1524,1590,1557,문집총간,10,3,3,25,5,5,3,54,1772,5.555555556,18.51851852,9.259259259,5.555555556,5.555555556,46.2962963,9.259259259
開巖先生文集,1524,1590,1557,역대문집DB,9,4,1,42,2,0,1,59,,1.694915254,15.25423729,3.389830508,1.694915254,6.779661017,71.18644068,0
松澗先生文集,1518,1598,1558,역대문집DB,3,0,0,377,11,0,2,393,,0.508905852,0.763358779,2.798982188,0,0,95.92875318,0
白麓遺稿,1532,1585,1558,문집총간,1,0,3,219,0,12,0,235,1660,0,0.425531915,0,1.276595745,0,93.19148936,5.106382979
松塘集,1524,1594,1559,문집총간,0,0,1,678,0,0,1,680,1642,0.147058824,0,0,0.147058824,0,99.70588235,0
懷齋遺集,1526,1593,1559,역대문집DB,1,0,4,260,0,1,0,266,,0,0.37593985,0,1.503759398,0,97.7443609,0.37593985
鷺渚遺事,1526,1592,1559,역대문집DB,1,2,0,127,0,6,2,138,,1.449275362,0.724637681,0,0,1.449275362,92.02898551,4.347826087
愚得錄,1529,1590,1559,문집총간,93,0,3,11,0,161,2,270,1692,0.740740741,34.44444444,0,1.111111111,0,4.074074074,59.62962963
困齋先生愚得錄,1529,1590,1559,역대문집DB,7,9,7,14,2,149,0,188,,0,3.723404255,1.063829787,3.723404255,4.787234043,7.446808511,79.25531915
松巖集,1532,1587,1559,문집총간,4,12,11,1347,31,31,13,1449,1680,0.897170462,0.27605245,2.139406487,0.759144237,0.82815735,92.96066253,2.139406487
淸江集,1536,1583,1559,문집총간,5,4,8,43,8,17,37,122,1610,30.32786885,4.098360656,6.557377049,6.557377049,3.278688525,35.24590164,13.93442623
玉峯集,1537,1582,1559,문집총간,0,28,5,440,0,25,0,498,1608,0,0,0,1.004016064,5.62248996,88.35341365,5.020080321
玉峰詩集,1537,1582,1559,역대문집DB,0,0,4,446,0,0,0,450,,0,0,0,0.888888889,0,99.11111111,0
栗谷全書,1536,1584,1560,문집총간,130,138,21,429,28,244,44,1034,1814,4.255319149,12.57253385,2.707930368,2.030947776,13.34622824,41.4893617,23.59767892
淸江先生續集,1536,1584,1560,역대문집DB,6,9,10,238,13,19,35,330,,10.60606061,1.818181818,3.939393939,3.03030303,2.727272727,72.12121212,5.757575758
栗谷先生全書,1536,1584,1560,역대문집DB,145,86,20,472,28,22,44,817,,5.385556916,17.74785802,3.427172583,2.447980416,10.52631579,57.77233782,2.692778458
棲霞堂遺稿,1525,1597,1561,역대문집DB,0,1,1,196,0,1,0,199,,0,0,0,0.502512563,0.502512563,98.49246231,0.502512563
竹川集,1526,1597,1561,문집총간,2,6,8,29,2,37,1,85,1929,1.176470588,2.352941176,2.352941176,9.411764706,7.058823529,34.11764706,43.52941176
日休勉進兩先生聯稿,1526,1596,1561,역대문집DB,0,39,2,143,14,0,2,200,,1,0,7,1,19.5,71.5,0
省菴集,1532,1590,1561,역대문집DB,7,1,2,201,4,3,4,222,,1.801801802,3.153153153,1.801801802,0.900900901,0.45045045,90.54054054,1.351351351
臨淵齋集,1534,1588,1561,문집총간,16,21,1,365,14,9,7,433,1855,1.616628176,3.695150115,3.233256351,0.230946882,4.849884527,84.29561201,2.07852194
孤竹遺稿,1539,1583,1561,문집총간,0,0,4,197,1,2,0,204,1683,0,0,0.490196078,1.960784314,0,96.56862745,0.980392157
桃灘先生集,1529,1596,1562,역대문집DB,5,20,1,28,4,2,0,60,,0,8.333333333,6.666666667,1.666666667,33.33333333,46.66666667,3.333333333
孤潭逸稿,1533,1592,1562,문집총간,11,3,6,257,2,7,6,292,1891,2.054794521,3.767123288,0.684931507,2.054794521,1.02739726,88.01369863,2.397260274
霽峯集,1533,1592,1562,문집총간,0,0,1,42,0,773,0,816,1617,0,0,0,0.12254902,0,5.147058824,94.73039216
霽峰續集,1533,1592,1562,역대문집DB,3,0,1,991,0,0,0,995,,0,0.301507538,0,0.100502513,0,99.59798995,0
草澗集,1534,1591,1562,문집총간,25,0,5,224,2,7,2,265,1812,0.754716981,9.433962264,0.754716981,1.886792453,0,84.52830189,2.641509434
蒙齋文集,1541,1584,1562,역대문집DB,1,11,0,55,0,1,0,68,,0,1.470588235,0,0,16.17647059,80.88235294,1.470588235
春塘集,1521,1606,1563,문집총간,0,1,7,366,4,1,3,382,1898,0.785340314,0,1.047120419,1.832460733,0.261780105,95.81151832,0.261780105
芝嶺先生文集,1525,1602,1563,역대문집DB,0,2,2,135,0,5,1,145,,0.689655172,0,0,1.379310345,1.379310345,93.10344828,3.448275862
鰲峯集,1527,1599,1563,문집총간,5,0,2,254,3,2,5,271,1695,1.84501845,1.84501845,1.10701107,0.73800738,0,93.72693727,0.73800738
三省齋逸稿,1548,1578,1563,역대문집DB,2,3,2,99,1,6,0,113,,0,1.769911504,0.884955752,1.769911504,2.654867257,87.61061947,5.309734513
春塘先生文集,1521,1607,1564,역대문집DB,0,0,7,405,3,1,0,416,,0,0,0.721153846,1.682692308,0,97.35576923,0.240384615
大海先生文集,1524,1605,1564,역대문집DB,1,2,1,59,1,0,0,64,,0,1.5625,1.5625,1.5625,3.125,92.1875,0
立齋先生文集,1527,1602,1564,역대문집DB,0,2,1,62,2,0,0,67,,0,0,2.985074627,1.492537313,2.985074627,92.53731343,0
雪月堂集,1531,1598,1564,문집총간,0,35,1,300,11,19,0,366,1939,0,0,3.005464481,0.273224044,9.56284153,81.96721311,5.191256831
松江集,1536,1593,1564,문집총간,19,38,7,431,10,47,3,555,1674,0.540540541,3.423423423,1.801801802,1.261261261,6.846846847,77.65765766,8.468468468
覺齋集,1538,1590,1564,문집총간,0,3,3,128,2,33,1,170,1813,0.588235294,0,1.176470588,1.764705882,1.764705882,75.29411765,19.41176471
萬竹軒集,1542,1587,1564,문집총간,2,0,2,84,1,0,4,93,1790,4.301075269,2.150537634,1.075268817,2.150537634,0,90.32258065,0
月川集,1524,1606,1565,문집총간,6,21,5,129,23,9,6,199,1666,3.015075377,3.015075377,11.55778894,2.512562814,10.55276382,64.8241206,4.522613065
藥圃集,1526,1605,1565,문집총간,53,96,10,168,17,12,14,370,1818,3.783783784,14.32432432,4.594594595,2.702702703,25.94594595,45.40540541,3.243243243
拙翁集,1536,1594,1565,문집총간,15,3,17,650,0,22,19,726,1631,2.61707989,2.066115702,0,2.341597796,0.41322314,89.53168044,3.03030303
健齋集,1537,1593,1565,문집총간,7,14,5,4,20,18,6,74,1893,8.108108108,9.459459459,27.02702703,6.756756757,18.91891892,5.405405405,24.32432432
鶴峯集,1538,1593,1565,문집총간,35,96,4,452,33,19,13,652,1649,1.993865031,5.36809816,5.061349693,0.613496933,14.72392638,69.32515337,2.914110429
晩軒集,1524,1609,1566,문집총간,5,6,7,160,32,15,13,238,1805,5.462184874,2.100840336,13.44537815,2.941176471,2.521008403,67.22689076,6.302521008
龜峯集,1534,1599,1566,문집총간,4,1,2,394,2,92,3,498,1762,0.602409639,0.803212851,0.401606426,0.401606426,0.200803213,79.11646586,18.47389558
養浩堂遺稿,1534,1599,1566,역대문집DB,82,0,1,4,0,2,0,89,,0,92.13483146,0,1.123595506,0,4.494382022,2.247191011
牛溪集,1535,1598,1566,문집총간,75,147,0,75,8,54,2,361,1682,0.55401662,20.77562327,2.216066482,0,40.72022161,20.77562327,14.95844875
善養亭集,1536,1596,1566,문집총간,5,16,12,177,12,16,4,242,1905,1.652892562,2.066115702,4.958677686,4.958677686,6.611570248,73.14049587,6.611570248
重湖先生文集,1538,1594,1566,역대문집DB,4,3,0,52,0,1,2,62,,3.225806452,6.451612903,0,0,4.838709677,83.87096774,1.612903226
坡谷遺稿,1539,1593,1566,문집총간,2,9,4,223,0,0,1,239,1640,0.418410042,0.836820084,0,1.673640167,3.765690377,93.30543933,0
省菴遺稿,1542,1590,1566,문집총간,7,1,3,196,6,7,4,224,,1.785714286,3.125,2.678571429,1.339285714,0.446428571,87.5,3.125
東湘集,1525,1610,1567,문집총간,0,0,3,397,3,13,2,418,1870,0.4784689,0,0.717703349,0.717703349,0,94.97607656,3.110047847
惺齋集,1530,1604,1567,문집총간,0,23,8,98,4,11,4,148,1909,2.702702703,0,2.702702703,5.405405405,15.54054054,66.21621622,7.432432432
八谷集,1531,1604,1567,문집총간,8,0,5,346,0,76,1,436,1648,0.229357798,1.834862385,0,1.146788991,0,79.35779817,17.43119266
梧陰遺稿,1533,1601,1567,문집총간,9,2,7,202,2,7,4,233,1635,1.716738197,3.862660944,0.858369099,3.004291845,0.858369099,86.69527897,3.004291845
藥圃遺稿,1536,1599,1567,문집총간,3,6,3,100,11,258,3,384,1727,0.78125,0.78125,2.864583333,0.78125,1.5625,26.04166667,67.1875
大笑軒逸稿,1537,1597,1567,문집총간,1,3,4,12,19,11,3,53,1769,5.660377358,1.886792453,35.8490566,7.547169811,5.660377358,22.64150943,20.75471698
松菴遺稿,1541,1593,1567,문집총간,7,6,2,43,8,5,3,74,1885,4.054054054,9.459459459,10.81081081,2.702702703,8.108108108,58.10810811,6.756756757
靑溪集,1543,1592,1567,문집총간,1,2,5,275,5,7,1,296,,0.337837838,0.337837838,1.689189189,1.689189189,0.675675676,92.90540541,2.364864865
香湖集,1532,1605,1568,역대문집DB,1,33,3,32,2,1,0,72,,0,1.388888889,2.777777778,4.166666667,45.83333333,44.44444444,1.388888889
古玉先生詩集,1533,1603,1568,역대문집DB,0,0,0,223,0,0,0,223,,0,0,0,0,0,100,0
艮齋集,1541,1596,1568,문집총간,2,29,5,104,5,51,3,199,1752,1.507537688,1.005025126,2.512562814,2.512562814,14.57286432,52.26130653,25.6281407
重峰集,1544,1592,1568,문집총간,28,34,11,252,23,47,11,406,1748,2.709359606,6.896551724,5.665024631,2.709359606,8.374384236,62.06896552,11.57635468
重峰先生文集,1544,1592,1568,역대문집DB,37,35,11,243,0,10,10,346,,2.89017341,10.69364162,0,3.179190751,10.11560694,70.23121387,2.89017341
林白湖集,1549,1587,1568,문집총간,2,0,3,560,0,23,0,588,1617,0,0.340136054,0,0.510204082,0,95.23809524,3.911564626
白湖集,1549,1587,1568,역대문집DB,9,0,0,636,0,0,0,645,,0,1.395348837,0,0,0,98.60465116,0
芝川集,1532,1607,1569,문집총간,11,3,5,180,13,10,7,229,1632,3.056768559,4.80349345,5.676855895,2.183406114,1.310043668,78.60262009,4.366812227
西溪先生逸稿,1535,1603,1569,역대문집DB,0,6,2,98,0,0,0,106,,0,0,0,1.886792453,5.660377358,92.45283019,0
荷谷集,1551,1588,1569,문집총간,2,12,9,245,5,10,3,286,1707,1.048951049,0.699300699,1.748251748,3.146853147,4.195804196,85.66433566,3.496503497
桑楡集,1534,1607,1570,문집총간,0,0,2,364,0,0,0,366,1618,0,0,0,0.546448087,0,99.45355191,0
栢谷集,1538,1602,1570,문집총간,38,3,7,28,30,11,13,130,1710,10,29.23076923,23.07692308,5.384615385,2.307692308,21.53846154,8.461538462
謙菴集,1539,1601,1570,문집총간,1,100,7,37,3,33,3,184,1742,1.630434783,0.543478261,1.630434783,3.804347826,54.34782609,20.10869565,17.93478261
謙菴先生文集,1539,1601,1570,역대문집DB,1,61,5,39,3,4,2,115,,1.739130435,0.869565217,2.608695652,4.347826087,53.04347826,33.91304348,3.47826087
四留齋集,1541,1600,1570,문집총간,19,12,3,326,9,11,9,389,1736,2.313624679,4.884318766,2.313624679,0.771208226,3.084832905,83.80462725,2.827763496
荷衣遺稿,1549,1591,1570,문집총간,1,0,1,219,2,1,3,227,1692,1.321585903,0.440528634,0.881057269,0.440528634,0,96.47577093,0.440528634
滄洲先生遺稿,1533,1609,1571,역대문집DB,1,1,1,105,0,4,0,112,,0,0.892857143,0,0.892857143,0.892857143,93.75,3.571428571
東岡集,1540,1603,1571,문집총간,104,16,2,56,45,14,12,249,1723,4.819277108,41.76706827,18.07228916,0.803212851,6.425702811,22.48995984,5.62248996
楓崖集,1542,1601,1571,문집총간,0,2,2,92,5,6,3,110,1802,2.727272727,0,4.545454545,1.818181818,1.818181818,83.63636364,5.454545455
松巖集,1544,1598,1571,문집총간,5,9,4,71,11,4,24,128,1852,18.75,3.90625,8.59375,3.125,7.03125,55.46875,3.125
李忠武公全書,1545,1598,1571,문집총간,94,7,5,32,18,168,14,338,1795,4.142011834,27.81065089,5.325443787,1.479289941,2.071005917,9.467455621,49.70414201
勿巖集,1549,1594,1571,문집총간,0,5,5,108,4,35,1,158,1774,0.632911392,0,2.53164557,3.164556962,3.164556962,68.35443038,22.15189873
泉谷集,1551,1592,1571,문집총간,4,0,1,15,14,6,4,44,1835,9.090909091,9.090909091,31.81818182,2.272727273,0,34.09090909,13.63636364
松巢集,1552,1590,1571,문집총간,1,28,7,109,23,5,4,177,1811,2.259887006,0.564971751,12.99435028,3.95480226,15.81920904,61.5819209,2.824858757
栗園先生文集,1533,1612,1572,역대문집DB,0,4,2,86,0,0,0,92,,0,0,0,2.173913043,4.347826087,93.47826087,0
安村集,1544,1602,1573,문집총간,1,5,3,224,4,8,2,247,1884,0.809716599,0.4048583,1.619433198,1.214574899,2.024291498,90.68825911,3.238866397
洛涯先生文集,1553,1594,1573,역대문집DB,1,1,2,107,1,0,0,112,,0,0.892857143,0.892857143,1.785714286,0.892857143,95.53571429,0
蓀谷詩集,1539,1610,1574,문집총간,0,0,1,307,0,0,0,308,1618,0,0,0,0.324675325,0,99.67532468,0
鵝溪遺稿,1539,1609,1574,문집총간,17,0,7,2,1,551,2,580,1595,0.344827586,2.931034483,0.172413793,1.206896552,0,0.344827586,95
活溪先生遺稿,1540,1609,1574,역대문집DB,0,1,2,112,3,0,2,120,,1.666666667,0,2.5,1.666666667,0.833333333,93.33333333,0
西厓集,1542,1607,1574,문집총간,112,221,50,373,59,169,25,1009,1894,2.477700694,11.10009911,5.847373637,4.955401388,21.90287413,36.96729435,16.74925669
近始齋集,1555,1593,1574,문집총간,3,41,4,112,11,3,9,183,1783,4.918032787,1.639344262,6.010928962,2.18579235,22.40437158,61.20218579,1.639344262
簡易集,1539,1612,1575,문집총간,57,0,69,713,12,83,30,964,1631,3.112033195,5.912863071,1.244813278,7.157676349,0,73.9626556,8.609958506
玉山詩稿,1542,1609,1575,문집총간,0,0,3,140,1,2,2,148,1680,1.351351351,0,0.675675676,2.027027027,0,94.59459459,1.351351351
北厓集,1547,1603,1575,문집총간,0,6,3,131,12,2,5,159,,3.144654088,0,7.547169811,1.886792453,3.773584906,82.38993711,1.257861635
淸溪集,1552,1599,1575,역대문집DB,0,0,1,97,0,0,0,98,,0,0,0,1.020408163,0,98.97959184,0
溪隱遺稿,1556,1595,1575,문집총간,11,0,4,117,2,2,2,138,1708,1.449275362,7.971014493,1.449275362,2.898550725,0,84.7826087,1.449275362
愚谷先生文集,1534,1618,1576,역대문집DB,3,14,2,26,3,3,3,54,,5.555555556,5.555555556,5.555555556,3.703703704,25.92592593,48.14814815,5.555555556
月汀集,1537,1616,1576,문집총간,15,24,27,391,21,140,13,631,1647,2.06022187,2.377179081,3.328050713,4.278922345,3.803486529,61.96513471,22.18700475
松崖集,1541,1611,1576,문집총간,7,0,4,0,0,2,17,30,1776,56.66666667,23.33333333,0,13.33333333,0,0,6.666666667
芝軒集,1545,1607,1576,문집총간,1,30,2,39,10,7,3,92,1821,3.260869565,1.086956522,10.86956522,2.173913043,32.60869565,42.39130435,7.608695652
晩翠先生逸稿,1548,1605,1576,역대문집DB,0,0,0,60,4,2,0,66,,0,0,6.060606061,0,0,90.90909091,3.03030303
樂琴軒先生文集,1553,1600,1576,역대문집DB,0,0,2,103,1,0,0,106,,0,0,0.943396226,1.886792453,0,97.16981132,0
海月先生文集,1556,1596,1576,역대문집DB,9,26,7,628,18,5,4,697,,0.573888092,1.291248207,2.582496413,1.004304161,3.730272597,90.10043042,0.717360115
蘭雪軒詩集,1563,1589,1576,문집총간,0,0,4,50,0,1,0,55,1606,0,0,0,7.272727273,0,90.90909091,1.818181818
峒隱稿,1533,1621,1577,문집총간,0,2,3,328,0,0,2,335,1659,0.597014925,0,0,0.895522388,0.597014925,97.91044776,0
晦谷先生文集,1539,1615,1577,역대문집DB,1,10,3,129,22,4,5,174,,2.873563218,0.574712644,12.64367816,1.724137931,5.747126437,74.13793103,2.298850575
茅村先生文集,1541,1613,1577,역대문집DB,0,18,2,37,2,0,0,59,,0,0,3.389830508,3.389830508,30.50847458,62.71186441,0
芝山集,1545,1609,1577,문집총간,13,74,8,220,35,12,10,372,1883,2.688172043,3.494623656,9.408602151,2.150537634,19.89247312,59.13978495,3.225806452
大菴集,1549,1606,1577,문집총간,4,65,1,137,45,2,10,264,1693,3.787878788,1.515151515,17.04545455,0.378787879,24.62121212,51.89393939,0.757575758
悠然堂集,1553,1602,1577,문집총간,3,12,4,32,13,16,3,83,,3.614457831,3.614457831,15.6626506,4.819277108,14.45783133,38.55421687,19.27710843
晦谷集,1539,1617,1578,문집총간,3,15,3,62,24,5,8,120,1833,6.666666667,2.5,20,2.5,12.5,51.66666667,4.166666667
竹牖集,1540,1617,1578,문집총간,7,30,21,179,20,7,13,277,1824,4.693140794,2.527075812,7.220216606,7.581227437,10.83032491,64.62093863,2.527075812
柏巖集,1540,1616,1578,문집총간,38,11,3,241,18,11,1,323,1772,0.309597523,11.76470588,5.572755418,0.92879257,3.405572755,74.6130031,3.405572755
竹?先生文集,1540,1617,1578,역대문집DB,3,22,15,170,7,2,8,227,,3.524229075,1.321585903,3.083700441,6.607929515,9.691629956,74.88986784,0.881057269
栢巖先生文集,1540,1616,1578,역대문집DB,28,18,2,236,11,2,0,297,,0,9.427609428,3.703703704,0.673400673,6.060606061,79.46127946,0.673400673
晩全集,1541,1615,1578,문집총간,22,13,4,154,7,28,5,233,,2.145922747,9.442060086,3.004291845,1.716738197,5.579399142,66.0944206,12.01716738
冥觀遺稿集,1542,1615,1578,문집총간,3,1,2,189,6,1,0,202,1628,0,1.485148515,2.97029703,0.99009901,0.495049505,93.56435644,0.495049505
白谷集?大覺登階集,1543,1614,1578,역대문집DB,0,2,4,181,0,4,3,194,,1.546391753,0,0,2.06185567,1.030927835,93.29896907,2.06185567
望菴先生文集,1546,1611,1578,역대문집DB,7,20,6,25,3,0,1,62,,1.612903226,11.29032258,4.838709677,9.677419355,32.25806452,40.32258065,0
知退堂集,1549,1607,1578,문집총간,7,8,4,191,17,169,7,403,,1.736972705,1.736972705,4.218362283,0.992555831,1.985111663,47.39454094,41.93548387
晩圃集,1550,1607,1578,역대문집DB,3,8,3,45,2,2,0,63,,0,4.761904762,3.174603175,4.761904762,12.6984127,71.42857143,3.174603175
芝峰先生遺稿,1551,1606,1578,역대문집DB,1,0,1,67,0,0,0,69,,0,1.449275362,0,1.449275362,0,97.10144928,0
楊浦遺藁,1568,1589,1578,문집총간,0,1,4,112,1,1,2,121,1636,1.652892562,0,0.826446281,3.305785124,0.826446281,92.56198347,0.826446281
來庵集,1536,1623,1579,문집총간,99,8,2,30,17,10,21,187,1911,11.22994652,52.94117647,9.090909091,1.069518717,4.278074866,16.04278075,5.347593583
浮休堂集,1543,1615,1579,역대문집DB,0,0,0,227,0,1,0,228,,0,0,0,0,0,99.56140351,0.438596491
雪溪先生集,1553,1605,1579,역대문집DB,4,3,2,243,5,2,1,260,,0.384615385,1.538461538,1.923076923,0.769230769,1.153846154,93.46153846,0.769230769
南川集,1543,1617,1580,문집총간,3,3,4,195,7,5,2,219,1864,0.913242009,1.369863014,3.196347032,1.826484018,1.369863014,89.04109589,2.283105023
息庵集,1544,1616,1580,문집총간,8,15,5,376,20,5,5,434,1769,1.152073733,1.843317972,4.608294931,1.152073733,3.456221198,86.6359447,1.152073733
岳麓集,1548,1612,1580,문집총간,2,1,3,120,5,4,7,142,,4.929577465,1.408450704,3.521126761,2.112676056,0.704225352,84.50704225,2.816901408
溪陰集,1549,1612,1580,문집총간,7,7,2,226,1,6,1,250,1899,0.4,2.8,0.4,0.8,2.8,90.4,2.4
顔巷公遺稿,1556,1605,1580,역대문집DB,0,8,8,251,0,3,0,270,,0,0,0,2.962962963,2.962962963,92.96296296,1.111111111
松潭集,1537,1626,1581,문집총간,0,0,5,319,1,2,1,328,1686,0.304878049,0,0.304878049,1.524390244,0,97.25609756,0.609756098
南窓雜藁,1542,1621,1581,문집총간,0,0,1,138,0,0,0,139,1634,0,0,0,0.71942446,0,99.28057554,0
寒岡集,1543,1620,1581,문집총간,30,263,36,79,114,58,19,599,1841,3.171953255,5.008347245,19.03171953,6.010016694,43.90651085,13.18864775,9.682804674
雲圃逸稿,1546,1616,1581,역대문집DB,0,21,6,18,0,5,0,50,,0,0,0,12,42,36,10
沙村集,1547,1615,1581,문집총간,0,1,8,134,10,8,6,167,1824,3.592814371,0,5.988023952,4.790419162,0.598802395,80.23952096,4.790419162
槐軒集,1547,1615,1581,역대문집DB,0,1,1,101,1,0,0,104,,0,0,0.961538462,0.961538462,0.961538462,97.11538462,0
獨石集,1551,1612,1581,문집총간,11,0,3,83,4,1,3,105,1727,2.857142857,10.47619048,3.80952381,2.857142857,0,79.04761905,0.952380952
東湖集,1551,1611,1581,문집총간,0,0,6,26,0,11,2,45,1718,4.444444444,0,0,13.33333333,0,57.77777778,24.44444444
靑霞集,1554,1608,1581,역대문집DB,2,1,14,513,9,0,0,539,,0,0.371057514,1.669758813,2.597402597,0.185528757,95.17625232,0
八峰先生文集,1556,1607,1581,역대문집DB,1,0,0,80,0,1,0,82,,0,1.219512195,0,0,0,97.56097561,1.219512195
省克堂先生文集,1557,1605,1581,역대문집DB,17,18,11,75,2,1,5,129,,3.875968992,13.17829457,1.550387597,8.527131783,13.95348837,58.13953488,0.775193798
慕堂集,1549,1615,1582,문집총간,26,0,5,205,11,10,4,261,,1.53256705,9.961685824,4.214559387,1.915708812,0,78.5440613,3.831417625
寒碧堂先生文集,1549,1616,1582,역대문집DB,2,0,1,70,0,0,0,73,,0,2.739726027,0,1.369863014,0,95.89041096,0
樂齋集,1550,1615,1582,문집총간,0,84,4,256,45,15,9,413,1843,2.179176755,0,10.89588378,0.968523002,20.33898305,61.98547215,3.631961259
松亭集,1553,1612,1582,문집총간,2,12,32,279,28,55,14,422,1939,3.317535545,0.473933649,6.63507109,7.582938389,2.843601896,66.11374408,13.03317536
感樹齋集,1554,1611,1582,문집총간,40,3,6,190,33,13,4,289,1914,1.384083045,13.84083045,11.41868512,2.076124567,1.038062284,65.74394464,4.498269896
琴易堂集,1556,1609,1582,문집총간,8,19,10,221,10,23,17,308,1855,5.519480519,2.597402597,3.246753247,3.246753247,6.168831169,71.75324675,7.467532468
鶴川先生遺集,1542,1625,1583,역대문집DB,0,3,1,103,4,0,1,112,,0.892857143,0,3.571428571,0.892857143,2.678571429,91.96428571,0
久菴遺稿,1552,1615,1583,문집총간,3,0,6,0,0,14,4,27,1640,14.81481481,11.11111111,0,22.22222222,0,0,51.85185185
龍潭集,1547,1622,1584,문집총간,13,13,8,218,7,6,6,271,1911,2.21402214,4.79704797,2.58302583,2.95202952,4.79704797,80.44280443,2.21402214
忘憂集,1552,1617,1584,문집총간,20,3,1,28,8,11,3,74,1629,4.054054054,27.02702703,10.81081081,1.351351351,4.054054054,37.83783784,14.86486486
禾谷集,1553,1616,1584,문집총간,19,15,6,24,6,2,4,76,1899,5.263157895,25,7.894736842,7.894736842,19.73684211,31.57894737,2.631578947
百拙齋遺稿,1554,1614,1584,문집총간,18,0,2,133,0,0,2,155,1702,1.290322581,11.61290323,0,1.290322581,0,85.80645161,0
可畦集,1556,1613,1584,문집총간,1,1,2,552,9,110,5,680,,0.735294118,0.147058824,1.323529412,0.294117647,0.147058824,81.17647059,16.17647059
魯溪文集,1562,1607,1584,역대문집DB,0,15,4,27,5,1,2,54,,3.703703704,0,9.259259259,7.407407407,27.77777778,50,1.851851852
體素集,1563,1606,1584,문집총간,1,6,13,447,3,13,1,484,,0.20661157,0.20661157,0.619834711,2.685950413,1.239669421,92.3553719,2.685950413
龍巒先生文集,1546,1624,1585,역대문집DB,0,0,1,213,0,0,0,214,,0,0,0,0.46728972,0,99.53271028,0
省吾堂先生文集,1546,1625,1585,역대문집DB,0,14,2,189,1,0,0,206,,0,0,0.485436893,0.970873786,6.796116505,91.74757282,0
一松集,1548,1622,1585,문집총간,21,0,2,642,16,1,4,686,1649,0.583090379,3.06122449,2.332361516,0.29154519,0,93.58600583,0.145772595
鑑湖集,1552,1619,1585,문집총간,8,21,6,251,5,6,7,304,1860,2.302631579,2.631578947,1.644736842,1.973684211,6.907894737,82.56578947,1.973684211
晩翠集,1552,1618,1585,문집총간,18,0,4,157,0,5,8,192,1662,4.166666667,9.375,0,2.083333333,0,81.77083333,2.604166667
鋤歸子先生遺稿,1553,1618,1585,역대문집DB,0,19,2,161,4,1,0,187,,0,0,2.139037433,1.069518717,10.16042781,86.09625668,0.534759358
水西先生文集,1555,1616,1585,역대문집DB,3,4,2,178,22,7,0,216,,0,1.388888889,10.18518519,0.925925926,1.851851852,82.40740741,3.240740741
五山集,1556,1615,1585,문집총간,23,4,13,603,10,27,4,684,1909,0.584795322,3.362573099,1.461988304,1.900584795,0.584795322,88.15789474,3.947368421
鳴皐集,1559,1611,1585,문집총간,0,0,1,244,2,0,0,247,1704,0,0,0.809716599,0.4048583,0,98.7854251,0
竇巖先生文集,1566,1604,1585,역대문집DB,3,55,6,112,11,2,0,189,,0,1.587301587,5.82010582,3.174603175,29.1005291,59.25925926,1.058201058
竹窓遺稿,1569,1601,1585,문집총간,0,0,3,270,0,0,0,273,1704,0,0,0,1.098901099,0,98.9010989,0
沙村集,1563,1609,1586,문집총간,0,0,3,41,2,8,3,57,1822,5.263157895,0,3.50877193,5.263157895,0,71.92982456,14.03508772
東村遺稿,1543,1631,1587,문집총간,7,2,2,34,2,2,3,52,1807,5.769230769,13.46153846,3.846153846,3.846153846,3.846153846,65.38461538,3.846153846
操省堂文集,1547,1627,1587,역대문집DB,0,8,8,191,7,2,2,218,,0.917431193,0,3.211009174,3.669724771,3.669724771,87.6146789,0.917431193
嶧陽集,1556,1619,1587,문집총간,8,28,8,104,23,14,7,192,1811,3.645833333,4.166666667,11.97916667,4.166666667,14.58333333,54.16666667,7.291666667
白沙集,1556,1618,1587,문집총간,199,34,23,246,2,32,50,586,1629,8.532423208,33.95904437,0.341296928,3.924914676,5.802047782,41.97952218,5.460750853
漢陰文稿,1561,1613,1587,문집총간,126,111,9,233,14,13,9,515,1634,1.747572816,24.46601942,2.718446602,1.747572816,21.55339806,45.24271845,2.524271845
西坰集,1549,1627,1588,문집총간,40,7,9,524,0,2,6,588,1665,1.020408163,6.802721088,0,1.530612245,1.19047619,89.11564626,0.340136054
晩退軒遺稿,1553,1623,1588,문집총간,13,7,2,18,4,4,3,51,1684,5.882352941,25.49019608,7.843137255,3.921568627,13.7254902,35.29411765,7.843137255
泰村集,1553,1623,1588,문집총간,3,15,6,126,16,20,4,190,1898,2.105263158,1.578947368,8.421052632,3.157894737,7.894736842,66.31578947,10.52631579
瓢翁遺稿,1556,1620,1588,문집총간,0,2,3,249,1,2,2,259,1795,0.772200772,0,0.386100386,1.158301158,0.772200772,96.13899614,0.772200772
深谷先生文集,1556,1621,1588,역대문집DB,0,6,3,164,6,0,0,179,,0,0,3.351955307,1.675977654,3.351955307,91.62011173,0
雲川集,1557,1620,1588,문집총간,5,4,3,242,31,4,7,296,1694,2.364864865,1.689189189,10.47297297,1.013513514,1.351351351,81.75675676,1.351351351
梅窓集,1558,1619,1588,문집총간,5,4,6,234,11,5,7,272,1821,2.573529412,1.838235294,4.044117647,2.205882353,1.470588235,86.02941176,1.838235294
問月堂集,1559,1617,1588,문집총간,2,16,3,18,4,5,3,51,1850,5.882352941,3.921568627,7.843137255,5.882352941,31.37254902,35.29411765,9.803921569
聱漢集,1559,1617,1588,문집총간,4,12,8,318,5,21,7,375,1825,1.866666667,1.066666667,1.333333333,2.133333333,3.2,84.8,5.6
浮査集,1546,1632,1589,문집총간,1,6,4,101,10,35,7,164,1775,4.268292683,0.609756098,6.097560976,2.43902439,3.658536585,61.58536585,21.34146341
西浦集,1548,1630,1589,문집총간,2,1,7,602,2,9,3,626,1900,0.479233227,0.319488818,0.319488818,1.118210863,0.159744409,96.16613419,1.437699681
沙溪遺稿,1548,1631,1589,문집총간,34,48,5,3,10,15,15,130,1687,11.53846154,26.15384615,7.692307692,3.846153846,36.92307692,2.307692308,11.53846154
苔泉集,1552,1626,1589,문집총간,3,0,3,63,3,188,3,263,1874,1.140684411,1.140684411,1.140684411,1.140684411,0,23.95437262,71.48288973
海月集,1556,1622,1589,문집총간,11,29,8,610,20,16,6,700,1776,0.857142857,1.571428571,2.857142857,1.142857143,4.142857143,87.14285714,2.285714286
橘屋拙稿,1559,1619,1589,문집총간,5,7,11,412,4,13,5,457,1829,1.094091904,1.094091904,0.875273523,2.407002188,1.531728665,90.15317287,2.84463895
秋浦集,1562,1617,1589,문집총간,41,13,1,26,5,16,0,102,1684,0,40.19607843,4.901960784,0.980392157,12.74509804,25.49019608,15.68627451
村隱集,1545,1636,1590,문집총간,0,0,13,239,0,4,5,261,1707,1.915708812,0,0,4.980842912,0,91.57088123,1.53256705
梧里集,1547,1634,1590,문집총간,271,9,6,110,26,8,8,438,1705,1.826484018,61.87214612,5.936073059,1.369863014,2.054794521,25.11415525,1.826484018
松溪遺稿,1549,1631,1590,역대문집DB,0,0,3,63,0,0,0,66,,0,0,0,4.545454545,0,95.45454545,0
水北亭集,1557,1623,1590,문집총간,0,0,3,162,0,0,1,166,1832,0.602409639,0,0,1.807228916,0,97.59036145,0
月潭先生逸稿,1561,1619,1590,역대문집DB,0,3,0,76,2,0,0,81,,0,0,2.469135802,0,3.703703704,93.82716049,0
松湖集,1563,1618,1590,역대문집DB,0,23,1,286,0,0,0,310,,0,0,0,0.322580645,7.419354839,92.25806452,0
石洲集,1569,1612,1590,문집총간,1,2,7,656,3,12,4,685,1632,0.583941606,0.145985401,0.437956204,1.02189781,0.291970803,95.76642336,1.751824818
霽月堂大師集,1546,1636,1591,역대문집DB,0,10,0,57,0,1,0,68,,0,0,0,0,14.70588235,83.82352941,1.470588235
玉峰先生文集,1552,1630,1591,역대문집DB,1,6,1,169,14,0,5,196,,2.551020408,0.510204082,7.142857143,0.510204082,3.06122449,86.2244898,0
西溪集,1553,1630,1591,문집총간,8,29,7,100,18,22,3,187,1833,1.604278075,4.278074866,9.625668449,3.743315508,15.50802139,53.47593583,11.76470588
市隱堂先生文集,1555,1628,1591,역대문집DB,0,5,0,40,2,4,0,51,,0,0,3.921568627,0,9.803921569,78.43137255,7.843137255
松溪先生文集,1556,1627,1591,역대문집DB,0,4,0,86,1,0,0,91,,0,0,1.098901099,0,4.395604396,94.50549451,0
秋月堂先生文集,1556,1627,1591,역대문집DB,1,3,2,137,3,5,0,151,,0,0.662251656,1.986754967,1.324503311,1.986754967,90.72847682,3.311258278
西潭集,1559,1624,1591,문집총간,2,44,7,210,11,10,9,293,1846,3.071672355,0.682593857,3.754266212,2.389078498,15.01706485,71.67235495,3.412969283
於于集,1559,1623,1591,문집총간,30,21,51,657,12,47,27,845,1832,3.195266272,3.550295858,1.420118343,6.035502959,2.485207101,77.75147929,5.562130178
西潭先生續集,1559,1624,1591,역대문집DB,1,33,0,202,7,0,3,246,,1.219512195,0.406504065,2.845528455,0,13.41463415,82.11382114,0
東籬集,1560,1622,1591,문집총간,3,18,2,285,21,5,4,338,1811,1.183431953,0.887573964,6.213017751,0.591715976,5.325443787,84.31952663,1.479289941
思湖集,1565,1617,1591,문집총간,14,38,17,193,46,27,4,339,,1.179941003,4.12979351,13.56932153,5.014749263,11.20943953,56.93215339,7.96460177
守庵先生文集,1567,1616,1591,역대문집DB,0,19,7,52,7,0,1,86,,1.162790698,0,8.139534884,8.139534884,22.09302326,60.46511628,0
晩悟先生文集,1569,1614,1591,역대문집DB,3,11,1,247,11,1,0,274,,0,1.094890511,4.01459854,0.364963504,4.01459854,90.1459854,0.364963504
忠孝堂遺集,1546,1638,1592,역대문집DB,0,0,1,51,0,0,0,52,,0,0,0,1.923076923,0,98.07692308,0
靑陸集,1552,1633,1592,문집총간,12,0,8,380,0,14,1,415,1647,0.240963855,2.891566265,0,1.927710843,0,91.56626506,3.373493976
茅谿集,1554,1631,1592,문집총간,2,52,2,28,25,7,16,132,1829,12.12121212,1.515151515,18.93939394,1.515151515,39.39393939,21.21212121,5.303030303
柳川遺稿,1557,1627,1592,문집총간,0,0,6,171,3,1,5,186,1639,2.688172043,0,1.612903226,3.225806452,0,91.93548387,0.537634409
蘆坡先生文集,1557,1627,1592,역대문집DB,0,0,2,110,12,2,8,134,,5.970149254,0,8.955223881,1.492537313,0,82.08955224,1.492537313
石溪集,1559,1625,1592,문집총간,4,0,5,120,14,18,3,164,1871,1.829268293,2.43902439,8.536585366,3.048780488,0,73.17073171,10.97560976
滄浪集,1559,1626,1592,문집총간,1,17,12,262,5,8,3,308,1682,0.974025974,0.324675325,1.623376623,3.896103896,5.519480519,85.06493506,2.597402597
滄浪先生文集,1559,1626,1592,역대문집DB,0,0,2,267,0,0,0,269,,0,0,0,0.743494424,0,99.25650558,0
少陵集,1560,1624,1592,문집총간,31,17,4,231,1,3,4,291,1708,1.374570447,10.65292096,0.343642612,1.374570447,5.841924399,79.3814433,1.030927835
艮庭集,1566,1619,1592,문집총간,14,25,8,283,6,5,6,347,1912,1.729106628,4.034582133,1.729106628,2.305475504,7.204610951,81.55619597,1.44092219
蘭谷遺稿,1566,1619,1592,역대문집DB,1,1,1,50,3,0,0,56,,0,1.785714286,5.357142857,1.785714286,1.785714286,89.28571429,0
睡隱集,1567,1618,1592,문집총간,31,7,6,205,5,29,7,290,1658,2.413793103,10.68965517,1.724137931,2.068965517,2.413793103,70.68965517,10
習靜集,1567,1618,1592,문집총간,1,8,4,157,23,9,8,210,1907,3.80952381,0.476190476,10.95238095,1.904761905,3.80952381,74.76190476,4.285714286
益陽聯芳集,1572,1612,1592,역대문집DB,4,16,7,256,24,7,4,318,,1.257861635,1.257861635,7.547169811,2.201257862,5.031446541,80.50314465,2.201257862
奇巖集,1552,1634,1593,역대문집DB,0,0,1,105,0,0,0,106,,0,0,0,0.943396226,0,99.05660377,0
慕堂集,1553,1634,1593,문집총간,0,29,2,356,25,4,10,426,1849,2.34741784,0,5.868544601,0.469483568,6.807511737,83.56807512,0.938967136
五峯集,1553,1634,1593,문집총간,112,8,30,843,38,72,12,1115,1636,1.076233184,10.04484305,3.408071749,2.69058296,0.717488789,75.60538117,6.457399103
雲嶽先生文集,1554,1632,1593,역대문집DB,6,6,2,93,4,2,0,113,,0,5.309734513,3.539823009,1.769911504,5.309734513,82.30088496,1.769911504
炊沙集,1556,1631,1593,문집총간,6,0,10,69,5,11,8,109,1831,7.339449541,5.504587156,4.587155963,9.174311927,0,63.30275229,10.09174312
軒軒軒先生文集,1556,1630,1593,역대문집DB,1,0,1,44,2,2,3,53,,5.660377358,1.886792453,3.773584906,1.886792453,0,83.01886792,3.773584906
炊沙文集,1556,1631,1593,역대문집DB,6,0,5,68,3,5,4,91,,4.395604396,6.593406593,3.296703297,5.494505495,0,74.72527473,5.494505495
漁適先生文集,1558,1629,1593,역대문집DB,0,4,3,78,2,3,1,91,,1.098901099,0,2.197802198,3.296703297,4.395604396,85.71428571,3.296703297
頤齋集,1561,1625,1593,문집총간,2,3,9,288,1,7,1,311,,0.321543408,0.643086817,0.321543408,2.893890675,0.964630225,92.60450161,2.250803859
?齋集,1561,1625,1593,역대문집DB,2,2,6,355,1,6,1,373,,0.268096515,0.536193029,0.268096515,1.608579088,0.536193029,95.17426273,1.608579088
梧峯集,1562,1624,1593,문집총간,5,11,10,467,16,4,6,519,1740,1.156069364,0.963391137,3.082851638,1.926782274,2.119460501,89.98073218,0.770712909
鳳村集,1564,1622,1593,역대문집DB,2,3,3,191,1,0,1,201,,0.497512438,0.995024876,0.497512438,1.492537313,1.492537313,95.02487562,0
惺所覆瓿藁,1569,1618,1593,문집총간,3,195,66,383,13,338,20,1018,,1.964636542,0.294695481,1.277013752,6.483300589,19.15520629,37.62278978,33.20235756
晩德集,1557,1631,1594,역대문집DB,1,4,2,320,11,0,0,338,,0,0.295857988,3.25443787,0.591715976,1.183431953,94.67455621,0
藥峯遺稿,1558,1631,1594,문집총간,0,3,4,258,13,2,4,284,1927,1.408450704,0,4.577464789,1.408450704,1.056338028,90.84507042,0.704225352
畏齋集,1558,1630,1594,문집총간,0,4,3,18,18,2,11,56,1744,19.64285714,0,32.14285714,5.357142857,7.142857143,32.14285714,3.571428571
九峯集,1563,1626,1594,문집총간,1,20,9,12,2,12,5,61,1866,8.196721311,1.639344262,3.278688525,14.75409836,32.78688525,19.67213115,19.67213115
守夢集,1563,1625,1594,문집총간,43,15,1,88,24,4,5,180,1661,2.777777778,23.88888889,13.33333333,0.555555556,8.333333333,48.88888889,2.222222222
農圃集,1565,1624,1594,문집총간,25,6,2,135,4,11,2,185,1708,1.081081081,13.51351351,2.162162162,1.081081081,3.243243243,72.97297297,5.945945946
錦溪集,1566,1622,1594,문집총간,5,1,11,82,2,40,8,149,1823,5.369127517,3.355704698,1.342281879,7.382550336,0.67114094,55.03355705,26.84563758
敬菴集,1569,1620,1594,문집총간,7,29,13,113,32,61,6,261,,2.298850575,2.681992337,12.2605364,4.980842912,11.11111111,43.29501916,23.37164751
旅軒集,1554,1637,1595,문집총간,41,90,21,141,79,150,31,553,,5.605786618,7.414104882,14.28571429,3.797468354,16.27486438,25.49728752,27.12477396
黔澗集,1555,1636,1595,문집총간,13,13,3,156,34,11,11,241,1740,4.564315353,5.394190871,14.10788382,1.244813278,5.394190871,64.73029046,4.564315353
龍溪遺稿,1559,1631,1595,문집총간,0,0,2,463,0,0,1,466,1654,0.214592275,0,0,0.429184549,0,99.35622318,0
芝峯集,1563,1628,1595,문집총간,31,8,48,1263,28,42,24,1444,1633,1.662049861,2.146814404,1.939058172,3.324099723,0.55401662,87.46537396,2.908587258
希菴遺稿,1564,1627,1595,문집총간,1,2,6,343,4,6,2,364,1902,0.549450549,0.274725275,1.098901099,1.648351648,0.549450549,94.23076923,1.648351648
鶴松集,1566,1624,1595,문집총간,6,0,1,4,0,10,1,22,1713,4.545454545,27.27272727,0,4.545454545,0,18.18181818,45.45454545
九居堂逸集,1569,1621,1595,역대문집DB,0,18,1,38,2,6,1,66,,1.515151515,0,3.03030303,1.515151515,27.27272727,57.57575758,9.090909091
敬齋遺稿,1579,1612,1595,역대문집DB,0,0,0,212,0,0,0,212,,0,0,0,0,0,100,0
壺峯集,1568,1624,1596,문집총간,0,0,4,181,1,1,2,189,1913,1.058201058,0,0.529100529,2.116402116,0,95.76719577,0.529100529
晩悔集,1570,1622,1596,문집총간,17,19,3,65,14,21,8,147,1712,5.442176871,11.56462585,9.523809524,2.040816327,12.92517007,44.21768707,14.28571429
龍湖先生文集,1570,1623,1596,역대문집DB,0,3,2,37,10,11,0,63,,0,0,15.87301587,3.174603175,4.761904762,58.73015873,17.46031746
開湖先生遺稿,1575,1617,1596,역대문집DB,1,0,1,73,5,0,0,80,,0,1.25,6.25,1.25,0,91.25,0
秋灘集,1559,1636,1597,문집총간,138,3,2,197,10,2,2,354,1692,0.564971751,38.98305085,2.824858757,0.564971751,0.847457627,55.64971751,0.564971751
蒼石集,1560,1635,1597,문집총간,193,259,54,586,147,126,44,1409,1631,3.122782115,13.69765791,10.43293116,3.832505323,18.38183109,41.58977999,8.94251242
苟全集,1566,1629,1597,문집총간,25,11,15,338,34,25,8,456,1831,1.754385965,5.48245614,7.456140351,3.289473684,2.412280702,74.12280702,5.48245614
象村稿,1566,1628,1597,문집총간,109,50,84,1480,39,101,74,1937,1629,3.820340733,5.627258647,2.013422819,4.336602994,2.581311306,76.40681466,5.214248838
洛西集,1566,1629,1597,문집총간,65,4,5,119,0,2,4,199,1730,2.010050251,32.66331658,0,2.512562814,2.010050251,59.79899497,1.005025126
象村先生集,1566,1628,1597,역대문집DB,89,36,81,1531,31,60,68,1896,,3.58649789,4.694092827,1.635021097,4.272151899,1.898734177,80.74894515,3.164556962
聞灘先生文集,1566,1628,1597,역대문집DB,0,13,0,158,1,0,0,172,,0,0,0.581395349,0,7.558139535,91.86046512,0
?全先生文集,1566,1629,1597,역대문집DB,15,18,45,320,0,7,5,410,,1.219512195,3.658536585,0,10.97560976,4.390243902,78.04878049,1.707317073
碧梧遺稿,1569,1626,1597,문집총간,56,3,3,328,25,10,6,431,,1.392111369,12.99303944,5.800464037,0.696055684,0.696055684,76.10208817,2.320185615
琴巖集,1582,1612,1597,문집총간,0,0,2,108,0,1,0,111,1616,0,0,0,1.801801802,0,97.2972973,0.900900901
愚伏集,1563,1633,1598,문집총간,179,251,30,223,72,86,45,886,1657,5.079006772,20.20316027,8.126410835,3.386004515,28.32957111,25.16930023,9.706546275
愚伏先生文集,1563,1633,1598,역대문집DB,162,194,37,232,32,10,39,706,,5.52407932,22.94617564,4.532577904,5.240793201,27.47875354,32.8611898,1.416430595
洛涯遺稿,1564,1632,1598,문집총간,0,0,4,55,4,8,4,75,1801,5.333333333,0,5.333333333,5.333333333,0,73.33333333,10.66666667
敬堂集,1564,1633,1598,문집총간,1,6,9,66,14,39,4,139,1818,2.877697842,0.71942446,10.07194245,6.474820144,4.316546763,47.48201439,28.05755396
凌虛集,1566,1630,1598,문집총간,1,68,3,124,2,18,7,223,1799,3.139013453,0.448430493,0.896860987,1.34529148,30.49327354,55.60538117,8.071748879
霽湖集,1568,1629,1598,문집총간,2,0,3,395,6,67,1,474,1647,0.210970464,0.421940928,1.265822785,0.632911392,0,83.33333333,14.1350211
枏溪先生文集,1568,1629,1598,역대문집DB,1,31,2,226,4,1,0,265,,0,0.377358491,1.509433962,0.754716981,11.69811321,85.28301887,0.377358491
海峯集,1573,1623,1598,문집총간,11,0,0,351,4,1,0,367,1656,0,2.997275204,1.089918256,0,0,95.64032698,0.272479564
竹軒集,1560,1638,1599,문집총간,0,4,2,208,16,7,4,241,1867,1.659751037,0,6.639004149,0.829875519,1.659751037,86.30705394,2.904564315
鳳谷逸稿,1560,1638,1599,역대문집DB,0,0,4,99,0,2,0,105,,0,0,0,3.80952381,0,94.28571429,1.904761905
仙源遺稿,1561,1637,1599,문집총간,12,0,4,420,6,5,4,451,1640,0.88691796,2.66075388,1.33037694,0.88691796,0,93.12638581,1.10864745
醒翁遺稿,1562,1636,1599,문집총간,20,0,4,107,8,3,6,148,1706,4.054054054,13.51351351,5.405405405,2.702702703,0,72.2972973,2.027027027
月沙集,1564,1635,1599,문집총간,348,103,59,1237,61,118,98,2024,1636,4.841897233,17.19367589,3.013833992,2.915019763,5.088932806,61.11660079,5.830039526
雪汀集,1568,1630,1599,문집총간,25,2,6,338,36,6,4,417,1820,0.959232614,5.995203837,8.633093525,1.438848921,0.479616307,81.05515588,1.438848921
敬亭集,1570,1629,1599,문집총간,20,1,10,934,12,26,6,1009,1664,0.594648167,1.982160555,1.189296333,0.991080278,0.099108028,92.56689792,2.576808722
疎菴集,1576,1623,1599,문집총간,14,6,49,176,19,19,5,288,,1.736111111,4.861111111,6.597222222,17.01388889,2.083333333,61.11111111,6.597222222
廣麓文集,1585,1613,1599,역대문집DB,0,1,1,158,1,2,0,163,,0,0,0.613496933,0.613496933,0.613496933,96.93251534,1.226993865
瀼西集,1564,1637,1600,문집총간,19,2,0,380,14,5,6,426,,1.408450704,4.460093897,3.286384977,0,0.469483568,89.20187793,1.17370892
醉吃集,1564,1636,1600,문집총간,3,0,2,362,1,0,1,369,1882,0.27100271,0.81300813,0.27100271,0.54200542,0,98.10298103,0
孤舟集,1566,1635,1600,문집총간,0,3,2,263,0,6,1,275,1786,0.363636364,0,0,0.727272727,1.090909091,95.63636364,2.181818182
丹谷集,1568,1633,1600,문집총간,2,17,9,222,9,21,11,291,1786,3.780068729,0.687285223,3.092783505,3.092783505,5.841924399,76.28865979,7.216494845
藏谷集,1569,1631,1600,문집총간,8,15,4,32,11,10,2,82,1860,2.43902439,9.756097561,13.41463415,4.87804878,18.29268293,39.02439024,12.19512195
淸風子集,1571,1629,1600,문집총간,0,22,4,370,9,4,8,417,1760,1.918465228,0,2.158273381,0.959232614,5.275779376,88.72901679,0.959232614
雪川先生文集,1573,1627,1600,역대문집DB,6,4,0,189,6,1,3,209,,1.435406699,2.870813397,2.870813397,0,1.913875598,90.43062201,0.4784689
休翁集,1577,1624,1600,문집총간,6,0,6,215,5,5,3,240,1636,1.25,2.5,2.083333333,2.5,0,89.58333333,2.083333333
蘆溪集,1561,1642,1601,문집총간,0,0,4,80,1,11,6,102,1831,5.882352941,0,0.980392157,3.921568627,0,78.43137255,10.78431373
水色集,1563,1640,1601,문집총간,11,0,2,754,5,1,0,773,1661,0,1.423027167,0.64683053,0.258732212,0,97.54204398,0.129366106
訒齋集,1563,1640,1601,문집총간,52,30,13,145,37,31,20,328,1778,6.097560976,15.85365854,11.2804878,3.963414634,9.146341463,44.20731707,9.451219512
?齋集,1563,1640,1601,역대문집DB,47,40,16,148,30,21,14,316,,4.430379747,14.87341772,9.493670886,5.063291139,12.65822785,46.83544304,6.64556962
石潭集,1569,1634,1601,문집총간,7,39,9,234,41,11,12,353,,3.399433428,1.983002833,11.61473088,2.549575071,11.04815864,66.28895184,3.116147309
玄洲集,1572,1631,1601,문집총간,36,3,66,505,16,37,9,672,1651,1.339285714,5.357142857,2.380952381,9.821428571,0.446428571,75.14880952,5.505952381
鶴湖集,1572,1630,1601,문집총간,19,31,0,66,12,5,6,139,,4.316546763,13.66906475,8.633093525,0,22.30215827,47.48201439,3.597122302
潛窩遺稿,1572,1630,1601,문집총간,9,5,5,155,15,2,4,195,,2.051282051,4.615384615,7.692307692,2.564102564,2.564102564,79.48717949,1.025641026
鶴湖先生文集,1572,1630,1601,역대문집DB,19,27,1,60,6,3,1,117,,0.854700855,16.23931624,5.128205128,0.854700855,23.07692308,51.28205128,2.564102564
月澗集,1558,1647,1602,역대문집DB,2,42,1,88,15,1,4,153,,2.614379085,1.307189542,9.803921569,0.653594771,27.45098039,57.51633987,0.653594771
沙西集,1563,1642,1602,문집총간,26,43,8,216,44,10,7,354,1862,1.97740113,7.344632768,12.42937853,2.259887006,12.14689266,61.01694915,2.824858757
東溪集,1567,1637,1602,문집총간,1,11,7,512,10,2,4,547,,0.731261426,0.182815356,1.828153565,1.279707495,2.010968921,93.60146252,0.365630713
鳳洲稿,1569,1635,1602,역대문집DB,1,1,3,108,1,0,1,115,,0.869565217,0.869565217,0.869565217,2.608695652,0.869565217,93.91304348,0
九畹集,1571,1634,1602,문집총간,0,0,2,342,2,7,2,355,1656,0.563380282,0,0.563380282,0.563380282,0,96.33802817,1.971830986
槃澗集,1578,1626,1602,역대문집DB,0,2,3,128,2,6,0,141,,0,0,1.418439716,2.127659574,1.418439716,90.78014184,4.255319149
月澗集,1558,1648,1603,문집총간,4,84,10,112,23,19,8,260,1802,3.076923077,1.538461538,8.846153846,3.846153846,32.30769231,43.07692308,7.307692308
三節遺稿,1561,1646,1603,역대문집DB,32,0,0,146,0,2,0,180,,0,17.77777778,0,0,0,81.11111111,1.111111111
湖陽先生文集,1562,1645,1603,역대문집DB,0,1,2,100,1,10,0,114,,0,0,0.877192982,1.754385965,0.877192982,87.71929825,8.771929825
浣亭集,1568,1639,1603,문집총간,18,27,0,109,26,12,14,206,,6.796116505,8.737864078,12.62135922,0,13.10679612,52.91262136,5.825242718
癡齋先生文集,1569,1637,1603,역대문집DB,0,0,2,292,13,4,0,311,,0,0,4.180064309,0.643086817,0,93.89067524,1.286173633
晩悟集,1576,1631,1603,문집총간,67,38,6,170,16,8,8,313,1927,2.555910543,21.4057508,5.111821086,1.916932907,12.14057508,54.31309904,2.555910543
松齋遺稿,1568,1641,1604,역대문집DB,1,0,0,78,0,0,0,79,,0,1.265822785,0,0,0,98.73417722,0
松塢集,1569,1639,1604,문집총간,8,17,2,62,8,3,4,104,1860,3.846153846,7.692307692,7.692307692,1.923076923,16.34615385,59.61538462,2.884615385
西溪先生文集,1569,1640,1604,역대문집DB,0,4,0,169,4,1,0,178,,0,0,2.247191011,0,2.247191011,94.94382022,0.561797753
松塢先生文集,1569,1639,1604,역대문집DB,7,13,2,44,5,3,2,76,,2.631578947,9.210526316,6.578947368,2.631578947,17.10526316,57.89473684,3.947368421
東岳集,1571,1637,1604,문집총간,5,6,16,2929,38,6,5,3005,1640,0.166389351,0.166389351,1.264559068,0.532445923,0.199667221,97.47088186,0.199667221
谷隱遺稿,1572,1637,1604,역대문집DB,0,17,18,146,30,9,14,234,,5.982905983,0,12.82051282,7.692307692,7.264957265,62.39316239,3.846153846
潛冶集,1573,1635,1604,문집총간,11,32,1,0,4,27,3,78,1766,3.846153846,14.1025641,5.128205128,1.282051282,41.02564103,0,34.61538462
明谷遺稿,1584,1624,1604,역대문집DB,3,0,3,43,6,6,0,61,,0,4.918032787,9.836065574,4.918032787,0,70.49180328,9.836065574
逸翁集,1560,1651,1605,문집총간,9,0,11,207,0,7,3,237,1846,1.265822785,3.797468354,0,4.641350211,0,87.34177215,2.953586498
月峯集,1564,1647,1605,문집총간,0,33,9,188,16,0,10,256,1859,3.90625,0,6.25,3.515625,12.890625,73.4375,0
石樓遺稿,1567,1644,1605,문집총간,16,0,2,674,10,7,0,709,1659,0,2.256699577,1.410437236,0.282087447,0,95.06346968,0.987306065
桐溪集,1569,1641,1605,문집총간,48,33,20,553,50,21,42,767,1852,5.475880052,6.258148631,6.518904824,2.60756193,4.302477184,72.09908735,2.737940026
滄邱堂遺稿,1569,1642,1605,역대문집DB,0,0,2,49,0,0,0,51,,0,0,0,3.921568627,0,96.07843137,0
匡西先生實紀,1569,1641,1605,역대문집DB,0,13,3,30,3,0,1,50,,2,0,6,6,26,60,0
松竹堂集,1571,1639,1605,문집총간,5,0,3,167,5,1,4,185,1898,2.162162162,2.702702703,2.702702703,1.621621622,0,90.27027027,0.540540541
知足堂先生文集,1571,1639,1605,역대문집DB,24,19,25,163,0,6,3,240,,1.25,10,0,10.41666667,7.916666667,67.91666667,2.5
晩雲集,1575,1636,1605,문집총간,17,44,4,53,7,7,3,135,1894,2.222222222,12.59259259,5.185185185,2.962962963,32.59259259,39.25925926,5.185185185
慕夏堂集,1571,1642,1606,문집총간,8,35,2,2,3,6,5,61,1798,8.196721311,13.1147541,4.918032787,3.278688525,57.37704918,3.278688525,9.836065574
灌圃集,1571,1642,1606,문집총간,6,0,2,154,3,8,1,174,1846,0.574712644,3.448275862,1.724137931,1.149425287,0,88.50574713,4.597701149
茶山集,1575,1638,1606,문집총간,0,0,1,552,0,0,0,553,1685,0,0,0,0.180831826,0,99.81916817,0
竹陰集,1575,1638,1606,문집총간,16,0,6,1057,27,7,10,1123,1681,0.89047195,1.42475512,2.404274265,0.53428317,0,94.12288513,0.623330365
乖庵先生逸稿,1576,1637,1606,역대문집DB,0,0,0,65,0,0,2,67,,2.985074627,0,0,0,0,97.01492537,0
五宜亭先生文集,1577,1636,1606,역대문집DB,0,8,0,49,0,0,0,57,,0,0,0,0,14.03508772,85.96491228,0
南坡相國集,1569,1646,1607,문집총간,139,0,1,148,0,1,0,289,1660,0,48.09688581,0,0.346020761,0,51.21107266,0.346020761
月峯集,1578,1636,1607,문집총간,55,0,6,105,6,1,4,177,1864,2.259887006,31.07344633,3.389830508,3.389830508,0,59.3220339,0.564971751
東山集,1584,1631,1607,역대문집DB,0,2,1,50,1,0,1,55,,1.818181818,0,1.818181818,1.818181818,3.636363636,90.90909091,0
東湖集,1566,1651,1608,문집총간,1,16,3,75,28,2,7,132,,5.303030303,0.757575758,21.21212121,2.272727273,12.12121212,56.81818182,1.515151515
竹窓集,1566,1650,1608,문집총간,2,0,5,477,9,7,2,502,1668,0.398406375,0.398406375,1.792828685,0.996015936,0,95.01992032,1.394422311
東湖先生文集,1566,1651,1608,역대문집DB,1,18,3,38,10,0,3,73,,4.109589041,1.369863014,13.69863014,4.109589041,24.65753425,52.05479452,0
玄谷集,1567,1649,1608,문집총간,14,0,8,575,10,5,1,613,1658,0.163132137,2.283849918,1.63132137,1.305057096,0,93.80097879,0.815660685
遯峯集,1567,1650,1608,문집총간,2,3,6,60,11,2,6,90,1809,6.666666667,2.222222222,12.22222222,6.666666667,3.333333333,66.66666667,2.222222222
雲壑集,1569,1647,1608,문집총간,1,3,12,149,9,12,8,194,1898,4.12371134,0.515463918,4.639175258,6.18556701,1.546391753,76.80412371,6.18556701
鶴谷集,1572,1645,1608,문집총간,17,0,2,401,13,37,13,483,1706,2.691511387,3.519668737,2.691511387,0.414078675,0,83.02277433,7.660455487
秋潭集,1574,1643,1608,문집총간,1,1,5,1449,3,8,3,1470,1929,0.204081633,0.068027211,0.204081633,0.340136054,0.068027211,98.57142857,0.544217687
龍溪先生文集,1576,1641,1608,역대문집DB,4,12,0,69,2,1,0,88,,0,4.545454545,2.272727273,0,13.63636364,78.40909091,1.136363636
修巖集,1582,1635,1608,문집총간,3,68,2,86,36,12,6,213,1773,2.816901408,1.408450704,16.90140845,0.938967136,31.92488263,40.37558685,5.633802817
北渚集,1571,1648,1609,문집총간,106,0,2,339,9,0,13,469,1658,2.771855011,22.60127932,1.918976546,0.426439232,0,72.28144989,0
松灘集,1571,1648,1609,역대문집DB,2,0,1,152,0,0,0,155,,0,1.290322581,0,0.64516129,0,98.06451613,0
修竹遺稿,1574,1645,1609,역대문집DB,0,3,1,267,0,0,0,271,,0,0,0,0.36900369,1.10701107,98.52398524,0
陽灘先生文集,1574,1644,1609,역대문집DB,0,6,0,95,11,0,0,112,,0,0,9.821428571,0,5.357142857,84.82142857,0
東溪集,1575,1644,1609,문집총간,29,47,3,239,36,11,12,377,1875,3.183023873,7.692307692,9.549071618,0.795755968,12.4668435,63.39522546,2.917771883
竹老集,1576,1643,1609,문집총간,1,4,11,84,1,6,4,111,,3.603603604,0.900900901,0.900900901,9.90990991,3.603603604,75.67567568,5.405405405
溪巖集,1577,1641,1609,문집총간,6,30,4,350,17,7,3,417,1772,0.71942446,1.438848921,4.076738609,0.959232614,7.194244604,83.93285372,1.678657074
河陰集,1580,1639,1609,문집총간,16,83,3,429,30,16,10,587,1835,1.703577513,2.72572402,5.110732538,0.511073254,14.13969336,73.0834753,2.72572402
藏庵集,1581,1637,1609,역대문집DB,0,0,0,220,1,1,0,222,,0,0,0.45045045,0,0,99.0990991,0.45045045
滄洲先生文集,1586,1632,1609,역대문집DB,0,9,4,75,4,3,1,96,,1.041666667,0,4.166666667,4.166666667,9.375,78.125,3.125
雙碧堂詩集,1567,1654,1610,역대문집DB,0,0,1,145,0,0,0,146,,0,0,0,0.684931507,0,99.31506849,0
養直集,1571,1649,1610,문집총간,0,30,2,73,10,7,5,127,1851,3.937007874,0,7.874015748,1.57480315,23.62204724,57.48031496,5.511811024
朽淺集,1579,1642,1610,문집총간,5,15,14,96,7,168,5,310,1713,1.612903226,1.612903226,2.258064516,4.516129032,4.838709677,30.96774194,54.19354839
淸陰集,1570,1652,1611,문집총간,190,49,40,1158,19,28,119,1603,1654,7.423580786,11.85277604,1.185277604,2.495321273,3.056768559,72.23955084,1.746724891
紫巖集,1573,1649,1611,문집총간,10,9,9,40,9,6,4,87,1741,4.597701149,11.49425287,10.34482759,10.34482759,10.34482759,45.97701149,6.896551724
雲溪文集,1577,1645,1611,역대문집DB,0,6,3,77,0,0,0,86,,0,0,0,3.488372093,6.976744186,89.53488372,0
石門先生文集,1577,1645,1611,역대문집DB,2,8,0,494,11,2,3,520,,0.576923077,0.384615385,2.115384615,0,1.538461538,95,0.384615385
月塘集,1580,1643,1611,문집총간,91,0,4,104,28,19,5,251,1772,1.992031873,36.25498008,11.15537849,1.593625498,0,41.43426295,7.569721116
无悶堂集,1583,1640,1611,문집총간,1,41,7,162,24,108,7,350,1814,2,0.285714286,6.857142857,2,11.71428571,46.28571429,30.85714286
溪陰集,1583,1640,1611,역대문집DB,0,24,5,132,0,1,0,162,,0,0,0,3.086419753,14.81481481,81.48148148,0.617283951
南磵集選,1584,1638,1611,문집총간,0,0,6,93,0,6,3,108,1799,2.777777778,0,0,5.555555556,0,86.11111111,5.555555556
花浦遺稿,1586,1637,1611,문집총간,10,1,3,85,4,7,5,115,1709,4.347826087,8.695652174,3.47826087,2.608695652,0.869565217,73.91304348,6.086956522
玄谷集,1588,1635,1611,문집총간,19,0,2,322,21,4,4,372,1650,1.075268817,5.107526882,5.64516129,0.537634409,0,86.55913978,1.075268817
處常窩文集,1571,1654,1612,역대문집DB,1,0,1,96,8,0,0,106,,0,0.943396226,7.547169811,0.943396226,0,90.56603774,0
菊潭集,1572,1652,1612,문집총간,1,0,8,71,2,11,4,97,,4.12371134,1.030927835,2.06185567,8.24742268,0,73.19587629,11.34020619
玄洲集,1572,1653,1612,역대문집DB,30,4,64,546,16,28,9,697,,1.291248207,4.304160689,2.295552367,9.182209469,0.573888092,78.33572453,4.017216643
忘窩集,1577,1648,1612,문집총간,36,15,1,452,20,4,6,534,,1.123595506,6.741573034,3.745318352,0.187265918,2.808988764,84.64419476,0.74906367
東溟先生文集,1577,1648,1612,역대문집DB,6,11,1,566,3,3,4,594,,0.673400673,1.01010101,0.505050505,0.168350168,1.851851852,95.28619529,0.505050505
忘窩先生文集,1577,1648,1612,역대문집DB,24,13,1,417,8,1,2,466,,0.429184549,5.150214592,1.716738197,0.214592275,2.789699571,89.48497854,0.214592275
鞭羊堂集,1581,1644,1612,역대문집DB,0,6,1,93,0,5,0,105,,0,0,0,0.952380952,5.714285714,88.57142857,4.761904762
雷峰集,1583,1641,1612,역대문집DB,8,5,6,57,2,0,2,80,,2.5,10,2.5,7.5,6.25,71.25,0
苔川集,1585,1639,1612,문집총간,8,0,3,294,4,5,5,319,,1.567398119,2.507836991,1.253918495,0.940438871,0,92.1630094,1.567398119
花浦遺稿,1586,1638,1612,역대문집DB,3,0,0,83,0,0,0,86,,0,3.488372093,0,0,0,96.51162791,0
谿谷集,1587,1638,1612,문집총간,158,1,71,1024,37,325,53,1669,1643,3.175554224,9.466746555,2.216896345,4.254044338,0.059916117,61.35410425,19.47273817
隱峯全書,1573,1654,1613,문집총간,39,22,24,41,13,73,16,228,1773,7.01754386,17.10526316,5.701754386,10.52631579,9.649122807,17.98245614,32.01754386
震峰逸稿,1575,1652,1613,역대문집DB,0,0,1,145,3,0,0,149,,0,0,2.013422819,0.67114094,0,97.31543624,0
化堂集,1576,1650,1613,문집총간,35,2,5,274,11,14,2,343,1720,0.583090379,10.20408163,3.206997085,1.457725948,0.583090379,79.88338192,4.081632653
石門集,1577,1650,1613,문집총간,2,7,5,337,15,4,7,377,1821,1.856763926,0.530503979,3.978779841,1.326259947,1.856763926,89.38992042,1.061007958
畸庵集,1577,1650,1613,역대문집DB,31,6,13,634,46,15,8,753,,1.062416999,4.11686587,6.108897742,1.726427623,0.796812749,84.19654714,1.992031873
天坡集,1592,1634,1613,문집총간,6,0,8,561,6,11,2,594,1646,0.336700337,1.01010101,1.01010101,1.346801347,0,94.44444444,1.851851852
藤庵集,1574,1655,1614,문집총간,0,74,4,166,71,14,10,339,1859,2.949852507,0,20.9439528,1.179941003,21.82890855,48.96755162,4.12979351
菊?先生集,1575,1654,1614,역대문집DB,0,5,1,78,5,0,0,89,,0,0,5.617977528,1.123595506,5.617977528,87.64044944,0
晴沙集,1577,1652,1614,문집총간,14,6,6,278,12,5,2,323,1680,0.619195046,4.334365325,3.715170279,1.857585139,1.857585139,86.06811146,1.547987616
春圃遺稿,1581,1648,1614,역대문집DB,0,0,1,405,0,1,0,407,,0,0,0,0.245700246,0,99.50859951,0.245700246
秋山集,1582,1646,1614,문집총간,9,3,8,127,4,6,4,161,1846,2.48447205,5.590062112,2.48447205,4.968944099,1.863354037,78.88198758,3.726708075
嘿守堂集,1588,1641,1614,문집총간,17,23,19,242,7,56,0,364,,0,4.67032967,1.923076923,5.21978022,6.318681319,66.48351648,15.38461538
芝所先生文集,1588,1641,1614,역대문집DB,3,1,4,163,7,4,2,184,,1.086956522,1.630434783,3.804347826,2.173913043,0.543478261,88.58695652,2.173913043
亮谷遺稿,1596,1633,1614,문집총간,2,10,3,13,3,8,2,41,1789,4.87804878,4.87804878,7.317073171,7.317073171,24.3902439,31.70731707,19.51219512
亦樂齋先生文集,1569,1661,1615,역대문집DB,0,3,1,99,5,3,0,111,,0,0,4.504504505,0.900900901,2.702702703,89.18918919,2.702702703
愼獨齋遺稿,1574,1656,1615,문집총간,104,105,7,222,19,1,39,497,1710,7.847082495,20.92555332,3.822937626,1.408450704,21.12676056,44.66800805,0.201207243
松灣集,1576,1654,1615,역대문집DB,1,1,3,80,1,16,0,102,,0,0.980392157,0.980392157,2.941176471,0.980392157,78.43137255,15.68627451
滄洲先生遺稿(續集),1577,1653,1615,역대문집DB,51,2,3,106,3,4,0,169,,0,30.17751479,1.775147929,1.775147929,1.183431953,62.72189349,2.366863905
東皐先生文集,1579,1651,1615,역대문집DB,3,0,6,247,15,1,4,276,,1.449275362,1.086956522,5.434782609,2.173913043,0,89.49275362,0.362318841
二愚堂先生文集,1580,1651,1615,역대문집DB,6,13,4,199,5,0,1,228,,0.438596491,2.631578947,2.192982456,1.754385965,5.701754386,87.28070175,0
澤堂集,1584,1647,1615,문집총간,109,45,57,1214,11,83,62,1581,1674,3.921568627,6.894370651,0.695762176,3.605313093,2.84629981,76.78684377,5.249841872
水北遺稿,1584,1647,1615,문집총간,15,1,2,320,6,6,3,353,1805,0.849858357,4.249291785,1.699716714,0.566572238,0.283286119,90.65155807,1.699716714
澤堂先生別集,1584,1647,1615,역대문집DB,114,1,56,1322,17,48,58,1616,,3.589108911,7.054455446,1.051980198,3.465346535,0.061881188,81.80693069,2.97029703
滄洲先生文集,1584,1647,1615,역대문집DB,9,12,5,146,5,3,3,183,,1.639344262,4.918032787,2.732240437,2.732240437,6.557377049,79.78142077,1.639344262
天默遺稿,1585,1645,1615,문집총간,35,5,2,70,18,8,3,141,1713,2.127659574,24.82269504,12.76595745,1.418439716,3.546099291,49.64539007,5.673758865
雪松先生文集,1598,1632,1615,역대문집DB,2,2,1,47,2,1,0,55,,0,3.636363636,3.636363636,1.818181818,3.636363636,85.45454545,1.818181818
畸庵集,1582,1650,1616,문집총간,36,4,6,633,29,105,10,823,1653,1.215066829,4.374240583,3.523693803,0.729040097,0.486026731,76.91373026,12.7582017
白潭遺集,1583,1650,1616,문집총간,3,0,4,148,18,2,4,179,1807,2.234636872,1.675977654,10.05586592,2.234636872,0,82.68156425,1.117318436
鶴洞先生文集,1583,1649,1616,역대문집DB,1,5,5,85,9,2,0,107,,0,0.934579439,8.411214953,4.672897196,4.672897196,79.43925234,1.869158879
遲川集,1586,1647,1616,문집총간,133,2,6,688,1,5,6,841,1664,0.713436385,15.81450654,0.118906064,0.713436385,0.237812128,81.80737218,0.594530321
無住逸稿,1586,1646,1616,문집총간,12,1,0,70,8,4,2,97,,2.06185567,12.37113402,8.24742268,0,1.030927835,72.16494845,4.12371134
樂全堂集,1588,1644,1616,문집총간,9,22,71,479,26,17,48,672,1682,7.142857143,1.339285714,3.869047619,10.56547619,3.273809524,71.2797619,2.529761905
家州集,1597,1635,1616,문집총간,0,0,3,84,2,1,2,92,1718,2.173913043,0,2.173913043,3.260869565,0,91.30434783,1.086956522
簡齋文集,1575,1660,1617,역대문집DB,0,5,0,44,1,1,0,51,,0,0,1.960784314,0,9.803921569,86.2745098,1.960784314
拙軒遺稿,1576,1659,1617,역대문집DB,0,0,1,62,0,0,0,63,,0,0,0,1.587301587,0,98.41269841,0
雙峯集,1577,1658,1617,문집총간,10,2,12,116,29,20,7,196,1809,3.571428571,5.102040816,14.79591837,6.12244898,1.020408163,59.18367347,10.20408163
春睡堂集,1577,1658,1617,역대문집DB,0,1,2,317,37,0,1,358,,0.279329609,0,10.33519553,0.558659218,0.279329609,88.54748603,0
浦渚集,1579,1655,1617,문집총간,185,41,42,147,63,104,37,619,1688,5.977382876,29.88691438,10.17770598,6.785137318,6.62358643,23.74798061,16.80129241
學圃先生文集,1588,1647,1617,역대문집DB,0,10,2,55,12,1,0,80,,0,0,15,2.5,12.5,68.75,1.25
敬窩集,1597,1638,1617,문집총간,0,12,2,374,8,23,8,427,,1.8735363,0,1.8735363,0.468384075,2.81030445,87.58782201,5.386416862
磨鏡軒集,1606,1629,1617,문집총간,0,0,1,100,0,0,1,102,1635,0.980392157,0,0,0.980392157,0,98.03921569,0
虎溪集,1574,1663,1618,역대문집DB,18,0,0,44,6,4,0,72,,0,25,8.333333333,0,0,61.11111111,5.555555556
竹所集,1580,1656,1618,문집총간,46,0,0,315,12,4,3,380,,0.789473684,12.10526316,3.157894737,0,0,82.89473684,1.052631579
南坡遺稿,1580,1657,1618,역대문집DB,2,5,0,338,6,3,2,356,,0.561797753,0.561797753,1.685393258,0,1.404494382,94.94382022,0.842696629
白石遺稿,1585,1651,1618,문집총간,43,29,9,157,13,24,4,279,,1.433691756,15.41218638,4.659498208,3.225806452,10.39426523,56.27240143,8.602150538
柱峰先生文集,1588,1649,1618,역대문집DB,18,3,1,50,4,0,0,76,,0,23.68421053,5.263157895,1.315789474,3.947368421,65.78947368,0
雪汀詩集,1590,1647,1618,문집총간,0,0,4,795,0,0,0,799,,0,0,0,0.500625782,0,99.49937422,0
汾西集,1592,1645,1618,문집총간,1,3,24,403,15,22,11,479,1682,2.296450939,0.208768267,3.131524008,5.010438413,0.626304802,84.13361169,4.592901879
潛谷遺稿,1580,1658,1619,문집총간,179,2,22,380,29,16,18,646,1670,2.786377709,27.70897833,4.489164087,3.405572755,0.309597523,58.82352941,2.476780186
玄洲集,1582,1657,1619,문집총간,26,0,16,507,11,4,12,576,,2.083333333,4.513888889,1.909722222,2.777777778,0,88.02083333,0.694444444
時庵集,1582,1657,1619,문집총간,2,74,6,106,34,10,5,237,1845,2.109704641,0.843881857,14.34599156,2.53164557,31.22362869,44.7257384,4.219409283
?峰先生文集,1583,1656,1619,역대문집DB,0,0,1,169,0,0,0,170,,0,0,0,0.588235294,0,99.41176471,0
秋月軒先生文集,1585,1653,1619,역대문집DB,0,8,2,63,0,0,0,73,,0,0,0,2.739726027,10.95890411,86.30136986,0
東溟集,1593,1646,1619,문집총간,21,0,21,550,9,10,16,627,1737,2.551834131,3.349282297,1.435406699,3.349282297,0,87.71929825,1.594896332
三樂堂稿,1575,1666,1620,역대문집DB,9,12,3,1056,9,0,0,1089,,0,0.826446281,0.826446281,0.275482094,1.101928375,96.96969697,0
方壺先生文集,1576,1665,1620,역대문집DB,0,10,3,146,4,5,4,172,,2.325581395,0,2.325581395,1.744186047,5.813953488,84.88372093,2.906976744
聽禽遺稿,1578,1662,1620,역대문집DB,0,3,2,133,4,1,0,143,,0,0,2.797202797,1.398601399,2.097902098,93.00699301,0.699300699
陶谷先生文集,1587,1654,1620,역대문집DB,0,8,5,43,4,2,0,62,,0,0,6.451612903,8.064516129,12.90322581,69.35483871,3.225806452
遯菴全書,1588,1653,1620,문집총간,1,0,6,29,0,161,3,200,1926,1.5,0.5,0,3,0,14.5,80.5
靜?齋先生逸稿,1593,1647,1620,역대문집DB,3,0,1,34,8,4,1,51,,1.960784314,5.882352941,15.68627451,1.960784314,0,66.66666667,7.843137255
白洲集,1595,1645,1620,문집총간,72,28,22,1477,30,45,17,1691,1646,1.005322295,4.2578356,1.774098167,1.301005322,1.655824956,87.34476641,2.66114725
虛舟文集,1581,1661,1621,역대문집DB,0,0,2,214,5,1,1,223,,0.448430493,0,2.242152466,0.896860987,0,95.96412556,0.448430493
梧溪文集,1583,1660,1621,역대문집DB,2,3,8,183,8,1,8,213,,3.755868545,0.938967136,3.755868545,3.755868545,1.408450704,85.91549296,0.469483568
自樂堂先生遺集,1584,1659,1621,역대문집DB,2,0,0,113,0,0,1,116,,0.862068966,1.724137931,0,0,0,97.4137931,0
白江集,1585,1657,1621,문집총간,151,0,2,558,21,14,5,751,1684,0.665778961,20.10652463,2.796271638,0.266311585,0,74.30093209,1.864181092
林谷集,1586,1657,1621,문집총간,0,31,19,376,35,21,15,497,1834,3.018108652,0,7.042253521,3.822937626,6.237424547,75.65392354,4.225352113
玄巖遺稿,1587,1656,1621,문집총간,1,2,3,238,0,12,2,258,1675,0.775193798,0.387596899,0,1.162790698,0.775193798,92.24806202,4.651162791
玄洲集,1598,1645,1621,문집총간,28,0,2,319,17,82,2,450,1675,0.444444444,6.222222222,3.777777778,0.444444444,0,70.88888889,18.22222222
靑霞集,1585,1659,1622,문집총간,0,0,8,227,2,5,3,245,1720,1.224489796,0,0.816326531,3.265306122,0,92.65306122,2.040816327
琴隱遺集,1586,1659,1622,역대문집DB,0,0,0,159,3,1,0,163,,0,0,1.840490798,0,0,97.54601227,0.613496933
竹牖詩集,1584,1663,1623,문집총간,0,0,1,235,6,2,3,247,1668,1.214574899,0,2.429149798,0.4048583,0,95.1417004,0.809716599
漁村遺稿,1597,1650,1623,역대문집DB,4,15,4,260,8,2,0,293,,0,1.365187713,2.730375427,1.365187713,5.119453925,88.73720137,0.682593857
棠溪集,1602,1644,1623,문집총간,3,7,0,34,2,8,3,57,1869,5.263157895,5.263157895,3.50877193,0,12.28070175,59.64912281,14.03508772
洛村集,1603,1644,1623,문집총간,12,0,1,39,19,2,7,80,,8.75,15,23.75,1.25,0,48.75,2.5
忠烈公遺稿,1609,1637,1623,문집총간,19,3,5,20,6,7,7,67,1697,10.44776119,28.35820896,8.955223881,7.462686567,4.47761194,29.85074627,10.44776119
澗松集,1585,1664,1624,문집총간,6,51,25,469,96,26,21,694,1744,3.025936599,0.864553314,13.83285303,3.602305476,7.34870317,67.57925072,3.746397695
遯溪遺編,1588,1661,1624,문집총간,3,11,23,0,7,24,2,70,1679,2.857142857,4.285714286,10,32.85714286,15.71428571,0,34.28571429
懶齋集,1589,1659,1624,문집총간,25,35,10,123,31,6,12,242,,4.958677686,10.33057851,12.80991736,4.132231405,14.46280992,50.82644628,2.479338843
龍峰先生文集,1589,1659,1624,역대문집DB,3,8,3,82,0,2,1,99,,1.01010101,3.03030303,0,3.03030303,8.080808081,82.82828283,2.02020202
寒沙集,1591,1658,1624,문집총간,25,2,12,217,60,8,12,336,1870,3.571428571,7.44047619,17.85714286,3.571428571,0.595238095,64.58333333,2.380952381
涑川集,1591,1657,1624,역대문집DB,8,0,14,122,20,8,3,175,,1.714285714,4.571428571,11.42857143,8,0,69.71428571,4.571428571
松崖集,1596,1653,1624,문집총간,55,31,4,32,14,6,8,150,1871,5.333333333,36.66666667,9.333333333,2.666666667,20.66666667,21.33333333,4
梧齋集附錄,1598,1651,1624,역대문집DB,28,20,1,126,1,11,0,187,,0,14.97326203,0.534759358,0.534759358,10.69518717,67.37967914,5.882352941
琴川集,1601,1647,1624,문집총간,5,3,4,80,8,2,5,107,1907,4.672897196,4.672897196,7.476635514,3.738317757,2.803738318,74.76635514,1.869158879
覺菴先生文集,1605,1643,1624,역대문집DB,1,5,2,57,0,0,0,65,,0,1.538461538,0,3.076923077,7.692307692,87.69230769,0
釣隱集,1589,1662,1625,문집총간,0,1,6,92,14,4,11,128,1780,8.59375,0,10.9375,4.6875,0.78125,71.875,3.125
杜谷集,1595,1656,1625,문집총간,2,4,6,326,15,10,6,369,1824,1.62601626,0.54200542,4.06504065,1.62601626,1.08401084,88.34688347,2.7100271
暘溪先生文集,1597,1654,1625,역대문집DB,0,5,6,52,2,4,5,74,,6.756756757,0,2.702702703,8.108108108,6.756756757,70.27027027,5.405405405
竹南堂稿,1587,1666,1626,문집총간,38,0,2,489,4,3,2,538,1689,0.371747212,7.063197026,0.743494424,0.371747212,0,90.89219331,0.557620818
素隱遺稿,1592,1661,1626,문집총간,1,0,4,128,2,16,9,160,1696,5.625,0.625,1.25,2.5,0,80,10
素隱先生遺稿,1592,1661,1626,역대문집DB,5,1,4,143,2,12,10,177,,5.649717514,2.824858757,1.129943503,2.259887006,0.564971751,80.79096045,6.779661017
冶谷集,1595,1658,1626,문집총간,25,39,12,72,35,32,11,226,1893,4.867256637,11.0619469,15.48672566,5.309734513,17.25663717,31.85840708,14.15929204
少痊集,1595,1658,1626,문집총간,19,15,0,128,4,4,2,172,,1.162790698,11.04651163,2.325581395,0,8.720930233,74.41860465,2.325581395
滄洲集,1596,1657,1626,문집총간,33,5,9,162,18,27,4,258,1863,1.550387597,12.79069767,6.976744186,3.488372093,1.937984496,62.79069767,10.46511628
龍洲遺稿,1586,1669,1627,문집총간,119,2,29,714,33,23,58,978,1703,5.930470348,12.16768916,3.374233129,2.965235174,0.204498978,73.00613497,2.351738241
鶴沙集,1587,1667,1627,문집총간,21,14,37,327,59,26,86,570,1776,15.0877193,3.684210526,10.35087719,6.49122807,2.456140351,57.36842105,4.561403509
晩沙稿,1593,1662,1627,문집총간,103,0,1,54,14,5,4,181,1759,2.209944751,56.90607735,7.73480663,0.552486188,0,29.83425414,2.762430939
虛白堂詩集,1593,1661,1627,역대문집DB,0,0,0,372,0,0,0,372,,0,0,0,0,0,100,0
晴峯集,1594,1660,1627,문집총간,10,0,2,524,0,4,0,540,1673,0,1.851851852,0,0.37037037,0,97.03703704,0.740740741
睡隱遺集,1595,1660,1627,문집총간,0,10,3,66,11,3,9,102,1771,8.823529412,0,10.78431373,2.941176471,9.803921569,64.70588235,2.941176471
台溪集,1597,1658,1627,문집총간,19,5,9,453,10,4,10,510,1683,1.960784314,3.725490196,1.960784314,1.764705882,0.980392157,88.82352941,0.784313725
松坡集,1599,1655,1627,문집총간,12,0,18,214,3,7,3,257,1715,1.167315175,4.6692607,1.167315175,7.003891051,0,83.26848249,2.723735409
習窩遺集,1600,1654,1627,역대문집DB,0,3,3,77,2,2,0,87,,0,0,2.298850575,3.448275862,3.448275862,88.50574713,2.298850575
文谷先生遺集,1602,1653,1627,역대문집DB,0,0,3,74,6,2,1,86,,1.162790698,0,6.976744186,3.488372093,0,86.04651163,2.325581395
猿溪文集,1589,1668,1628,역대문집DB,0,6,4,380,16,0,0,406,,0,0,3.9408867,0.985221675,1.477832512,93.59605911,0
于郊堂遺稿,1590,1666,1628,문집총간,0,8,3,634,5,4,4,658,1922,0.607902736,0,0.759878419,0.455927052,1.215805471,96.35258359,0.607902736
涬溟齋詩集,1591,1666,1628,문집총간,0,0,2,607,0,0,0,609,1725,0,0,0,0.328407225,0,99.67159278,0
四友堂集,1597,1659,1628,문집총간,25,79,8,91,21,3,10,237,1890,4.219409283,10.54852321,8.860759494,3.375527426,33.33333333,38.39662447,1.265822785
秋潭先生遺集,1599,1657,1628,역대문집DB,0,11,0,34,5,0,1,51,,1.960784314,0,9.803921569,0,21.56862745,66.66666667,0
鶴洲全集,1602,1654,1628,문집총간,29,6,6,417,8,21,12,499,1718,2.404809619,5.811623246,1.603206413,1.20240481,1.20240481,83.56713427,4.208416834
明溪逸稿,1602,1655,1628,역대문집DB,0,1,18,281,10,3,0,313,,0,0,3.194888179,5.750798722,0.319488818,89.77635783,0.958466454
孤山遺稿,1587,1671,1629,문집총간,37,133,4,272,7,20,9,482,1796,1.867219917,7.676348548,1.452282158,0.829875519,27.593361,56.43153527,4.149377593
東巖先生文集,1587,1671,1629,역대문집DB,1,0,14,426,0,5,1,447,,0.223713647,0.223713647,0,3.131991051,0,95.30201342,1.118568233
遯軒集,1588,1671,1629,문집총간,6,2,2,474,1,4,2,491,1890,0.407331976,1.221995927,0.203665988,0.407331976,0.407331976,96.53767821,0.814663951
東州集,1589,1670,1629,문집총간,2,6,55,1702,27,40,81,1913,,4.234187141,0.104547831,1.411395714,2.875065342,0.313643492,88.97020387,2.090956613
翠微大師集,1590,1668,1629,역대문집DB,0,1,2,160,0,0,0,163,,0,0,0,1.226993865,0.613496933,98.1595092,0
謙齋集,1593,1666,1629,문집총간,2,142,17,329,54,128,15,687,1746,2.183406114,0.291120815,7.860262009,2.474526929,20.66957787,47.88937409,18.63173217
溪西逸稿,1595,1664,1629,문집총간,14,14,3,50,5,11,3,100,1863,3,14,5,3,14,50,11
東溪集,1595,1664,1629,역대문집DB,1,7,7,43,0,8,0,66,,0,1.515151515,0,10.60606061,10.60606061,65.15151515,12.12121212
野塘遺稿,1596,1663,1629,문집총간,0,0,0,749,0,0,0,749,,0,0,0,0,0,100,0
知分軒先生文集,1598,1660,1629,역대문집DB,3,6,5,35,12,4,0,65,,0,4.615384615,18.46153846,7.692307692,9.230769231,53.84615385,6.153846154
湖洲集,1599,1660,1629,문집총간,34,0,9,448,16,7,13,527,1677,2.466793169,6.451612903,3.036053131,1.707779886,0,85.00948767,1.328273245
塘村集,1605,1654,1629,문집총간,9,1,13,296,3,11,5,338,1907,1.479289941,2.662721893,0.887573964,3.846153846,0.295857988,87.5739645,3.25443787
三休逸稿,1605,1653,1629,역대문집DB,0,2,1,190,4,2,0,199,,0,0,2.010050251,0.502512563,1.005025126,95.47738693,1.005025126
三棄堂先生文集,1598,1663,1630,역대문집DB,0,0,1,91,1,0,1,94,,1.063829787,0,1.063829787,1.063829787,0,96.80851064,0
漫浪集,1604,1656,1630,문집총간,28,0,17,622,18,13,15,713,1668,2.103786816,3.927068724,2.52454418,2.384291725,0,87.23702665,1.823281907
樂靜集,1606,1655,1630,문집총간,144,0,1,476,0,3,1,625,1670,0.16,23.04,0,0.16,0,76.16,0.48
愚齋文集,1591,1671,1631,역대문집DB,1,2,7,150,12,4,0,176,,0,0.568181818,6.818181818,3.977272727,1.136363636,85.22727273,2.272727273
眠窩集,1592,1671,1631,역대문집DB,16,2,1,223,0,0,2,244,,0.819672131,6.557377049,0,0.409836066,0.819672131,91.39344262,0
石屛集,1594,1669,1631,문집총간,14,1,3,262,4,14,0,298,1913,0,4.697986577,1.342281879,1.006711409,0.33557047,87.91946309,4.697986577
開谷先生遺集,1598,1665,1631,역대문집DB,5,6,5,281,12,5,6,320,,1.875,1.5625,3.75,1.5625,1.875,87.8125,1.5625
南皐文集,1605,1658,1631,역대문집DB,0,4,2,483,5,1,0,495,,0,0,1.01010101,0.404040404,0.808080808,97.57575758,0.202020202
石溪集,1590,1674,1632,문집총간,1,13,6,169,22,13,14,238,,5.882352941,0.420168067,9.243697479,2.521008403,5.462184874,71.00840336,5.462184874
陶窩先生文集,1596,1669,1632,역대문집DB,0,10,0,60,2,1,3,76,,3.947368421,0,2.631578947,0,13.15789474,78.94736842,1.315789474
東土先生文集,1596,1668,1632,역대문집DB,0,0,0,295,0,0,0,295,,0,0,0,0,0,100,0
商谷集,1597,1668,1632,문집총간,11,0,3,230,3,2,1,250,1798,0.4,4.4,1.2,1.2,0,92,0.8
石屛先生文集,1597,1668,1632,역대문집DB,1,9,3,37,2,0,2,54,,3.703703704,1.851851852,3.703703704,5.555555556,16.66666667,68.51851852,0
伊溪集,1598,1667,1632,역대문집DB,3,3,14,194,8,14,9,245,,3.673469388,1.224489796,3.265306122,5.714285714,1.224489796,79.18367347,5.714285714
愚川集,1601,1663,1632,문집총간,1,26,17,392,26,91,12,565,1833,2.123893805,0.17699115,4.601769912,3.008849558,4.601769912,69.38053097,16.10619469
百拙庵集,1602,1662,1632,문집총간,7,25,3,135,11,2,3,186,1789,1.612903226,3.76344086,5.913978495,1.612903226,13.44086022,72.58064516,1.075268817
西歸遺藁,1602,1662,1632,문집총간,1,17,19,262,22,17,10,348,1876,2.873563218,0.287356322,6.32183908,5.459770115,4.885057471,75.28735632,4.885057471
百拙庵先生文集,1602,1662,1632,역대문집DB,0,23,2,197,8,0,0,230,,0,0,3.47826087,0.869565217,10,85.65217391,0
東江遺集,1605,1660,1632,문집총간,23,0,10,351,28,14,8,434,1690,1.843317972,5.299539171,6.451612903,2.304147465,0,80.87557604,3.225806452
松坡遺稿,1611,1654,1632,역대문집DB,0,0,2,48,0,1,2,53,,3.773584906,0,0,3.773584906,0,90.56603774,1.886792453
白軒集,1595,1671,1633,문집총간,232,54,56,1532,83,52,88,2097,1700,4.196471149,11.06342394,3.958035289,2.67048164,2.575107296,73.05674773,2.479732952
騏峯集,1598,1668,1633,문집총간,4,1,2,436,0,5,1,449,1802,0.222717149,0.890868597,0,0.445434298,0.222717149,97.10467706,1.113585746
瓢隱集,1598,1669,1633,문집총간,0,37,2,177,12,1,6,235,1735,2.553191489,0,5.106382979,0.85106383,15.74468085,75.31914894,0.425531915
醉隱逸稿,1603,1664,1633,역대문집DB,0,16,0,52,7,0,0,75,,0,0,9.333333333,0,21.33333333,69.33333333,0
幽軒文集,1604,1663,1633,역대문집DB,0,0,0,148,1,0,1,150,,0.666666667,0,0.666666667,0,0,98.66666667,0
休?遺稿,1607,1659,1633,역대문집DB,0,1,2,399,0,2,0,404,,0,0,0,0.495049505,0.247524752,98.76237624,0.495049505
滄洲遺稿,1610,1656,1633,문집총간,84,1,1,325,25,18,5,459,1708,1.089324619,18.30065359,5.446623094,0.217864924,0.217864924,70.80610022,3.921568627
活齋集,1613,1654,1633,문집총간,2,11,15,92,6,205,5,336,1805,1.488095238,0.595238095,1.785714286,4.464285714,3.273809524,27.38095238,61.01190476
學稼齋文集,1599,1669,1634,역대문집DB,7,1,14,325,23,15,0,385,,0,1.818181818,5.974025974,3.636363636,0.25974026,84.41558442,3.896103896
抱翁集,1600,1668,1634,문집총간,10,34,3,42,22,6,10,127,1914,7.874015748,7.874015748,17.32283465,2.362204724,26.77165354,33.07086614,4.724409449
斗巖文集,1609,1660,1634,역대문집DB,1,7,8,47,1,0,0,64,,0,1.5625,1.5625,12.5,10.9375,73.4375,0
百千堂遺稿,1615,1653,1634,역대문집DB,20,0,1,93,2,0,1,117,,0.854700855,17.09401709,1.709401709,0.854700855,0,79.48717949,0
百源集,1596,1675,1635,문집총간,7,191,5,242,18,3,6,472,1755,1.271186441,1.483050847,3.813559322,1.059322034,40.46610169,51.27118644,0.63559322
東溟集,1597,1673,1635,문집총간,0,0,2,777,0,0,0,779,1674,0,0,0,0.256739409,0,99.74326059,0
漁隱先生文集,1599,1672,1635,역대문집DB,0,30,6,118,6,21,0,181,,0,0,3.314917127,3.314917127,16.57458564,65.19337017,11.60220994
晩悟集,1600,1670,1635,역대문집DB,1,13,4,68,9,0,0,95,,0,1.052631579,9.473684211,4.210526316,13.68421053,71.57894737,0
臺隱先生文集,1604,1666,1635,역대문집DB,0,3,0,88,4,6,1,102,,0.980392157,0,3.921568627,0,2.941176471,86.2745098,5.882352941
晩洲集,1606,1664,1635,문집총간,27,0,2,557,1,17,0,604,1748,0,4.470198675,0.165562914,0.331125828,0,92.21854305,2.814569536
寒泉集,1606,1665,1635,역대문집DB,0,7,6,207,0,4,0,224,,0,0,0,2.678571429,3.125,92.41071429,1.785714286
市南集,1607,1664,1635,문집총간,81,292,13,683,47,63,19,1198,1805,1.585976628,6.761268781,3.923205342,1.085141903,24.37395659,57.01168614,5.258764608
市南先生文集附錄,1607,1664,1635,역대문집DB,84,96,19,721,33,32,16,1001,,1.598401598,8.391608392,3.296703297,1.898101898,9.59040959,72.02797203,3.196803197
滄巖遺稿,1610,1660,1635,역대문집DB,0,4,4,171,2,0,0,181,,0,0,1.104972376,2.209944751,2.209944751,94.47513812,0
魯庵集,1597,1675,1636,문집총간,15,2,8,49,10,2,7,93,1850,7.52688172,16.12903226,10.75268817,8.602150538,2.150537634,52.68817204,2.150537634
拙齋集,1598,1674,1636,문집총간,8,60,18,131,18,48,15,298,1791,5.033557047,2.684563758,6.040268456,6.040268456,20.13422819,43.95973154,16.10738255
孤松集,1600,1673,1636,문집총간,2,0,7,167,9,1,2,188,1739,1.063829787,1.063829787,4.787234043,3.723404255,0,88.82978723,0.531914894
龍西集,1601,1672,1636,문집총간,3,1,3,224,9,6,5,251,1775,1.992031873,1.195219124,3.585657371,1.195219124,0.398406375,89.24302789,2.390438247
潛隱實記,1602,1671,1636,역대문집DB,1,37,15,59,25,3,6,146,,4.109589041,0.684931507,17.12328767,10.2739726,25.34246575,40.4109589,2.054794521
梅軒集,1606,1666,1636,역대문집DB,0,0,15,139,8,0,0,162,,0,0,4.938271605,9.259259259,0,85.80246914,0
?穎西文集,1606,1666,1636,역대문집DB,3,7,11,367,6,9,0,403,,0,0.744416873,1.488833747,2.729528536,1.736972705,91.06699752,2.23325062
學圃集,1607,1665,1636,역대문집DB,16,3,8,144,0,9,0,180,,0,8.888888889,0,4.444444444,1.666666667,80,5
久堂先生集,1607,1666,1636,역대문집DB,80,6,27,1037,33,37,11,1231,,0.893582453,6.498781478,2.68074736,2.193338749,0.487408611,84.24045491,3.005686434
靜虛堂集,1612,1661,1636,문집총간,0,3,18,49,3,15,1,89,1708,1.123595506,0,3.370786517,20.2247191,3.370786517,55.05617978,16.85393258
太古亭文集,1597,1678,1637,역대문집DB,1,30,16,87,2,12,13,161,,8.074534161,0.621118012,1.242236025,9.937888199,18.63354037,54.03726708,7.453416149
聽天堂集,1599,1676,1637,문집총간,33,28,4,135,33,5,9,247,,3.643724696,13.36032389,13.36032389,1.619433198,11.33603239,54.65587045,2.024291498
鷗浦集,1600,1674,1637,문집총간,11,0,1,271,1,13,0,297,1696,0,3.703703704,0.336700337,0.336700337,0,91.24579125,4.377104377
陽坡遺稿,1602,1673,1637,문집총간,275,5,1,472,13,19,2,787,,0.254129606,34.94282084,1.65184244,0.127064803,0.635324015,59.97458704,2.414231258
竹堂集,1610,1665,1637,문집총간,60,0,32,993,17,2,11,1115,1689,0.986547085,5.381165919,1.524663677,2.869955157,0,89.05829596,0.179372197
桂窩集,1616,1659,1637,문집총간,1,0,4,176,3,1,3,188,,1.595744681,0.531914894,1.595744681,2.127659574,0,93.61702128,0.531914894
記言,1595,1682,1638,문집총간,166,197,155,100,69,334,285,1306,1772,21.82235835,12.71056662,5.28330781,11.86830015,15.08422665,7.656967841,25.57427259
拙齋先生文集,1598,1678,1638,역대문집DB,3,55,13,165,17,22,15,290,,5.172413793,1.034482759,5.862068966,4.482758621,18.96551724,56.89655172,7.586206897
明窩遺稿,1598,1678,1638,역대문집DB,0,0,3,56,0,2,0,61,,0,0,0,4.918032787,0,91.80327869,3.278688525
壽軒稿,1599,1678,1638,역대문집DB,0,4,7,199,11,1,0,222,,0,0,4.954954955,3.153153153,1.801801802,89.63963964,0.45045045
艮湖先生集,1603,1673,1638,역대문집DB,5,0,0,66,2,0,2,75,,2.666666667,6.666666667,2.666666667,0,0,88,0
炭翁集,1604,1672,1638,문집총간,26,164,0,214,39,35,15,493,1738,3.042596349,5.273833671,7.910750507,0,33.26572008,43.40770791,7.099391481
雪海遺稿,1604,1672,1638,문집총간,15,0,1,362,3,28,0,409,,0,3.667481663,0.733496333,0.244498778,0,88.50855746,6.84596577
安谷集,1605,1672,1638,역대문집DB,4,0,2,588,0,2,0,596,,0,0.67114094,0,0.33557047,0,98.65771812,0.33557047
雪嶽堂先生逸稿,1608,1668,1638,역대문집DB,1,30,0,22,0,0,0,53,,0,1.886792453,0,0,56.60377358,41.50943396,0
葵窓遺稿,1614,1662,1638,문집총간,8,4,8,927,2,18,4,971,1712,0.411946447,0.823892894,0.205973223,0.823892894,0.411946447,95.46858908,1.853759011
春沼子集,1619,1658,1638,문집총간,5,6,14,174,13,37,13,262,1682,4.961832061,1.908396947,4.961832061,5.34351145,2.290076336,66.41221374,14.1221374
伴鷗堂遺稿,1599,1680,1639,역대문집DB,0,17,1,37,0,0,0,55,,0,0,0,1.818181818,30.90909091,67.27272727,0
石湖遺稿,1606,1672,1639,문집총간,17,293,0,53,61,0,6,430,,1.395348837,3.953488372,14.18604651,0,68.13953488,12.3255814,0
同春堂集,1606,1672,1639,문집총간,252,604,10,75,92,10,53,1096,1687,4.835766423,22.99270073,8.394160584,0.912408759,55.10948905,6.843065693,0.912408759
無何堂遺稿,1606,1672,1639,문집총간,29,2,2,1430,69,0,0,1532,,0,1.892950392,4.503916449,0.130548303,0.130548303,93.34203655,0
石湖先生遺稿,1606,1673,1639,역대문집DB,16,23,0,54,43,0,1,137,,0.729927007,11.67883212,31.38686131,0,16.78832117,39.41605839,0
雲溪先生文集,1607,1671,1639,역대문집DB,7,5,5,136,1,19,2,175,,1.142857143,4,0.571428571,2.857142857,2.857142857,77.71428571,10.85714286
晦谷集,1608,1670,1639,문집총간,36,0,3,470,22,6,3,540,1694,0.555555556,6.666666667,4.074074074,0.555555556,0,87.03703704,1.111111111
續錄 一,1608,1671,1639,역대문집DB,2,3,11,1486,6,24,8,1540,,0.519480519,0.12987013,0.38961039,0.714285714,0.194805195,96.49350649,1.558441558
魯西遺稿,1610,1669,1639,문집총간,45,309,9,350,49,44,21,827,1712,2.53929867,5.441354293,5.92503023,1.088270859,37.36396614,42.3216445,5.320435308
主一窩先生文集,1618,1661,1639,역대문집DB,18,3,1,65,6,6,2,101,,1.98019802,17.82178218,5.940594059,0.99009901,2.97029703,64.35643564,5.940594059
西溪集,1600,1681,1640,역대문집DB,0,17,1,134,28,0,1,181,,0.552486188,0,15.46961326,0.552486188,9.392265193,74.03314917,0
不?堂逸稿,1601,1680,1640,역대문집DB,0,0,1,62,7,0,0,70,,0,0,10,1.428571429,0,88.57142857,0
?軒先生文集,1605,1675,1640,역대문집DB,2,8,1,45,4,0,5,65,,7.692307692,3.076923077,6.153846154,1.538461538,12.30769231,69.23076923,0
松谷集,1609,1671,1640,문집총간,104,0,1,179,57,11,17,369,1705,4.60704607,28.18428184,15.44715447,0.27100271,0,48.50948509,2.98102981
藏六堂遺集,1615,1665,1640,문집총간,14,1,2,155,6,0,1,179,1685,0.558659218,7.82122905,3.351955307,1.117318436,0.558659218,86.59217877,0
淸溪集,1620,1660,1640,문집총간,29,0,2,274,8,6,2,321,1695,0.62305296,9.034267913,2.492211838,0.62305296,0,85.35825545,1.869158879
松溪集,1622,1658,1640,문집총간,17,6,4,338,9,3,1,378,1774,0.264550265,4.497354497,2.380952381,1.058201058,1.587301587,89.41798942,0.793650794
初菴集,1624,1656,1640,문집총간,19,10,10,424,10,18,5,496,,1.008064516,3.830645161,2.016129032,2.016129032,2.016129032,85.48387097,3.629032258
南谷逸稿,1599,1684,1641,역대문집DB,0,0,0,195,0,0,0,195,,0,0,0,0,0,100,0
栢巖先生文集,1603,1680,1641,역대문집DB,1,47,31,19,32,11,27,168,,16.07142857,0.595238095,19.04761905,18.45238095,27.97619048,11.30952381,6.547619048
竹軒先生文集,1604,1678,1641,역대문집DB,5,0,1,44,0,0,0,50,,0,10,0,2,0,88,0
霧隱先生文集,1605,1678,1641,역대문집DB,110,22,1,58,0,3,0,194,,0,56.70103093,0,0.515463918,11.34020619,29.89690722,1.546391753
忍齋集,1610,1672,1641,역대문집DB,1,25,9,39,3,13,0,90,,0,1.111111111,3.333333333,10,27.77777778,43.33333333,14.44444444
碧城錄,1610,1673,1641,역대문집DB,0,0,0,144,0,0,0,144,,0,0,0,0,0,100,0
久堂集,1612,1671,1641,문집총간,102,6,31,1318,45,52,14,1568,1730,0.892857143,6.505102041,2.869897959,1.977040816,0.382653061,84.05612245,3.316326531
月潭先生文集附錄,1612,1671,1641,역대문집DB,0,2,7,46,0,1,0,56,,0,0,0,12.5,3.571428571,82.14285714,1.785714286
漫翁先生遺稿,1613,1669,1641,역대문집DB,0,4,0,131,2,0,4,141,,2.836879433,0,1.418439716,0,2.836879433,92.90780142,0
南坡先生文集,1614,1669,1641,역대문집DB,5,5,1,107,15,3,6,142,,4.225352113,3.521126761,10.56338028,0.704225352,3.521126761,75.35211268,2.112676056
雪峯遺稿,1603,1681,1642,문집총간,70,0,10,1609,24,20,34,1767,,1.924165252,3.961516695,1.358234295,0.565930956,0,91.05829089,1.131861913
遜愚先生文集,1604,1680,1642,역대문집DB,8,18,8,172,7,29,4,246,,1.62601626,3.25203252,2.845528455,3.25203252,7.317073171,69.91869919,11.78861789
華谷遺稿,1606,1679,1642,역대문집DB,7,4,10,466,9,11,9,516,,1.744186047,1.356589147,1.744186047,1.937984496,0.775193798,90.31007752,2.131782946
?菴遺稿,1607,1677,1642,역대문집DB,2,5,4,138,0,0,3,152,,1.973684211,1.315789474,0,2.631578947,3.289473684,90.78947368,0
南谷先生文集,1610,1674,1642,역대문집DB,3,7,1,66,4,5,1,87,,1.149425287,3.448275862,4.597701149,1.149425287,8.045977011,75.86206897,5.747126437
八斯遺稿,1611,1673,1642,문집총간,0,5,6,128,22,2,3,166,1889,1.807228916,0,13.25301205,3.614457831,3.012048193,77.10843373,1.204819277
六谷遺稿,1613,1671,1642,문집총간,84,1,4,125,7,1,7,229,1865,3.056768559,36.68122271,3.056768559,1.746724891,0.436681223,54.58515284,0.436681223
石門集,1618,1666,1642,문집총간,5,8,8,344,8,10,4,387,1874,1.033591731,1.291989664,2.067183463,2.067183463,2.067183463,88.88888889,2.583979328
聾齋集,1602,1685,1643,역대문집DB,0,0,0,130,0,0,0,130,,0,0,0,0,0,100,0
晩洲遺集,1606,1680,1643,문집총간,14,1,27,720,10,22,2,796,1794,0.251256281,1.75879397,1.256281407,3.391959799,0.125628141,90.45226131,2.763819095
不求黨先生文集,1606,1681,1643,역대문집DB,2,0,11,71,24,6,0,114,,0,1.754385965,21.05263158,9.649122807,0,62.28070175,5.263157895
歸溪遺稿,1616,1671,1643,문집총간,42,1,7,63,5,1,10,129,1672,7.751937984,32.55813953,3.875968992,5.426356589,0.775193798,48.8372093,0.775193798
柏谷集,1604,1684,1644,문집총간,28,8,63,1085,15,64,20,1283,1687,1.558846454,2.182385035,1.16913484,4.910366329,0.623538581,84.56742011,4.988308652
晩?堂集,1609,1679,1644,역대문집DB,1,1,4,37,19,2,0,64,,0,1.5625,29.6875,6.25,1.5625,57.8125,3.125
竹軒集,1611,1678,1644,문집총간,5,3,5,86,13,3,6,121,1936,4.958677686,4.132231405,10.74380165,4.132231405,2.479338843,71.07438017,2.479338843
晩學堂先生文集,1622,1666,1644,역대문집DB,2,66,16,109,0,1,7,201,,3.482587065,0.995024876,0,7.960199005,32.8358209,54.22885572,0.497512438
草廬集,1607,1684,1645,문집총간,145,626,8,219,52,44,18,1112,1805,1.618705036,13.03956835,4.676258993,0.71942446,56.29496403,19.6942446,3.956834532
慕庵先生文集,1607,1683,1645,역대문집DB,4,20,1,171,14,3,1,214,,0.46728972,1.869158879,6.542056075,0.46728972,9.345794393,79.90654206,1.401869159
存齋集,1619,1672,1645,문집총간,4,52,8,146,22,6,13,251,1696,5.179282869,1.593625498,8.764940239,3.187250996,20.71713147,58.16733068,2.390438247
南坡集,1605,1687,1646,문집총간,109,44,3,477,6,15,12,666,1782,1.801801802,16.36636637,0.900900901,0.45045045,6.606606607,71.62162162,2.252252252
柳溪集,1630,1662,1646,역대문집DB,2,1,1,156,13,0,0,173,,0,1.156069364,7.514450867,0.578034682,0.578034682,90.1734104,0
南磵集,1613,1681,1647,역대문집DB,0,0,1,216,0,24,4,245,,1.632653061,0,0,0.408163265,0,88.16326531,9.795918367
點?窩先生文集,1616,1678,1647,역대문집DB,0,2,7,76,3,1,5,94,,5.319148936,0,3.191489362,7.446808511,2.127659574,80.85106383,1.063829787
東里集,1617,1678,1647,문집총간,54,1,4,914,24,40,2,1039,1702,0.192492782,5.197305101,2.309913378,0.384985563,0.096246391,87.96920115,3.84985563
鬧隱集,1617,1678,1647,문집총간,0,0,5,65,3,13,3,89,1792,3.370786517,0,3.370786517,5.617977528,0,73.03370787,14.60674157
木齋集,1620,1674,1647,문집총간,6,40,19,283,26,80,28,482,1761,5.809128631,1.244813278,5.394190871,3.941908714,8.298755187,58.71369295,16.59751037
南圃集,1624,1671,1647,문집총간,4,17,18,457,10,71,7,584,1831,1.198630137,0.684931507,1.712328767,3.082191781,2.910958904,78.25342466,12.15753425
宋子大全,1607,1689,1648,문집총간,595,6410,364,624,231,601,609,9434,1901,6.455374179,6.306974772,2.448590206,3.858384566,67.94572822,6.614373543,6.370574518
尤菴先生別集,1607,1689,1648,역대문집DB,566,623,213,528,61,77,534,2602,,20.52267487,21.75249808,2.3443505,8.186010761,23.94312068,20.29208301,2.959262106
竹軒文集,1609,1688,1648,역대문집DB,1,0,14,85,6,1,9,116,,7.75862069,0.862068966,5.172413793,12.06896552,0,73.27586207,0.862068966
存養齋集,1612,1684,1648,문집총간,11,15,8,152,31,5,12,234,1901,5.128205128,4.700854701,13.24786325,3.418803419,6.41025641,64.95726496,2.136752137
明谷集,1614,1683,1648,문집총간,4,0,4,176,6,3,4,197,1902,2.030456853,2.030456853,3.045685279,2.030456853,0,89.34010152,1.52284264
野堂遺稿,1616,1680,1648,문집총간,19,0,2,55,4,2,6,88,1909,6.818181818,21.59090909,4.545454545,2.272727273,0,62.5,2.272727273
白湖集,1617,1680,1648,문집총간,223,144,19,202,31,30,18,667,1927,2.698650675,33.43328336,4.647676162,2.848575712,21.5892054,30.28485757,4.497751124
鳩齋先生文集,1621,1675,1648,역대문집DB,2,11,0,314,9,4,0,340,,0,0.588235294,2.647058824,0,3.235294118,92.35294118,1.176470588
靜觀齋集,1628,1669,1648,문집총간,46,302,14,372,32,57,10,833,1682,1.200480192,5.522208884,3.841536615,1.680672269,36.2545018,44.65786315,6.842737095
松峯遺稿,1620,1679,1649,문집총간,7,7,12,184,24,25,7,266,1908,2.631578947,2.631578947,9.022556391,4.511278195,2.631578947,69.17293233,9.398496241
竹西集,1625,1673,1649,문집총간,53,0,1,0,0,0,1,55,1685,1.818181818,96.36363636,0,1.818181818,0,0,0
蒙庵集,1616,1684,1650,역대문집DB,3,5,16,341,10,13,7,395,,1.772151899,0.759493671,2.53164557,4.050632911,1.265822785,86.32911392,3.291139241
伊溪集,1620,1681,1650,문집총간,9,7,19,263,24,26,17,365,1820,4.657534247,2.465753425,6.575342466,5.205479452,1.917808219,72.05479452,7.123287671
錦翁集,1628,1673,1650,문집총간,1,34,5,53,13,7,5,118,1732,4.237288136,0.847457627,11.01694915,4.237288136,28.81355932,44.91525424,5.93220339
滄洲先生文集,1619,1684,1651,역대문집DB,0,6,4,58,8,2,6,84,,7.142857143,0,9.523809524,4.761904762,7.142857143,69.04761905,2.380952381
歸巖集,1622,1680,1651,문집총간,79,16,15,206,52,13,26,407,1871,6.388206388,19.41031941,12.77641278,3.685503686,3.931203931,50.61425061,3.194103194
泛翁集,1623,1680,1651,문집총간,13,0,6,543,4,2,4,572,1709,0.699300699,2.272727273,0.699300699,1.048951049,0,94.93006993,0.34965035
二休亭文集,1635,1667,1651,역대문집DB,0,13,2,50,2,6,0,73,,0,0,2.739726027,2.739726027,17.80821918,68.49315068,8.219178082
八松集,1611,1693,1652,문집총간,11,4,14,399,16,20,8,472,1902,1.694915254,2.330508475,3.389830508,2.966101695,0.847457627,84.53389831,4.237288136
秋潭集,1614,1690,1652,문집총간,56,16,7,449,15,12,2,557,,0.359066427,10.05385996,2.692998205,1.256732496,2.872531418,80.61041293,2.154398564
石洞遺稿,1615,1689,1652,문집총간,0,23,7,143,18,10,11,212,1935,5.188679245,0,8.490566038,3.301886792,10.8490566,67.45283019,4.716981132
楓渠遺稿,1617,1688,1652,역대문집DB,1,4,10,157,2,8,1,183,,0.546448087,0.546448087,1.092896175,5.464480874,2.18579235,85.79234973,4.371584699
反招堂先生文集,1617,1687,1652,역대문집DB,6,12,2,55,3,1,1,80,,1.25,7.5,3.75,2.5,15,68.75,1.25
安塢先生逸稿,1621,1683,1652,역대문집DB,0,39,1,16,2,0,0,58,,0,0,3.448275862,1.724137931,67.24137931,27.5862069,0
鳩谷文集,1626,1679,1652,역대문집DB,10,41,0,76,10,8,3,148,,2.027027027,6.756756757,6.756756757,0,27.7027027,51.35135135,5.405405405
翠巖遺集,1619,1687,1653,역대문집DB,1,0,2,106,0,1,0,110,,0,0.909090909,0,1.818181818,0,96.36363636,0.909090909
梧灘集,1620,1688,1654,문집총간,28,0,4,1978,15,0,2,2027,1708,0.098667982,1.381351751,0.740009867,0.197335964,0,97.58263444,0
梅壑先生遺稿,1622,1687,1654,역대문집DB,5,249,16,23,12,24,2,331,,0.604229607,1.510574018,3.625377644,4.833836858,75.2265861,6.948640483,7.250755287
悔堂先生文集,1627,1681,1654,역대문집DB,1,17,0,67,3,0,0,88,,0,1.136363636,3.409090909,0,19.31818182,76.13636364,0
打愚遺稿,1620,1690,1655,문집총간,80,113,4,91,13,5,10,316,1761,3.164556962,25.3164557,4.113924051,1.265822785,35.75949367,28.79746835,1.582278481
六寓堂遺稿,1628,1682,1655,문집총간,54,0,7,1578,26,13,1,1679,,0.059559261,3.216200119,1.548540798,0.41691483,0,93.98451459,0.774270399
九峯集,1630,1680,1655,문집총간,6,1,2,237,3,3,1,253,,0.395256917,2.371541502,1.185770751,0.790513834,0.395256917,93.67588933,1.185770751
損庵集,1631,1680,1655,문집총간,32,35,7,113,13,21,4,225,1749,1.777777778,14.22222222,5.777777778,3.111111111,15.55555556,50.22222222,9.333333333
竹菴遺蹟,1622,1691,1656,역대문집DB,1,2,1,63,0,1,0,68,,0,1.470588235,0,1.470588235,2.941176471,92.64705882,1.470588235
陽谷集,1624,1689,1656,문집총간,43,0,5,146,23,8,4,229,1762,1.746724891,18.77729258,10.04366812,2.183406114,0,63.75545852,3.493449782
水村集,1632,1681,1656,문집총간,96,4,2,217,4,20,5,348,1932,1.436781609,27.5862069,1.149425287,0.574712644,1.149425287,62.35632184,5.747126437
畏齋集,1625,1689,1657,문집총간,36,49,8,230,17,5,33,378,,8.73015873,9.523809524,4.497354497,2.116402116,12.96296296,60.84656085,1.322751323
汾厓遺稿,1628,1687,1657,문집총간,38,4,2,1222,28,25,9,1328,1734,0.677710843,2.861445783,2.108433735,0.15060241,0.301204819,92.01807229,1.88253012
東山遺稿,1628,1686,1657,문집총간,0,28,4,72,11,7,6,128,1881,4.6875,0,8.59375,3.125,21.875,56.25,5.46875
終慕堂集,1630,1684,1657,역대문집DB,2,4,4,53,2,3,0,68,,0,2.941176471,2.941176471,5.882352941,5.882352941,77.94117647,4.411764706
雪蕉遺稿,1632,1682,1657,문집총간,0,0,1,157,0,0,0,158,1705,0,0,0,0.632911392,0,99.36708861,0
安村集,1637,1678,1657,문집총간,2,20,1,33,6,10,5,77,1908,6.493506494,2.597402597,7.792207792,1.298701299,25.97402597,42.85714286,12.98701299
日休亭先生文集,1618,1698,1658,역대문집DB,4,16,6,66,19,6,6,123,,4.87804878,3.25203252,15.44715447,4.87804878,13.00813008,53.65853659,4.87804878
泰村先生文集,1623,1693,1658,역대문집DB,2,15,4,161,8,6,2,198,,1.01010101,1.01010101,4.04040404,2.02020202,7.575757576,81.31313131,3.03030303
梅澗集,1625,1691,1658,문집총간,22,0,2,321,0,0,2,347,1722,0.576368876,6.340057637,0,0.576368876,0,92.50720461,0
雲浦遺稿,1625,1691,1658,문집총간,118,0,1,0,0,2,2,123,,1.62601626,95.93495935,0,0.81300813,0,0,1.62601626
退憂堂集,1626,1690,1658,문집총간,114,32,6,242,2,8,5,409,1710,1.222493888,27.87286064,0.488997555,1.466992665,7.82396088,59.16870416,1.95599022
朴谷文集,1629,1688,1658,역대문집DB,14,15,2,4,13,1,2,51,,3.921568627,27.45098039,25.49019608,3.921568627,29.41176471,7.843137255,1.960784314
文貞公遺稿,1630,1687,1658,문집총간,189,585,0,144,79,6,0,1003,,0,18.84346959,7.876370887,0,58.32502493,14.35692921,0.598205384
槽巖集,1640,1676,1658,문집총간,14,1,2,81,6,1,2,107,1761,1.869158879,13.08411215,5.607476636,1.869158879,0.934579439,75.70093458,0.934579439
芝村集,1623,1695,1659,문집총간,20,65,2,132,16,2,9,246,1865,3.658536585,8.130081301,6.504065041,0.81300813,26.42276423,53.65853659,0.81300813
無愁翁遺稿,1623,1695,1659,역대문집DB,9,13,2,40,0,3,0,67,,0,13.43283582,0,2.985074627,19.40298507,59.70149254,4.47761194
魯魯齋先生文集,1625,1694,1659,역대문집DB,0,4,1,169,0,4,0,178,,0,0,0,0.561797753,2.247191011,94.94382022,2.247191011
恥菴集,1628,1691,1659,문집총간,0,181,5,46,0,11,3,246,1844,1.219512195,0,0,2.032520325,73.57723577,18.69918699,4.471544715
文谷集,1629,1689,1659,문집총간,271,82,18,759,30,24,50,1234,1699,4.051863857,21.96110211,2.431118314,1.458670989,6.645056726,61.50729335,1.944894652
赫臨齋集,1629,1690,1659,역대문집DB,0,2,11,75,2,0,0,90,,0,0,2.222222222,12.22222222,2.222222222,83.33333333,0
八懷堂遺稿,1630,1689,1659,역대문집DB,0,1,0,219,8,0,0,228,,0,0,3.50877193,0,0.438596491,96.05263158,0
鶴巖先生文集,1632,1687,1659,역대문집DB,0,3,1,51,1,0,0,56,,0,0,1.785714286,1.785714286,5.357142857,91.07142857,0
雲溪先生文集,1633,1685,1659,역대문집DB,4,55,6,168,11,7,17,268,,6.343283582,1.492537313,4.104477612,2.23880597,20.52238806,62.68656716,2.611940299
息庵遺稿,1634,1684,1659,문집총간,203,32,8,366,35,300,34,978,1680,3.476482618,20.75664622,3.578732106,0.81799591,3.27198364,37.42331288,30.67484663
一峯集,1634,1685,1659,문집총간,15,4,6,263,10,9,6,313,1717,1.916932907,4.792332268,3.194888179,1.916932907,1.277955272,84.02555911,2.875399361
息庵先生別稿,1634,1684,1659,역대문집DB,214,10,27,373,54,12,31,721,,4.299583911,29.68099861,7.489597781,3.74479889,1.386962552,51.73370319,1.664355062
月洲集,1627,1693,1660,문집총간,94,37,4,204,6,3,5,353,1866,1.416430595,26.62889518,1.699716714,1.133144476,10.4815864,57.79036827,0.849858357
老峯集,1628,1692,1660,문집총간,103,170,5,58,16,6,25,383,1734,6.527415144,26.89295039,4.177545692,1.305483029,44.38642298,15.14360313,1.566579634
壺谷集,1628,1692,1660,문집총간,36,0,20,1480,17,371,26,1950,1695,1.333333333,1.846153846,0.871794872,1.025641026,0,75.8974359,19.02564103
南岳集,1631,1690,1660,문집총간,13,8,18,173,14,5,5,236,1704,2.118644068,5.508474576,5.93220339,7.627118644,3.389830508,73.30508475,2.118644068
西河集,1633,1688,1660,문집총간,96,46,26,491,36,18,16,729,1701,2.19478738,13.16872428,4.938271605,3.566529492,6.310013717,67.35253772,2.469135802
瑞石集,1633,1687,1660,문집총간,195,0,10,412,30,3,30,680,1701,4.411764706,28.67647059,4.411764706,1.470588235,0,60.58823529,0.441176471
義谷遺稿,1621,1702,1661,역대문집DB,8,12,5,16,14,1,0,56,,0,14.28571429,25,8.928571429,21.42857143,28.57142857,1.785714286
江坡先生文集,1622,1700,1661,역대문집DB,3,6,2,48,2,3,5,69,,7.246376812,4.347826087,2.898550725,2.898550725,8.695652174,69.56521739,4.347826087
愚拙?先生文集,1624,1699,1661,역대문집DB,1,0,0,60,0,3,0,64,,0,1.5625,0,0,0,93.75,4.6875
聱齖齋集,1628,1695,1661,문집총간,16,3,16,616,21,24,16,712,1916,2.247191011,2.247191011,2.949438202,2.247191011,0.421348315,86.51685393,3.370786517
寓軒集,1629,1693,1661,문집총간,0,50,1,37,0,12,2,102,1898,1.960784314,0,0,0.980392157,49.01960784,36.2745098,11.76470588
芝湖集,1631,1692,1661,문집총간,21,26,24,148,11,18,34,282,1856,12.05673759,7.446808511,3.90070922,8.510638298,9.219858156,52.4822695,6.382978723
谷雲集,1624,1701,1662,문집총간,0,47,9,97,6,31,5,195,1711,2.564102564,0,3.076923077,4.615384615,24.1025641,49.74358974,15.8974359
無禁堂遺稿,1624,1700,1662,역대문집DB,2,14,6,120,5,5,0,152,,0,1.315789474,3.289473684,3.947368421,9.210526316,78.94736842,3.289473684
三緘齋金先生文集,1635,1689,1662,역대문집DB,0,0,0,56,3,1,0,60,,0,0,5,0,0,93.33333333,1.666666667
迂齋集,1639,1685,1662,문집총간,29,0,3,263,21,30,12,358,1741,3.351955307,8.100558659,5.865921788,0.837988827,0,73.46368715,8.379888268
訴梅堂遺集,1622,1705,1663,역대문집DB,1,17,7,247,4,3,5,284,,1.76056338,0.352112676,1.408450704,2.464788732,5.985915493,86.97183099,1.056338028
淸休齋先生文集,1624,1703,1663,역대문집DB,2,12,3,118,6,3,0,144,,0,1.388888889,4.166666667,2.083333333,8.333333333,81.94444444,2.083333333
孤山集,1625,1701,1663,문집총간,0,78,13,389,43,10,43,576,1775,7.465277778,0,7.465277778,2.256944444,13.54166667,67.53472222,1.736111111
乖厓集,1626,1701,1663,역대문집DB,16,65,2,27,5,6,1,122,,0.819672131,13.1147541,4.098360656,1.639344262,53.27868852,22.13114754,4.918032787
蘆溪集,1627,1700,1663,역대문집DB,29,0,1,216,0,0,2,248,,0.806451613,11.69354839,0,0.403225806,0,87.09677419,0
林湖集,1629,1698,1663,문집총간,12,7,10,366,4,12,3,414,1812,0.724637681,2.898550725,0.966183575,2.415458937,1.690821256,88.4057971,2.898550725
南溪集,1631,1695,1663,문집총간,508,1158,105,702,96,252,188,3009,1732,6.247922898,16.88268528,3.190428714,3.489531406,38.48454636,23.33000997,8.374875374
虛齋集,1632,1695,1663,역대문집DB,0,0,2,96,0,2,0,100,,0,0,0,2,0,96,2
寓軒集,1636,1690,1663,문집총간,16,30,10,217,20,11,9,313,1833,2.875399361,5.111821086,6.389776358,3.194888179,9.584664537,69.32907348,3.514376997
拙修齋集,1638,1689,1663,문집총간,0,90,0,250,16,5,5,366,1710,1.366120219,0,4.371584699,0,24.59016393,68.30601093,1.366120219
龜溪遺稿,1621,1707,1664,역대문집DB,0,0,1,163,0,0,0,164,,0,0,0,0.609756098,0,99.3902439,0
西巖遺稿,1622,1707,1664,문집총간,5,0,2,276,2,4,2,291,1710,0.687285223,1.718213058,0.687285223,0.687285223,0,94.84536082,1.374570447
南溪集,1624,1704,1664,역대문집DB,0,8,1,76,0,1,0,86,,0,0,0,1.162790698,9.302325581,88.37209302,1.162790698
覽懷堂先生文集,1625,1703,1664,역대문집DB,0,6,0,90,4,0,1,101,,0.99009901,0,3.96039604,0,5.940594059,89.10891089,0
恒齋集,1631,1698,1664,문집총간,0,38,3,54,5,12,28,140,1808,20,0,3.571428571,2.142857143,27.14285714,38.57142857,8.571428571
德浦遺稿,1631,1698,1664,문집총간,22,11,1,79,10,2,5,130,1833,3.846153846,16.92307692,7.692307692,0.769230769,8.461538462,60.76923077,1.538461538
明湖文集,1631,1698,1664,역대문집DB,2,4,3,62,1,7,0,79,,0,2.53164557,1.265822785,3.797468354,5.063291139,78.48101266,8.860759494
潛冶集,1633,1695,1664,역대문집DB,15,13,0,0,4,16,2,50,,4,30,8,0,26,0,32
愚軒遺稿,1634,1695,1664,역대문집DB,0,0,5,52,17,0,0,74,,0,0,22.97297297,6.756756757,0,70.27027027,0
西浦集,1637,1692,1664,문집총간,42,0,4,230,11,6,2,295,1702,0.677966102,14.23728814,3.728813559,1.355932203,0,77.96610169,2.033898305
漱菴先生遺集,1639,1689,1664,역대문집DB,1,1,5,101,2,0,0,110,,0,0.909090909,1.818181818,4.545454545,0.909090909,91.81818182,0
葛庵集,1627,1704,1665,문집총간,135,338,43,257,82,28,103,986,1909,10.44624746,13.69168357,8.31643002,4.361054767,34.27991886,26.06490872,2.839756592
雙栢堂集,1630,1701,1665,문집총간,50,0,5,204,2,4,0,265,1721,0,18.86792453,0.754716981,1.886792453,0,76.98113208,1.509433962
醒齋遺稿,1634,1697,1665,문집총간,165,12,22,1048,25,3,1,1276,,0.078369906,12.93103448,1.959247649,1.724137931,0.940438871,82.13166144,0.235109718
砥南先生文集,1635,1696,1665,역대문집DB,0,7,3,61,1,0,0,72,,0,0,1.388888889,4.166666667,9.722222222,84.72222222,0
檀溪先生文集,1640,1691,1665,역대문집DB,29,5,1,215,0,0,0,250,,0,11.6,0,0.4,2,86,0
洞虛齋集,1654,1676,1665,문집총간,2,10,2,38,0,2,1,55,1769,1.818181818,3.636363636,0,3.636363636,18.18181818,69.09090909,3.636363636
愚潭集,1625,1707,1666,문집총간,39,105,8,24,23,17,10,226,1937,4.424778761,17.25663717,10.17699115,3.539823009,46.46017699,10.61946903,7.522123894
洗心亭先生文集,1627,1705,1666,역대문집DB,0,8,6,95,11,2,0,122,,0,0,9.016393443,4.918032787,6.557377049,77.86885246,1.639344262
西溪集,1629,1703,1666,문집총간,63,56,27,556,3,15,80,800,,10,7.875,0.375,3.375,7,69.5,1.875
泛虛亭集,1638,1695,1666,문집총간,45,2,8,294,21,17,5,392,1744,1.275510204,11.47959184,5.357142857,2.040816327,0.510204082,75,4.336734694
是窩遺稿,1646,1687,1666,문집총간,27,0,6,126,13,11,5,188,1739,2.659574468,14.36170213,6.914893617,3.191489362,0,67.0212766,5.85106383
小湖先生文集,1629,1705,1667,역대문집DB,0,3,2,213,5,2,2,227,,0.881057269,0,2.202643172,0.881057269,1.321585903,93.83259912,0.881057269
自足齋遺集,1631,1704,1667,역대문집DB,2,1,0,110,1,1,0,115,,0,1.739130435,0.869565217,0,0.869565217,95.65217391,0.869565217
琴湖遺稿,1632,1702,1667,문집총간,0,0,2,613,0,0,4,619,1712,0.646203554,0,0,0.323101777,0,99.03069467,0
安齋遺集,1634,1700,1667,역대문집DB,0,0,2,78,3,3,0,86,,0,0,3.488372093,2.325581395,0,90.69767442,3.488372093
葵亭集,1636,1699,1667,문집총간,25,0,5,618,28,19,10,705,1778,1.418439716,3.546099291,3.971631206,0.709219858,0,87.65957447,2.695035461
平齋遺集,1636,1698,1667,역대문집DB,0,12,3,27,9,0,3,54,,5.555555556,0,16.66666667,5.555555556,22.22222222,50,0
恬軒集,1638,1697,1667,문집총간,48,0,17,2270,19,21,40,2415,1760,1.6563147,1.98757764,0.786749482,0.703933747,0,93.99585921,0.869565217
秋潭集,1625,1711,1668,문집총간,0,32,1,168,31,3,9,244,1905,3.68852459,0,12.70491803,0.409836066,13.1147541,68.85245902,1.229508197
黃坡集,1628,1708,1668,역대문집DB,0,10,5,63,2,7,1,88,,1.136363636,0,2.272727273,5.681818182,11.36363636,71.59090909,7.954545455
蓮泉遺稿,1638,1699,1668,역대문집DB,0,21,25,283,24,12,0,365,,0,0,6.575342466,6.849315068,5.753424658,77.53424658,3.287671233
聯芳集,1640,1696,1668,역대문집DB,7,13,3,79,3,0,2,107,,1.869158879,6.542056075,2.803738318,2.803738318,12.14953271,73.8317757,0
蒲菴集,1647,1689,1668,역대문집DB,49,8,0,46,0,0,0,103,,0,47.57281553,0,0,7.766990291,44.66019417,0
景玉先生遺集,1629,1710,1669,역대문집DB,1,0,11,110,4,12,9,147,,6.12244898,0.680272109,2.721088435,7.482993197,0,74.82993197,8.163265306
霽月堂集,1630,1709,1669,문집총간,57,0,3,392,14,5,12,483,1819,2.48447205,11.80124224,2.898550725,0.621118012,0,81.15942029,1.035196687
農隱遺稿,1632,1707,1669,문집총간,0,116,1,261,0,18,2,398,1916,0.502512563,0,0,0.251256281,29.14572864,65.57788945,4.522613065
紫雲先生文集,1632,1707,1669,역대문집DB,4,33,20,91,17,11,4,180,,2.222222222,2.222222222,9.444444444,11.11111111,18.33333333,50.55555556,6.111111111
退堂集,1633,1705,1669,문집총간,61,0,13,594,15,8,17,708,,2.401129944,8.615819209,2.118644068,1.836158192,0,83.89830508,1.129943503
雩沙集,1635,1703,1669,문집총간,426,39,3,27,14,15,9,533,1712,1.688555347,79.9249531,2.626641651,0.562851782,7.317073171,5.065666041,2.814258912
槐泉集,1636,1702,1669,역대문집DB,4,19,6,66,8,0,0,103,,0,3.883495146,7.766990291,5.825242718,18.44660194,64.0776699,0
蘆洲集,1637,1702,1669,문집총간,8,2,4,358,23,14,17,426,1747,3.990610329,1.877934272,5.399061033,0.938967136,0.469483568,84.03755869,3.286384977
林下堂文集,1638,1701,1669,역대문집DB,10,6,1,143,0,1,0,161,,0,6.211180124,0,0.621118012,3.726708075,88.81987578,0.621118012
博泉集,1641,1698,1669,문집총간,40,0,44,683,14,23,13,817,1721,1.591187271,4.895960832,1.713586291,5.385556916,0,83.59853121,2.815177479
黔巖遺稿,1642,1697,1669,역대문집DB,3,24,3,64,0,2,6,102,,5.882352941,2.941176471,0,2.941176471,23.52941176,62.74509804,1.960784314
省愆齋遺稿,1647,1691,1669,역대문집DB,0,17,1,139,11,0,5,173,,2.89017341,0,6.358381503,0.578034682,9.826589595,80.34682081,0
松月齋集,1625,1715,1670,문집총간,0,4,12,31,11,37,9,104,,8.653846154,0,10.57692308,11.53846154,3.846153846,29.80769231,35.57692308
藥泉集,1629,1711,1670,문집총간,274,203,33,200,17,34,146,907,1723,16.09702315,30.20948181,1.874310915,3.638368247,22.3814774,22.05071665,3.74862183
錦江集,1629,1711,1670,문집총간,0,126,5,84,19,4,8,246,1772,3.25203252,0,7.723577236,2.032520325,51.2195122,34.14634146,1.62601626
敝帚遺稿,1634,1707,1670,문집총간,0,1,7,179,2,6,1,196,1868,0.510204082,0,1.020408163,3.571428571,0.510204082,91.32653061,3.06122449
明齋遺稿,1629,1714,1671,문집총간,141,1623,40,594,103,39,142,2682,1732,5.294556301,5.257270694,3.840417599,1.49142431,60.51454139,22.14765101,1.454138702
遺稿別,1629,1714,1671,역대문집DB,129,342,58,629,86,14,139,1397,,9.949892627,9.234073014,6.156048676,4.151753758,24.48103078,45.02505369,1.002147459
松坡集,1633,1709,1671,문집총간,45,8,14,1213,19,25,57,1381,,4.127443881,3.258508327,1.375814627,1.013758146,0.579290369,87.83490224,1.810282404
茅庵集,1635,1707,1671,문집총간,3,15,1,146,16,5,13,199,1873,6.532663317,1.507537688,8.040201005,0.502512563,7.537688442,73.36683417,2.512562814
約齋集,1636,1707,1671,문집총간,67,0,7,862,16,6,14,972,1956,1.440329218,6.893004115,1.646090535,0.720164609,0,88.68312757,0.617283951
鳳谷集,1650,1692,1671,문집총간,9,22,2,96,13,11,9,162,1905,5.555555556,5.555555556,8.024691358,1.234567901,13.58024691,59.25925926,6.790123457
定齋集,1654,1689,1671,문집총간,65,182,17,338,67,105,25,799,1702,3.128911139,8.135168961,8.385481852,2.127659574,22.77847309,42.3028786,13.14142678
晩翠堂先生逸集,1634,1710,1672,역대문집DB,0,0,1,63,18,0,0,82,,0,0,21.95121951,1.219512195,0,76.82926829,0
懶隱集,1644,1700,1672,문집총간,29,71,2,367,46,18,8,541,1880,1.478743068,5.360443623,8.502772643,0.369685767,13.12384473,67.83733826,3.327171904
東庵遺稿,1644,1700,1672,역대문집DB,0,1,18,64,23,8,4,118,,3.389830508,0,19.49152542,15.25423729,0.847457627,54.23728814,6.779661017
敬庵先生文集,1646,1699,1672,역대문집DB,1,65,15,173,6,6,9,275,,3.272727273,0.363636364,2.181818182,5.454545455,23.63636364,62.90909091,2.181818182
滄溪集,1649,1696,1672,문집총간,134,322,9,336,6,113,8,928,1708,0.862068966,14.43965517,0.646551724,0.969827586,34.69827586,36.20689655,12.17672414
觀瀾齋遺稿,1636,1711,1673,문집총간,1,18,8,1,27,3,6,64,1862,9.375,1.5625,42.1875,12.5,28.125,1.5625,4.6875
壺隱集,1642,1704,1673,문집총간,26,0,2,317,17,2,0,364,1722,0,7.142857143,4.67032967,0.549450549,0,87.08791209,0.549450549
星隱堂遺集,1642,1705,1673,역대문집DB,0,3,1,82,0,0,0,86,,0,0,0,1.162790698,3.488372093,95.34883721,0
養窩集,1646,1700,1673,문집총간,8,70,22,717,27,115,33,992,,3.326612903,0.806451613,2.721774194,2.217741935,7.056451613,72.27822581,11.59274194
靜齋集,1646,1701,1673,문집총간,79,28,3,31,52,15,17,225,1937,7.555555556,35.11111111,23.11111111,1.333333333,12.44444444,13.77777778,6.666666667
聽軒集,1632,1717,1674,역대문집DB,0,48,7,71,9,4,1,140,,0.714285714,0,6.428571429,5,34.28571429,50.71428571,2.857142857
負暄堂集,1633,1716,1674,역대문집DB,3,7,6,218,8,15,4,261,,1.53256705,1.149425287,3.0651341,2.298850575,2.681992337,83.52490421,5.747126437
三葉齋文集,1634,1714,1674,역대문집DB,0,21,5,115,17,1,2,161,,1.242236025,0,10.55900621,3.105590062,13.04347826,71.42857143,0.621118012
訥庵先生文集,1637,1712,1674,역대문집DB,2,14,3,74,1,9,1,104,,0.961538462,1.923076923,0.961538462,2.884615385,13.46153846,71.15384615,8.653846154
永思齋遺稿,1639,1710,1674,역대문집DB,4,0,6,111,0,5,0,126,,0,3.174603175,0,4.761904762,0,88.0952381,3.968253968
直齋集,1641,1708,1674,문집총간,20,153,11,153,18,11,14,380,1887,3.684210526,5.263157895,4.736842105,2.894736842,40.26315789,40.26315789,2.894736842
八吾軒集,1641,1707,1674,문집총간,17,13,7,238,21,7,6,309,1873,1.941747573,5.501618123,6.796116505,2.265372168,4.207119741,77.02265372,2.265372168
西坡集,1645,1703,1674,문집총간,148,79,40,1200,52,28,14,1561,1729,0.896860987,9.481101858,3.33119795,2.562459962,5.060858424,76.87379885,1.793721973
澤齋遺唾,1666,1683,1674,문집총간,0,0,7,71,0,0,4,82,1684,4.87804878,0,0,8.536585366,0,86.58536585,0
鶴庵集,1642,1708,1675,문집총간,0,36,7,5,1,61,3,113,1884,2.654867257,0,0.884955752,6.194690265,31.85840708,4.424778761,53.98230088
遁翁集,1642,1709,1675,문집총간,2,0,18,64,1,47,5,137,1830,3.649635036,1.459854015,0.729927007,13.13868613,0,46.71532847,34.30656934
鳩巢集,1642,1708,1675,문집총간,8,2,2,182,18,3,3,218,1890,1.376146789,3.669724771,8.256880734,0.917431193,0.917431193,83.48623853,1.376146789
鳩巢先生文集,1642,1708,1675,역대문집DB,5,2,1,220,17,4,0,249,,0,2.008032129,6.827309237,0.401606426,0.803212851,88.35341365,1.606425703
西州先生文集,1645,1706,1675,역대문집DB,0,17,0,72,0,2,0,91,,0,0,0,0,18.68131868,79.12087912,2.197802198
晩守齋遺稿,1646,1704,1675,역대문집DB,10,31,12,106,0,0,6,165,,3.636363636,6.060606061,0,7.272727273,18.78787879,64.24242424,0
游齋集,1647,1703,1675,문집총간,22,10,40,839,15,79,25,1030,,2.427184466,2.13592233,1.45631068,3.883495146,0.970873786,81.45631068,7.669902913
四何堂文集,1654,1697,1675,역대문집DB,0,4,2,100,1,1,0,108,,0,0,0.925925926,1.851851852,3.703703704,92.59259259,0.925925926
梅竹軒文集,1629,1723,1676,역대문집DB,0,6,1,127,3,2,1,140,,0.714285714,0,2.142857143,0.714285714,4.285714286,90.71428571,1.428571429
應巖文集,1634,1719,1676,역대문집DB,8,1,4,47,2,0,2,64,,3.125,12.5,3.125,6.25,1.5625,73.4375,0
宋川子獨娛錄,1636,1716,1676,역대문집DB,0,6,5,364,15,1,1,392,,0.255102041,0,3.826530612,1.275510204,1.530612245,92.85714286,0.255102041
月渚集,1638,1715,1676,역대문집DB,19,1,7,219,0,6,0,252,,0,7.53968254,0,2.777777778,0.396825397,86.9047619,2.380952381
龍山集,1639,1713,1676,역대문집DB,1,6,7,360,7,2,0,383,,0,0.261096606,1.82767624,1.82767624,1.566579634,93.99477807,0.522193211
柏峰集,1643,1709,1676,역대문집DB,1,0,4,303,0,4,4,316,,1.265822785,0.316455696,0,1.265822785,0,95.88607595,1.265822785
絅菴集,1646,1707,1676,문집총간,34,9,4,211,12,12,9,291,1766,3.092783505,11.6838488,4.12371134,1.374570447,3.092783505,72.50859107,4.12371134
觀復齋遺稿,1649,1704,1676,문집총간,350,2,6,143,1,12,2,516,,0.387596899,67.82945736,0.19379845,1.162790698,0.387596899,27.71317829,2.325581395
山澤齋集,1635,1719,1677,문집총간,0,17,8,193,14,5,6,243,1910,2.469135802,0,5.761316872,3.29218107,6.995884774,79.42386831,2.057613169
遯村遺稿,1635,1720,1677,역대문집DB,0,22,0,61,0,0,5,88,,5.681818182,0,0,0,25,69.31818182,0
松風齋先生文集,1636,1718,1677,역대문집DB,0,14,14,182,6,2,11,229,,4.80349345,0,2.620087336,6.113537118,6.113537118,79.47598253,0.873362445
野村集,1643,1712,1677,문집총간,9,28,5,290,45,9,12,398,1890,3.015075377,2.261306533,11.30653266,1.256281407,7.035175879,72.86432161,2.261306533
海隱遺稿,1643,1712,1677,역대문집DB,0,3,2,254,4,1,1,265,,0.377358491,0,1.509433962,0.754716981,1.132075472,95.8490566,0.377358491
孤村先生文集,1645,1709,1677,역대문집DB,10,9,23,260,14,19,15,350,,4.285714286,2.857142857,4,6.571428571,2.571428571,74.28571429,5.428571429
安齋文集,1648,1707,1677,역대문집DB,2,6,7,20,6,5,5,51,,9.803921569,3.921568627,11.76470588,13.7254902,11.76470588,39.21568627,9.803921569
美村先生文集,1648,1707,1677,역대문집DB,3,28,0,79,16,1,1,128,,0.78125,2.34375,12.5,0,21.875,61.71875,0.78125
魯岑文集,1643,1713,1678,역대문집DB,1,1,1,103,10,0,0,116,,0,0.862068966,8.620689655,0.862068966,0.862068966,88.79310345,0
竹軒文集,1647,1710,1678,역대문집DB,1,0,12,1102,34,22,9,1180,,0.762711864,0.084745763,2.881355932,1.016949153,0,93.38983051,1.86440678
主一齋先生逸稿,1650,1706,1678,역대문집DB,14,10,0,40,29,0,0,93,,0,15.05376344,31.1827957,0,10.75268817,43.01075269,0
茅山集,1651,1705,1678,역대문집DB,4,3,1,141,0,0,0,149,,0,2.684563758,0,0.67114094,2.013422819,94.63087248,0
東溪集,1653,1704,1678,문집총간,60,0,19,626,16,15,13,749,1736,1.73564753,8.010680908,2.136181575,2.536715621,0,83.57810414,2.002670227
碁峯集,1653,1704,1678,문집총간,32,0,2,151,12,2,4,203,1764,1.97044335,15.7635468,5.911330049,0.985221675,0,74.38423645,0.985221675
修撰公遺稿,1660,1697,1678,역대문집DB,4,2,0,78,5,0,0,89,,0,4.494382022,5.617977528,0,2.247191011,87.64044944,0
左庵遺稿,1643,1716,1679,역대문집DB,0,55,1,74,20,2,0,152,,0,0,13.15789474,0.657894737,36.18421053,48.68421053,1.315789474
?齋集,1643,1716,1679,역대문집DB,12,81,28,52,16,0,4,193,,2.07253886,6.21761658,8.29015544,14.50777202,41.96891192,26.94300518,0
一庵集,1648,1711,1679,문집총간,128,59,1,145,0,0,0,333,1865,0,38.43843844,0,0.3003003,17.71771772,43.54354354,0
農巖集,1651,1708,1679,문집총간,71,301,59,574,107,54,39,1205,1928,3.236514523,5.892116183,8.87966805,4.89626556,24.97925311,47.63485477,4.481327801
自然堂先生遺稿,1652,1707,1679,역대문집DB,0,5,0,115,4,2,0,126,,0,0,3.174603175,0,3.968253968,91.26984127,1.587301587
希菴集,1655,1704,1679,역대문집DB,1,24,10,87,9,0,2,133,,1.503759398,0.751879699,6.766917293,7.518796992,18.04511278,65.41353383,0
愚谷集,1661,1698,1679,역대문집DB,0,0,11,112,2,8,0,133,,0,0,1.503759398,8.270676692,0,84.21052632,6.015037594
龜川遺稿,1642,1718,1680,문집총간,0,48,0,0,0,862,0,910,,0,0,0,0,5.274725275,0,94.72527473
明谷集,1646,1715,1680,문집총간,123,53,88,741,45,116,78,1244,1721,6.270096463,9.887459807,3.617363344,7.073954984,4.260450161,59.5659164,9.324758842
適菴先生文集,1649,1711,1680,역대문집DB,0,26,0,144,11,0,3,184,,1.630434783,0,5.97826087,0,14.13043478,78.26086957,0
茅廬逸稿,1652,1708,1680,역대문집DB,0,0,3,42,13,0,0,58,,0,0,22.4137931,5.172413793,0,72.4137931,0
景陽齋集,1656,1704,1680,역대문집DB,2,3,8,195,5,5,0,218,,0,0.917431193,2.293577982,3.669724771,1.376146789,89.44954128,2.293577982
朴正字遺稿,1664,1697,1680,문집총간,12,81,3,191,6,44,8,345,,2.31884058,3.47826087,1.739130435,0.869565217,23.47826087,55.36231884,12.75362319
寒水齋集,1641,1721,1681,문집총간,48,597,54,258,49,31,146,1183,1761,12.34150465,4.057480981,4.142011834,4.564666103,50.4649197,21.80896027,2.620456467
荷塘集,1643,1719,1681,문집총간,0,12,9,121,40,57,25,264,1810,9.46969697,0,15.15151515,3.409090909,4.545454545,45.83333333,21.59090909
荷塘先生文集,1643,1719,1681,역대문집DB,2,14,34,124,18,15,24,231,,10.38961039,0.865800866,7.792207792,14.71861472,6.060606061,53.67965368,6.493506494
禮谷先生文集,1644,1718,1681,역대문집DB,0,0,1,157,0,0,0,158,,0,0,0,0.632911392,0,99.36708861,0
睡谷集,1645,1718,1681,문집총간,122,106,12,236,42,21,30,569,1739,5.272407733,21.44112478,7.381370826,2.108963093,18.62917399,41.47627417,3.690685413
水村集,1640,1724,1682,문집총간,45,0,23,740,23,49,5,885,1760,0.564971751,5.084745763,2.598870056,2.598870056,0,83.61581921,5.536723164
景淵堂集,1654,1710,1682,문집총간,24,0,1,1,29,541,4,600,,0.666666667,4,4.833333333,0.166666667,0,0.166666667,90.16666667
三秀軒稿,1664,1700,1682,문집총간,0,0,23,190,6,4,3,226,1712,1.327433628,0,2.654867257,10.17699115,0,84.07079646,1.769911504
懈軒先生文集,1651,1715,1683,역대문집DB,3,27,10,506,4,4,1,555,,0.18018018,0.540540541,0.720720721,1.801801802,4.864864865,91.17117117,0.720720721
晦窩詩稿,1656,1710,1683,문집총간,0,0,0,285,0,100,0,385,,0,0,0,0,0,74.02597403,25.97402597
月梧堂文集,1644,1725,1684,역대문집DB,0,0,0,57,1,0,0,58,,0,0,1.724137931,0,0,98.27586207,0
琴湖遺稿,1646,1722,1684,역대문집DB,0,3,7,155,2,7,1,175,,0.571428571,0,1.142857143,4,1.714285714,88.57142857,4
臥龍亭遺集,1654,1714,1684,역대문집DB,0,1,4,126,5,2,0,138,,0,0,3.623188406,2.898550725,0.724637681,91.30434783,1.449275362
四友堂先生文集,1661,1707,1684,역대문집DB,0,26,1,81,0,2,0,110,,0,0,0,0.909090909,23.63636364,73.63636364,1.818181818
夢窩集,1648,1722,1685,문집총간,53,0,2,368,0,0,0,423,1758,0,12.52955083,0,0.472813239,0,86.99763593,0
無用堂遺稿,1651,1719,1685,역대문집DB,0,10,4,85,0,7,0,106,,0,0,0,3.773584906,9.433962264,80.18867925,6.603773585
晩靜堂集,1652,1719,1685,문집총간,372,0,41,149,22,19,50,653,,7.656967841,56.96784074,3.36906585,6.278713629,0,22.81776417,2.909647779
玄圃先生文集,1653,1718,1685,역대문집DB,1,8,11,27,3,10,0,60,,0,1.666666667,5,18.33333333,13.33333333,45,16.66666667
畏巖先生文集,1654,1716,1685,역대문집DB,1,11,2,68,4,1,0,87,,0,1.149425287,4.597701149,2.298850575,12.64367816,78.16091954,1.149425287
秋潭集,1659,1711,1685,문집총간,0,217,8,69,39,13,8,354,1926,2.259887006,0,11.01694915,2.259887006,61.29943503,19.49152542,3.672316384
鳴巖集,1660,1711,1685,문집총간,15,0,1,329,6,1,3,355,,0.845070423,4.225352113,1.690140845,0.281690141,0,92.67605634,0.281690141
甲峰遺稿,1649,1723,1686,문집총간,87,0,2,153,0,0,0,242,1904,0,35.95041322,0,0.826446281,0,63.2231405,0
約軒集,1652,1720,1686,문집총간,92,16,49,128,16,58,27,386,,6.994818653,23.83419689,4.14507772,12.69430052,4.14507772,33.16062176,15.02590674
儉齋集,1653,1719,1686,문집총간,84,313,22,490,29,76,25,1039,,2.406159769,8.084696824,2.791145332,2.117420597,30.12512031,47.16073147,7.314725698
自濡軒集,1656,1716,1686,문집총간,0,14,6,145,7,8,5,185,1897,2.702702703,0,3.783783784,3.243243243,7.567567568,78.37837838,4.324324324
高陽世稿,1648,1727,1687,역대문집DB,0,7,0,358,6,0,1,372,,0.268817204,0,1.612903226,0,1.88172043,96.23655914,0
愚軒文集,1648,1726,1687,역대문집DB,0,10,40,137,16,6,11,220,,5,0,7.272727273,18.18181818,4.545454545,62.27272727,2.727272727
自牧堂先生文集,1652,1723,1687,역대문집DB,0,51,5,91,4,1,4,156,,2.564102564,0,2.564102564,3.205128205,32.69230769,58.33333333,0.641025641
窮村集,1652,1723,1687,역대문집DB,4,78,10,38,13,1,6,150,,4,2.666666667,8.666666667,6.666666667,52,25.33333333,0.666666667
三淵集,1653,1722,1687,문집총간,0,862,48,2878,87,107,66,4048,1732,1.630434783,0,2.149209486,1.185770751,21.2944664,71.09683794,2.643280632
迂窩遺稿,1654,1720,1687,역대문집DB,26,7,7,423,8,8,7,486,,1.440329218,5.349794239,1.646090535,1.440329218,1.440329218,87.03703704,1.646090535
癡齋集,1655,1719,1687,역대문집DB,0,0,4,175,0,1,1,181,,0.552486188,0,0,2.209944751,0,96.68508287,0.552486188
竹泉集,1658,1716,1687,문집총간,248,15,13,434,70,11,41,832,1773,4.927884615,29.80769231,8.413461538,1.5625,1.802884615,52.16346154,1.322115385
圃陰集,1662,1713,1687,문집총간,0,43,2,125,14,12,4,200,1726,2,0,7,1,21.5,62.5,6
東岡遺稿,1646,1730,1688,문집총간,0,58,9,70,22,6,21,186,1858,11.29032258,0,11.82795699,4.838709677,31.1827957,37.6344086,3.225806452
遂初堂集,1651,1726,1688,문집총간,31,78,6,87,5,9,9,225,1869,4,13.77777778,2.222222222,2.666666667,34.66666667,38.66666667,4
茅山先生文集,1651,1726,1688,역대문집DB,1,11,6,230,12,1,4,265,,1.509433962,0.377358491,4.528301887,2.264150943,4.150943396,86.79245283,0.377358491
晦隱集,1654,1722,1688,문집총간,0,17,5,99,4,23,14,162,1723,8.641975309,0,2.469135802,3.086419753,10.49382716,61.11111111,14.19753086
酊翁先生文集,1657,1719,1688,역대문집DB,0,13,8,82,17,1,1,122,,0.819672131,0,13.93442623,6.557377049,10.6557377,67.21311475,0.819672131
瀛隱集,1663,1714,1688,역대문집DB,0,13,0,167,5,0,0,185,,0,0,2.702702703,0,7.027027027,90.27027027,0
相在軒先生文集,1663,1713,1688,역대문집DB,0,23,4,36,7,10,0,80,,0,0,8.75,5,28.75,45,12.5
新溪文集,1666,1710,1688,역대문집DB,0,1,5,47,15,0,0,68,,0,0,22.05882353,7.352941176,1.470588235,69.11764706,0
三足堂遺稿,1669,1707,1688,역대문집DB,0,0,2,205,4,1,0,212,,0,0,1.886792453,0.943396226,0,96.69811321,0.471698113
厚齋集,1646,1732,1689,문집총간,60,142,22,112,27,491,32,886,1766,3.611738149,6.772009029,3.047404063,2.483069977,16.02708804,12.64108352,55.41760722
河溪集,1651,1727,1689,역대문집DB,0,20,6,49,7,2,1,85,,1.176470588,0,8.235294118,7.058823529,23.52941176,57.64705882,2.352941176
柳下集,1653,1725,1689,문집총간,3,2,13,1848,7,11,8,1892,1730,0.422832981,0.158562368,0.369978858,0.687103594,0.105708245,97.6744186,0.581395349
蒼雪齋集,1654,1725,1689,문집총간,0,102,17,647,43,90,34,933,,3.644158628,0,4.608788853,1.822079314,10.93247588,69.34619507,9.646302251
損窩遺稿,1654,1724,1689,문집총간,160,6,11,676,6,8,8,875,1933,0.914285714,18.28571429,0.685714286,1.257142857,0.685714286,77.25714286,0.914285714
蒼雪齋先生文集,1654,1725,1689,역대문집DB,0,86,29,737,31,30,34,947,,3.590285111,0,3.273495248,3.062302006,9.081309398,77.82470961,3.167898627
芝村集,1655,1724,1689,문집총간,51,322,24,122,35,28,42,624,1754,6.730769231,8.173076923,5.608974359,3.846153846,51.6025641,19.55128205,4.487179487
遜齋集,1655,1723,1689,문집총간,6,48,9,68,14,60,17,222,1782,7.657657658,2.702702703,6.306306306,4.054054054,21.62162162,30.63063063,27.02702703
老稼齋集,1658,1721,1689,문집총간,0,0,2,551,0,171,0,724,1798,0,0,0,0.276243094,0,76.10497238,23.61878453
晩隱遺稿,1660,1718,1689,문집총간,3,2,1,35,8,4,2,55,1802,3.636363636,5.454545455,14.54545455,1.818181818,3.636363636,63.63636364,7.272727273
南忠壯公詩稿,1653,1728,1690,문집총간,0,0,3,113,1,0,2,119,1748,1.680672269,0,0.840336134,2.521008403,0,94.95798319,0
玉吾齋集,1657,1723,1690,문집총간,115,0,11,429,29,15,21,620,1760,3.387096774,18.5483871,4.677419355,1.774193548,0,69.19354839,2.419354839
疎齋集,1658,1722,1690,문집총간,152,109,33,139,37,30,35,535,1759,6.542056075,28.41121495,6.91588785,6.168224299,20.37383178,25.98130841,5.607476636
晴沙集,1659,1721,1690,역대문집DB,5,13,4,227,11,1,1,262,,0.381679389,1.908396947,4.198473282,1.526717557,4.961832061,86.64122137,0.381679389
涵溪集,1660,1720,1690,문집총간,0,130,2,316,17,10,4,479,1790,0.835073069,0,3.549060543,0.417536534,27.13987474,65.97077244,2.087682672
寓庵集,1661,1719,1690,문집총간,0,3,3,258,10,21,7,302,1860,2.317880795,0,3.311258278,0.993377483,0.993377483,85.43046358,6.953642384
藥圃集,1647,1736,1691,역대문집DB,4,17,7,153,0,1,0,182,,0,2.197802198,0,3.846153846,9.340659341,84.06593407,0.549450549
龜厓集,1650,1732,1691,역대문집DB,0,10,5,255,15,3,9,297,,3.03030303,0,5.050505051,1.683501684,3.367003367,85.85858586,1.01010101
六化集,1652,1731,1691,문집총간,1,2,12,137,17,6,8,183,1903,4.371584699,0.546448087,9.289617486,6.557377049,1.092896175,74.86338798,3.278688525
謙翁先生文集,1653,1729,1691,역대문집DB,0,47,2,209,17,3,2,280,,0.714285714,0,6.071428571,0.714285714,16.78571429,74.64285714,1.071428571
芹村文集,1659,1723,1691,역대문집DB,2,3,1,42,0,2,2,52,,3.846153846,3.846153846,0,1.923076923,5.769230769,80.76923077,3.846153846
七友亭文集,1659,1723,1691,역대문집DB,0,8,3,135,13,0,0,159,,0,0,8.176100629,1.886792453,5.031446541,84.90566038,0
二憂堂集,1660,1722,1691,문집총간,102,0,0,229,2,2,2,337,1759,0.59347181,30.26706231,0.59347181,0,0,67.95252226,0.59347181
壽谷集,1661,1721,1691,문집총간,17,21,8,12,44,17,47,166,,28.31325301,10.24096386,26.5060241,4.819277108,12.65060241,7.228915663,10.24096386
香溪先生文集,1661,1721,1691,역대문집DB,7,1,1,174,2,4,2,191,,1.047120419,3.664921466,1.047120419,0.523560209,0.523560209,91.09947644,2.094240838
聽波軒稿,1665,1717,1691,역대문집DB,0,10,0,98,1,0,0,109,,0,0,0.917431193,0,9.174311927,89.90825688,0
松厓集,1674,1708,1691,역대문집DB,1,0,3,212,7,0,0,223,,0,0.448430493,3.139013453,1.34529148,0,95.06726457,0
觀復菴詩稿,1682,1700,1691,문집총간,0,0,1,242,0,0,1,244,1709,0.409836066,0,0,0.409836066,0,99.18032787,0
觀復詩稿,1682,1700,1691,역대문집DB,0,0,1,242,0,0,0,243,,0,0,0,0.411522634,0,99.58847737,0
丈巖集,1648,1736,1692,문집총간,140,49,46,229,32,41,104,641,1756,16.22464899,21.84087363,4.992199688,7.176287051,7.644305772,35.72542902,6.39625585
霞谷集,1649,1736,1692,문집총간,23,41,12,599,20,22,19,736,,2.581521739,3.125,2.717391304,1.630434783,5.570652174,81.38586957,2.989130435
艮齋集,1650,1735,1692,문집총간,116,26,4,147,23,14,48,378,,12.6984127,30.68783069,6.084656085,1.058201058,6.878306878,38.88888889,3.703703704
梅湖先生文集,1659,1725,1692,역대문집DB,3,24,18,402,39,6,5,497,,1.006036217,0.60362173,7.847082495,3.621730382,4.828973843,80.88531187,1.207243461
弘道遺稿,1662,1723,1692,문집총간,0,11,6,760,20,321,5,1123,,0.445235975,0,1.7809439,0.53428317,0.979519145,67.67586821,28.5841496
慈山逸稿,1662,1722,1692,역대문집DB,0,0,1,88,3,0,0,92,,0,0,3.260869565,1.086956522,0,95.65217391,0
寒圃齋集,1663,1722,1692,문집총간,161,5,10,246,38,11,8,479,1758,1.670146138,33.61169102,7.933194154,2.087682672,1.043841336,51.35699374,2.296450939
甁窩集,1653,1733,1693,문집총간,202,16,2,287,0,10,1,518,1774,0.193050193,38.996139,0,0.386100386,3.088803089,55.40540541,1.930501931
密菴集,1657,1730,1693,문집총간,0,225,33,233,42,236,64,833,,7.683073229,0,5.042016807,3.961584634,27.01080432,27.97118848,28.33133253
櫟翁遺稿,1660,1727,1693,문집총간,49,0,0,90,5,12,7,163,,4.294478528,30.06134969,3.067484663,0,0,55.21472393,7.36196319
屛厓集,1661,1726,1693,역대문집DB,0,20,3,53,6,5,0,87,,0,0,6.896551724,3.448275862,22.98850575,60.91954023,5.747126437
昌舍集,1664,1722,1693,문집총간,8,7,14,292,23,23,6,373,1874,1.608579088,2.144772118,6.166219839,3.753351206,1.876675603,78.28418231,6.166219839
遯窩遺稿,1665,1721,1693,문집총간,21,0,5,360,6,9,1,402,,0.248756219,5.223880597,1.492537313,1.243781095,0,89.55223881,2.23880597
北軒集,1670,1717,1693,문집총간,13,10,22,238,28,284,2,597,1760,0.335008375,2.177554439,4.690117253,3.685092127,1.675041876,39.86599665,47.57118928
耐齋集,1672,1715,1693,문집총간,0,9,14,229,6,18,7,283,1730,2.473498233,0,2.120141343,4.946996466,3.180212014,80.91872792,6.360424028
謹獨齋遺稿,1674,1713,1693,역대문집DB,0,21,8,83,2,3,0,117,,0,0,1.709401709,6.837606838,17.94871795,70.94017094,2.564102564
竹峰先生文集,1653,1735,1694,역대문집DB,1,7,0,177,7,0,1,193,,0.518134715,0.518134715,3.626943005,0,3.626943005,91.70984456,0
六有齋文集,1657,1732,1694,역대문집DB,0,2,2,513,3,0,0,520,,0,0,0.576923077,0.384615385,0.384615385,98.65384615,0
灘村遺稿,1658,1730,1694,문집총간,1,39,24,26,23,18,3,134,1929,2.23880597,0.746268657,17.1641791,17.91044776,29.10447761,19.40298507,13.43283582
昆侖集,1669,1720,1694,문집총간,26,85,9,529,50,30,24,753,1725,3.187250996,3.452855246,6.640106242,1.195219124,11.28818061,70.25232404,3.984063745
雷皐集,1651,1740,1695,역대문집DB,2,42,5,29,0,0,0,78,,0,2.564102564,0,6.41025641,53.84615385,37.17948718,0
百悔齋集,1655,1735,1695,역대문집DB,0,10,6,130,14,9,0,169,,0,0,8.284023669,3.550295858,5.917159763,76.92307692,5.325443787
水西文集,1658,1733,1695,역대문집DB,1,35,7,478,11,9,6,547,,1.096892139,0.182815356,2.010968921,1.279707495,6.398537477,87.3857404,1.645338208
忍齋集,1662,1729,1695,역대문집DB,8,10,5,164,1,3,0,191,,0,4.188481675,0.523560209,2.617801047,5.235602094,85.86387435,1.570680628
龍岡先生文集,1666,1725,1695,역대문집DB,0,18,0,26,7,12,0,63,,0,0,11.11111111,0,28.57142857,41.26984127,19.04761905
茅溪逸稿,1667,1724,1695,역대문집DB,0,0,2,89,0,0,0,91,,0,0,0,2.197802198,0,97.8021978,0
茅洲集,1658,1734,1696,문집총간,0,17,8,1245,13,3,12,1298,1790,0.92449923,0,1.001540832,0.61633282,1.309707242,95.91679507,0.231124807
退谷集,1660,1733,1696,역대문집DB,0,0,8,283,4,9,0,304,,0,0,1.315789474,2.631578947,0,93.09210526,2.960526316
洛厓先生遺集,1661,1731,1696,역대문집DB,1,12,16,65,6,4,0,104,,0,0.961538462,5.769230769,15.38461538,11.53846154,62.5,3.846153846
?齋先生文集,1668,1725,1696,역대문집DB,0,11,21,138,4,9,7,190,,3.684210526,0,2.105263158,11.05263158,5.789473684,72.63157895,4.736842105
觀水齋遺稿,1687,1705,1696,문집총간,0,0,2,95,4,1,0,102,1721,0,0,3.921568627,1.960784314,0,93.1372549,0.980392157
寤齋集,1656,1739,1697,문집총간,17,2,8,518,10,7,8,570,,1.403508772,2.98245614,1.754385965,1.403508772,0.350877193,90.87719298,1.228070175
玉川集,1658,1737,1697,문집총간,27,102,18,167,37,44,62,457,1898,13.56673961,5.90809628,8.096280088,3.938730853,22.31947484,36.54266958,9.628008753
玉山先生文集,1658,1737,1697,역대문집DB,17,94,40,223,21,26,65,486,,13.3744856,3.497942387,4.320987654,8.230452675,19.34156379,45.88477366,5.349794239
屛山集,1661,1733,1697,문집총간,114,0,7,255,30,5,19,430,,4.418604651,26.51162791,6.976744186,1.627906977,0,59.30232558,1.162790698
?齋文集,1662,1732,1697,역대문집DB,0,0,3,80,12,2,1,98,,1.020408163,0,12.24489796,3.06122449,0,81.63265306,2.040816327
壺隱集,1667,1727,1697,역대문집DB,3,0,4,145,0,1,0,153,,0,1.960784314,0,2.614379085,0,94.77124183,0.653594771
克齋集,1672,1722,1697,문집총간,0,59,15,155,3,55,4,291,1862,1.374570447,0,1.030927835,5.154639175,20.27491409,53.26460481,18.90034364
正菴集,1678,1717,1697,문집총간,0,64,4,90,4,46,1,209,1773,0.4784689,0,1.913875598,1.913875598,30.62200957,43.06220096,22.00956938
淸泠子遺稿,1683,1712,1697,문집총간,0,0,0,130,3,0,1,134,,0.746268657,0,2.23880597,0,0,97.01492537,0
息山集,1664,1732,1698,문집총간,0,405,78,224,111,311,78,1207,1813,6.462303231,0,9.196354598,6.462303231,33.55426678,18.55840928,25.76636288
松巖集,1665,1731,1698,역대문집DB,0,133,1,20,8,6,8,176,,4.545454545,0,4.545454545,0.568181818,75.56818182,11.36363636,3.409090909
恕菴集,1681,1716,1698,문집총간,17,221,34,503,16,32,8,831,1738,0.962695548,2.045728039,1.925391095,4.091456077,26.5944645,60.52948255,3.85078219
洛洲逸稿,1662,1736,1699,역대문집DB,0,4,1,166,4,1,1,177,,0.564971751,0,2.259887006,0.564971751,2.259887006,93.78531073,0.564971751
訥軒集,1663,1735,1699,문집총간,0,6,8,227,33,57,6,337,1898,1.78041543,0,9.792284866,2.37388724,1.78041543,67.35905045,16.91394659
訥軒文集,1663,1735,1699,역대문집DB,0,6,14,256,11,5,3,295,,1.016949153,0,3.728813559,4.745762712,2.033898305,86.77966102,1.694915254
閒臥窩文集,1667,1732,1699,역대문집DB,0,0,1,121,0,0,0,122,,0,0,0,0.819672131,0,99.18032787,0
知命堂文集,1671,1727,1699,역대문집DB,5,14,7,83,0,1,1,111,,0.900900901,4.504504505,0,6.306306306,12.61261261,74.77477477,0.900900901
白野集,1659,1741,1700,역대문집DB,3,12,6,269,1,3,3,297,,1.01010101,1.01010101,0.336700337,2.02020202,4.04040404,90.57239057,1.01010101
素軒文集,1664,1737,1700,역대문집DB,5,12,6,59,11,10,5,108,,4.62962963,4.62962963,10.18518519,5.555555556,11.11111111,54.62962963,9.259259259
和菴集,1665,1736,1700,문집총간,0,0,1,428,1,0,1,431,1748,0.232018561,0,0.232018561,0.232018561,0,99.30394432,0
默庵集,1666,1734,1700,문집총간,1,2,3,0,3,2,5,16,,31.25,6.25,18.75,18.75,12.5,0,12.5
希菴集,1669,1731,1700,문집총간,20,16,24,1705,43,204,9,2021,1775,0.445324097,0.989609104,2.127659574,1.187530925,0.791687284,84.36417615,10.09401286
平巖先生文集,1672,1728,1700,역대문집DB,0,13,1,211,3,12,1,241,,0.414937759,0,1.244813278,0.414937759,5.394190871,87.55186722,4.979253112
頭陀草,1677,1724,1700,문집총간,0,0,0,1630,0,172,0,1802,,0,0,0,0,0,90.45504994,9.544950055
竹軒集,1678,1722,1700,문집총간,27,5,7,106,12,2,7,166,1760,4.21686747,16.26506024,7.228915663,4.21686747,3.012048193,63.85542169,1.204819277
夢悟齋集,1680,1721,1700,문집총간,7,0,3,152,2,0,1,165,1735,0.606060606,4.242424242,1.212121212,1.818181818,0,92.12121212,0
涵碧堂先生文集,1666,1737,1701,역대문집DB,7,13,1,94,12,0,1,128,,0.78125,5.46875,9.375,0.78125,10.15625,73.4375,0
芸窩集,1668,1735,1701,문집총간,1,8,11,501,10,4,7,542,1784,1.291512915,0.184501845,1.84501845,2.029520295,1.47601476,92.43542435,0.73800738
有懷堂集,1668,1734,1701,문집총간,65,9,18,251,29,20,29,421,,6.888361045,15.43942993,6.888361045,4.275534442,2.137767221,59.61995249,4.750593824
顧齋集,1669,1734,1701,문집총간,1,152,3,46,35,7,5,249,1850,2.008032129,0.401606426,14.0562249,1.204819277,61.04417671,18.47389558,2.81124498
謙齋集,1675,1728,1701,문집총간,313,0,31,2334,91,15,30,2814,,1.066098081,11.12295665,3.233830846,1.101634684,0,82.9424307,0.533049041
退庵集,1680,1722,1701,문집총간,0,41,7,45,6,9,8,116,1898,6.896551724,0,5.172413793,6.034482759,35.34482759,38.79310345,7.75862069
守虛齋遺稿,1680,1722,1701,역대문집DB,51,0,0,153,9,1,0,214,,0,23.8317757,4.205607477,0,0,71.4953271,0.46728972
凝齋集,1681,1722,1701,문집총간,0,0,2,178,0,18,0,198,1776,0,0,0,1.01010101,0,89.8989899,9.090909091
老村集,1683,1719,1701,문집총간,27,21,6,138,4,53,17,266,1735,6.390977444,10.15037594,1.503759398,2.255639098,7.894736842,51.87969925,19.92481203
夢囈集,1689,1714,1701,문집총간,0,0,1,56,0,11,0,68,1723,0,0,0,1.470588235,0,82.35294118,16.17647059
后溪集,1663,1741,1702,문집총간,1,19,25,1010,5,7,11,1078,1747,1.020408163,0.092764378,0.463821892,2.319109462,1.762523191,93.69202226,0.649350649
釣巖先生文集,1672,1732,1702,역대문집DB,0,0,4,30,0,26,0,60,,0,0,0,6.666666667,0,50,43.33333333
冠峯遺稿,1673,1731,1702,문집총간,0,117,4,26,22,30,3,202,,1.485148515,0,10.89108911,1.98019802,57.92079208,12.87128713,14.85148515
逸窩遺稿,1674,1731,1702,역대문집DB,0,22,5,106,3,5,0,141,,0,0,2.127659574,3.546099291,15.60283688,75.17730496,3.546099291
巍巖遺稿,1677,1727,1702,문집총간,9,151,6,165,13,21,6,371,1760,1.617250674,2.425876011,3.504043127,1.617250674,40.70080863,44.47439353,5.660377358
崧岳集,1682,1723,1702,문집총간,0,11,4,135,2,26,10,188,,5.319148936,0,1.063829787,2.127659574,5.85106383,71.80851064,13.82978723
潛窩散稿,1686,1718,1702,역대문집DB,0,2,4,39,10,2,0,57,,0,0,17.54385965,7.01754386,3.50877193,68.42105263,3.50877193
訥傭齋文集,1664,1743,1703,역대문집DB,2,8,14,74,11,3,0,112,,0,1.785714286,9.821428571,12.5,7.142857143,66.07142857,2.678571429
反求齋遺稿,1664,1743,1703,역대문집DB,0,10,0,95,12,3,0,120,,0,0,10,0,8.333333333,79.16666667,2.5
德村集,1665,1742,1703,문집총간,22,54,8,14,15,18,9,140,1806,6.428571429,15.71428571,10.71428571,5.714285714,38.57142857,10,12.85714286
松巖集,1665,1741,1703,문집총간,3,184,2,20,8,26,8,251,1758,3.187250996,1.195219124,3.187250996,0.796812749,73.30677291,7.96812749,10.35856574
竹峰集,1672,1735,1703,역대문집DB,12,0,14,222,0,2,0,250,,0,4.8,0,5.6,0,88.8,0.8
是庵集,1675,1731,1703,문집총간,0,0,4,136,14,5,5,164,1868,3.048780488,0,8.536585366,2.43902439,0,82.92682927,3.048780488
愚溪集,1668,1740,1704,역대문집DB,0,1,1,90,2,0,0,94,,0,0,2.127659574,1.063829787,1.063829787,95.74468085,0
竹塢遺稿,1669,1740,1704,역대문집DB,0,31,3,27,0,2,0,63,,0,0,0,4.761904762,49.20634921,42.85714286,3.174603175
柱江文集,1669,1740,1704,역대문집DB,0,25,11,178,10,5,4,233,,1.716738197,0,4.291845494,4.721030043,10.72961373,76.39484979,2.145922747
陶雲遺集,1672,1737,1704,문집총간,6,0,3,718,9,5,1,742,1854,0.134770889,0.808625337,1.212938005,0.404312668,0,96.76549865,0.673854447
和隱集,1672,1736,1704,문집총간,2,7,17,342,13,10,14,405,1738,3.456790123,0.49382716,3.209876543,4.197530864,1.728395062,84.44444444,2.469135802
茅溪集,1672,1736,1704,문집총간,4,71,6,117,17,14,11,240,1907,4.583333333,1.666666667,7.083333333,2.5,29.58333333,48.75,5.833333333
茅溪先生文集,1672,1736,1704,역대문집DB,0,51,5,104,7,8,8,183,,4.371584699,0,3.825136612,2.732240437,27.86885246,56.83060109,4.371584699
龍浦集,1669,1742,1705,문집총간,5,17,6,224,18,8,8,286,1872,2.797202797,1.748251748,6.293706294,2.097902098,5.944055944,78.32167832,2.797202797
洛厓先生逸稿,1674,1737,1705,역대문집DB,16,6,1,80,0,0,2,105,,1.904761905,15.23809524,0,0.952380952,5.714285714,76.19047619,0
順菴集,1675,1735,1705,문집총간,0,16,28,451,21,3,3,522,1741,0.574712644,0,4.022988506,5.363984674,3.0651341,86.39846743,0.574712644
修林文集,1676,1734,1705,역대문집DB,0,4,2,54,1,4,1,66,,1.515151515,0,1.515151515,3.03030303,6.060606061,81.81818182,6.060606061
農窩集,1665,1748,1706,역대문집DB,0,8,1,169,6,3,0,187,,0,0,3.20855615,0.534759358,4.278074866,90.37433155,1.604278075
菊圃逸稿,1668,1745,1706,역대문집DB,0,1,4,38,23,2,0,68,,0,0,33.82352941,5.882352941,1.470588235,55.88235294,2.941176471
屛谷先生文集,1672,1741,1706,역대문집DB,0,62,7,128,15,14,5,231,,2.164502165,0,6.493506494,3.03030303,26.83982684,55.41125541,6.060606061
敬庵遺稿,1674,1739,1706,문집총간,20,224,8,134,21,32,33,472,1916,6.991525424,4.237288136,4.449152542,1.694915254,47.45762712,28.38983051,6.779661017
敬菴遺稿,1674,1739,1706,역대문집DB,0,69,20,138,11,33,32,303,,10.56105611,0,3.630363036,6.600660066,22.77227723,45.54455446,10.89108911
習靜齋文集,1676,1736,1706,역대문집DB,0,3,4,105,10,0,0,122,,0,0,8.196721311,3.278688525,2.459016393,86.06557377,0
白日軒遺集,1677,1735,1706,문집총간,99,14,4,70,14,6,6,213,1949,2.816901408,46.47887324,6.572769953,1.877934272,6.572769953,32.86384977,2.816901408
鶴巖集,1680,1732,1706,문집총간,121,12,12,563,7,27,0,742,,0,16.30727763,0.943396226,1.617250674,1.617250674,75.87601078,3.638814016
白南集,1684,1729,1706,문집총간,14,8,8,352,13,13,5,413,1858,1.210653753,3.389830508,3.147699758,1.937046005,1.937046005,85.23002421,3.147699758
老隱集,1685,1728,1706,문집총간,5,2,9,87,7,13,2,125,1794,1.6,4,5.6,7.2,1.6,69.6,10.4
一菴集,1690,1722,1706,문집총간,0,2,7,90,7,9,1,116,1768,0.862068966,0,6.034482759,6.034482759,1.724137931,77.5862069,7.75862069
陶谷集,1669,1745,1707,문집총간,92,14,21,343,13,17,219,719,1766,30.45897079,12.79554937,1.808066759,2.920723227,1.947148818,47.70514604,2.364394993
伊湖文集,1673,1742,1707,역대문집DB,0,15,2,46,6,0,6,75,,8,0,8,2.666666667,20,61.33333333,0
虛齋集,1674,1740,1707,역대문집DB,0,0,3,51,0,31,0,85,,0,0,0,3.529411765,0,60,36.47058824
南圃先生集附錄,1684,1731,1707,역대문집DB,4,18,15,526,7,37,7,614,,1.140065147,0.651465798,1.140065147,2.442996743,2.931596091,85.66775244,6.026058632
蘆峰先生文集,1670,1747,1708,역대문집DB,14,17,5,263,18,34,0,351,,0,3.988603989,5.128205128,1.424501425,4.843304843,74.92877493,9.686609687
杞園集,1672,1744,1708,문집총간,59,65,52,862,61,48,48,1195,1833,4.016736402,4.937238494,5.10460251,4.351464435,5.439330544,72.13389121,4.016736402
西堂私載,1673,1744,1708,문집총간,0,4,56,454,0,37,179,730,,24.52054795,0,0,7.671232877,0.547945205,62.19178082,5.068493151
鰲川遺稿,1675,1742,1708,역대문집DB,2,28,5,190,13,6,0,244,,0,0.819672131,5.327868852,2.049180328,11.47540984,77.86885246,2.459016393
節谷集,1677,1740,1708,문집총간,0,24,5,99,8,6,2,144,1865,1.388888889,0,5.555555556,3.472222222,16.66666667,68.75,4.166666667
西齋集,1687,1730,1708,문집총간,22,41,3,258,13,6,6,349,1844,1.719197708,6.303724928,3.724928367,0.859598854,11.747851,73.92550143,1.719197708
宗菴遺稿,1671,1747,1709,역대문집DB,0,37,6,48,10,0,1,102,,0.980392157,0,9.803921569,5.882352941,36.2745098,47.05882353,0
弼雲稿,1673,1745,1709,문집총간,8,12,4,610,29,9,3,675,1747,0.444444444,1.185185185,4.296296296,0.592592593,1.777777778,90.37037037,1.333333333
石門詩稿,1677,1742,1709,역대문집DB,0,4,1,225,1,1,0,232,,0,0,0.431034483,0.431034483,1.724137931,96.98275862,0.431034483
畸軒集,1680,1739,1709,역대문집DB,2,22,7,204,14,4,1,254,,0.393700787,0.787401575,5.511811024,2.755905512,8.661417323,80.31496063,1.57480315
臨窩先生逸稿,1682,1737,1709,역대문집DB,0,3,8,64,9,10,0,94,,0,0,9.574468085,8.510638298,3.191489362,68.08510638,10.63829787
屛谷集,1672,1749,1710,문집총간,1,103,9,196,32,173,9,523,1797,1.7208413,0.191204589,6.118546845,1.7208413,19.69407266,37.47609943,33.07839388
白下集,1680,1741,1710,문집총간,68,18,12,126,25,2,24,275,1927,8.727272727,24.72727273,9.090909091,4.363636364,6.545454545,45.81818182,0.727272727
屯菴集,1685,1736,1710,역대문집DB,24,15,9,198,0,13,6,265,,2.264150943,9.056603774,0,3.396226415,5.660377358,74.71698113,4.905660377
栢石遺稿,1689,1732,1710,역대문집DB,2,2,5,44,0,1,0,54,,0,3.703703704,0,9.259259259,3.703703704,81.48148148,1.851851852
槎川詩抄,1671,1751,1711,문집총간,0,0,1,324,0,0,0,325,1778,0,0,0,0.307692308,0,99.69230769,0
拙隱遺稿,1675,1748,1711,문집총간,0,10,12,56,14,47,11,150,1788,7.333333333,0,9.333333333,8,6.666666667,37.33333333,31.33333333
寄翁集,1675,1748,1711,문집총간,2,0,3,286,26,2,5,324,1764,1.543209877,0.617283951,8.024691358,0.925925926,0,88.27160494,0.617283951
拙隱先生遺稿,1675,1748,1711,역대문집DB,0,0,0,50,0,0,0,50,,0,0,0,0,0,100,0
屯菴集,1686,1736,1711,문집총간,25,18,10,180,15,22,10,280,1758,3.571428571,8.928571429,5.357142857,3.571428571,6.428571429,64.28571429,7.857142857
恥齋集,1697,1726,1711,역대문집DB,0,31,3,108,12,8,7,169,,4.142011834,0,7.100591716,1.775147929,18.34319527,63.90532544,4.733727811
陶菴先生集,1678,1746,1712,역대문집DB,57,480,48,647,22,16,385,1655,,23.26283988,3.444108761,1.329305136,2.900302115,29.00302115,39.09365559,0.966767372
鳳巖集,1683,1741,1712,문집총간,13,84,27,215,35,68,16,458,1783,3.493449782,2.838427948,7.641921397,5.895196507,18.34061135,46.94323144,14.84716157
杜陵集,1683,1742,1712,역대문집DB,3,34,2,55,5,2,1,102,,0.980392157,2.941176471,4.901960784,1.960784314,33.33333333,53.92156863,1.960784314
華谷集,1687,1737,1712,문집총간,0,0,7,136,0,6,0,149,1794,0,0,0,4.697986577,0,91.27516779,4.026845638
太華子稿,1696,1728,1712,문집총간,0,11,9,303,6,6,3,338,1736,0.887573964,0,1.775147929,2.662721893,3.25443787,89.64497041,1.775147929
無名齋集,1671,1755,1713,역대문집DB,9,2,1,195,5,3,0,215,,0,4.186046512,2.325581395,0.465116279,0.930232558,90.69767442,1.395348837
知足堂集,1674,1753,1713,문집총간,0,9,7,103,21,4,6,150,1907,4,0,14,4.666666667,6,68.66666667,2.666666667
白隱文集,1675,1752,1713,역대문집DB,1,1,13,208,8,11,1,243,,0.411522634,0.411522634,3.29218107,5.349794239,0.411522634,85.59670782,4.526748971
慵窩集,1680,1746,1713,문집총간,1,26,6,169,7,6,17,232,,7.327586207,0.431034483,3.017241379,2.586206897,11.20689655,72.84482759,2.586206897
陶菴集,1680,1746,1713,문집총간,55,889,26,647,42,49,369,2077,1803,17.76600867,2.648050072,2.022147328,1.251805489,42.80211844,31.15069812,2.359171883
?窩集,1680,1746,1713,역대문집DB,1,21,9,177,4,3,2,217,,0.921658986,0.460829493,1.843317972,4.147465438,9.677419355,81.56682028,1.382488479
鶴塘遺稿,1681,1746,1713,문집총간,305,0,2,380,21,77,4,789,,0.506970849,38.65652725,2.661596958,0.253485425,0,48.16223067,9.759188847
九苞稿,1682,1745,1713,역대문집DB,0,0,0,171,0,4,0,175,,0,0,0,0,0,97.71428571,2.285714286
一庵遺稿,1685,1741,1713,문집총간,14,58,3,0,8,13,12,108,,11.11111111,12.96296296,7.407407407,2.777777778,53.7037037,0,12.03703704
桐巢先生遺稿,1678,1751,1714,역대문집DB,0,15,8,370,17,10,19,439,,4.328018223,0,3.872437358,1.822323462,3.416856492,84.28246014,2.277904328
竹翁文集,1679,1750,1714,역대문집DB,3,4,0,177,8,6,0,198,,0,1.515151515,4.04040404,0,2.02020202,89.39393939,3.03030303
癡軒集,1680,1748,1714,문집총간,2,20,5,128,12,6,1,174,1870,0.574712644,1.149425287,6.896551724,2.873563218,11.49425287,73.56321839,3.448275862
黎湖集,1680,1748,1714,문집총간,125,190,0,260,61,29,108,773,,13.97153946,16.17076326,7.891332471,0,24.57956016,33.63518758,3.751617076
癡軒先生文集,1680,1748,1714,역대문집DB,0,13,2,97,11,4,0,127,,0,0,8.661417323,1.57480315,10.23622047,76.37795276,3.149606299
東圃集,1681,1747,1714,문집총간,0,18,4,820,11,12,11,876,1757,1.255707763,0,1.255707763,0.456621005,2.054794521,93.60730594,1.369863014
華齋集,1682,1747,1714,문집총간,10,40,1,59,9,10,10,139,,7.194244604,7.194244604,6.474820144,0.71942446,28.77697842,42.44604317,7.194244604
西州集,1682,1747,1714,문집총간,5,32,3,355,30,6,10,441,1854,2.267573696,1.133786848,6.802721088,0.680272109,7.256235828,80.49886621,1.360544218
明庵集,1683,1746,1714,문집총간,2,18,10,544,4,14,7,599,1901,1.168614357,0.333889816,0.667779633,1.669449082,3.005008347,90.81803005,2.337228715
南浦文集,1683,1746,1714,역대문집DB,0,13,0,121,6,0,8,148,,5.405405405,0,4.054054054,0,8.783783784,81.75675676,0
賁需齋集,1697,1731,1714,문집총간,5,40,13,149,29,46,2,284,1781,0.704225352,1.76056338,10.21126761,4.577464789,14.08450704,52.46478873,16.1971831
寒泉遺稿,1697,1731,1714,문집총간,0,0,4,232,0,2,3,241,1739,1.244813278,0,0,1.659751037,0,96.26556017,0.829875519
逋軒集,1672,1759,1715,문집총간,5,39,4,228,51,14,7,348,1822,2.011494253,1.436781609,14.65517241,1.149425287,11.20689655,65.51724138,4.022988506
訥隱集,1674,1756,1715,문집총간,2,46,56,181,37,63,114,499,1808,22.84569138,0.400801603,7.414829659,11.22244489,9.218436874,36.27254509,12.6252505
笑庵先生文集,1678,1752,1715,역대문집DB,1,3,16,137,0,8,2,167,,1.19760479,0.598802395,0,9.580838323,1.796407186,82.03592814,4.790419162
夷溪處士文集,1678,1753,1715,역대문집DB,0,18,2,85,14,0,3,122,,2.459016393,0,11.47540984,1.639344262,14.75409836,69.67213115,0
霽山集,1684,1747,1715,문집총간,28,164,17,212,46,18,23,508,1860,4.527559055,5.511811024,9.05511811,3.346456693,32.28346457,41.73228346,3.543307087
東谿集,1693,1737,1715,문집총간,9,34,79,35,37,103,45,342,1741,13.15789474,2.631578947,10.81871345,23.0994152,9.941520468,10.23391813,30.11695906
橧巢集,1693,1738,1715,문집총간,0,19,11,445,50,8,16,549,,2.9143898,0,9.107468124,2.003642987,3.460837887,81.0564663,1.4571949
西溪集,1677,1756,1716,문집총간,2,183,44,324,77,80,65,775,1812,8.387096774,0.258064516,9.935483871,5.677419355,23.61290323,41.80645161,10.32258065
虛齋詩集,1680,1752,1716,역대문집DB,0,0,0,205,0,0,0,205,,0,0,0,0,0,100,0
靑泉集,1681,1752,1716,문집총간,3,60,44,317,37,117,8,586,1770,1.365187713,0.511945392,6.313993174,7.508532423,10.23890785,54.09556314,19.96587031
南塘集,1682,1751,1716,문집총간,27,302,37,214,12,75,24,691,1765,3.473227207,3.907380608,1.736613603,5.354558611,43.70477569,30.96960926,10.85383502
樗村集,1688,1744,1716,역대문집DB,5,5,7,301,15,1,10,344,,2.906976744,1.453488372,4.360465116,2.034883721,1.453488372,87.5,0.290697674
菊圃集,1690,1742,1716,문집총간,14,10,18,684,33,29,16,804,1775,1.990049751,1.741293532,4.104477612,2.23880597,1.243781095,85.07462687,3.606965174
李恥齋先生文集,1690,1742,1716,역대문집DB,0,25,6,164,11,25,8,239,,3.347280335,0,4.60251046,2.510460251,10.46025105,68.61924686,10.46025105
二恥齋集,1691,1742,1716,문집총간,0,28,11,157,21,31,11,259,1899,4.247104247,0,8.108108108,4.247104247,10.81081081,60.61776062,11.96911197
沙村集,1691,1742,1716,문집총간,12,10,6,165,9,5,2,209,1765,0.956937799,5.741626794,4.306220096,2.870813397,4.784688995,78.94736842,2.392344498
三復齋集,1693,1739,1716,역대문집DB,146,3,8,205,0,6,0,368,,0,39.67391304,0,2.173913043,0.815217391,55.70652174,1.630434783
春洲遺稿,1699,1733,1716,문집총간,0,2,6,199,4,9,3,223,,1.34529148,0,1.793721973,2.69058296,0.896860987,89.23766816,4.035874439
松隱詩集,1679,1755,1717,역대문집DB,0,0,0,270,0,0,0,270,,0,0,0,0,0,100,0
梅軒先生文集,1680,1755,1717,역대문집DB,0,24,10,85,13,4,6,142,,4.225352113,0,9.154929577,7.042253521,16.90140845,59.85915493,2.816901408
松窩集,1682,1752,1717,문집총간,0,118,20,451,66,17,3,675,1873,0.444444444,0,9.777777778,2.962962963,17.48148148,66.81481481,2.518518519
悔窩集,1683,1752,1717,문집총간,2,6,41,522,13,72,6,662,1904,0.906344411,0.302114804,1.963746224,6.193353474,0.906344411,78.85196375,10.87613293
東溪遺稿,1687,1747,1717,문집총간,0,9,3,226,10,4,1,253,1759,0.395256917,0,3.95256917,1.185770751,3.557312253,89.32806324,1.581027668
藥山漫稿,1689,1745,1717,문집총간,30,0,30,287,19,37,29,432,1924,6.712962963,6.944444444,4.398148148,6.944444444,0,66.43518519,8.564814815
雨溪集,1675,1762,1718,문집총간,1,9,3,227,9,4,4,257,1880,1.556420233,0.389105058,3.501945525,1.167315175,3.501945525,88.32684825,1.556420233
吾與齋遺稿,1680,1757,1718,역대문집DB,0,5,3,463,5,0,7,483,,1.449275362,0,1.035196687,0.621118012,1.035196687,95.85921325,0
六忍齋文集,1682,1755,1718,역대문집DB,1,10,3,169,28,4,4,219,,1.826484018,0.456621005,12.78538813,1.369863014,4.566210046,77.16894977,1.826484018
朴澹翁集,1683,1753,1718,문집총간,0,7,5,173,0,8,1,194,1770,0.515463918,0,0,2.577319588,3.608247423,89.17525773,4.12371134
江左集,1688,1749,1718,문집총간,4,66,13,460,35,25,13,616,,2.11038961,0.649350649,5.681818182,2.11038961,10.71428571,74.67532468,4.058441558
KC01783菴集,1676,1762,1719,문집총간,2,28,23,354,22,23,11,463,1823,2.375809935,0.431965443,4.75161987,4.967602592,6.047516199,76.45788337,4.967602592
淸臺集,1679,1759,1719,문집총간,27,184,36,602,32,28,57,966,1797,5.900621118,2.795031056,3.3126294,3.726708075,19.04761905,62.31884058,2.898550725
臥溪文集,1682,1757,1719,역대문집DB,0,7,2,211,9,1,2,232,,0.862068966,0,3.879310345,0.862068966,3.017241379,90.94827586,0.431034483
退漁堂遺稿,1684,1755,1719,문집총간,47,0,1,602,0,0,0,650,1805,0,7.230769231,0,0.153846154,0,92.61538462,0
樗村遺稿,1685,1753,1719,문집총간,0,500,4,2450,24,31,28,3037,1938,0.921962463,0,0.79025354,0.131708923,16.46361541,80.67171551,1.020744155
冠陽集,1690,1748,1719,문집총간,54,22,6,263,14,17,12,388,,3.092783505,13.91752577,3.608247423,1.546391753,5.670103093,67.78350515,4.381443299
圃巖集,1680,1761,1720,문집총간,55,67,44,685,35,37,75,998,1767,7.51503006,5.511022044,3.507014028,4.408817635,6.713426854,68.63727455,3.70741483
浣巖集,1681,1759,1720,문집총간,0,0,10,460,11,20,13,514,1765,2.529182879,0,2.140077821,1.945525292,0,89.49416342,3.891050584
鶴谷集,1682,1759,1720,역대문집DB,5,5,1,206,3,6,2,228,,0.877192982,2.192982456,1.315789474,0.438596491,2.192982456,90.35087719,2.631578947
鶴臯集,1683,1758,1720,문집총간,15,4,14,1109,18,18,12,1190,,1.008403361,1.260504202,1.512605042,1.176470588,0.336134454,93.19327731,1.512605042
東窩集,1687,1754,1720,역대문집DB,0,4,1,59,6,0,3,73,,4.109589041,0,8.219178082,1.369863014,5.479452055,80.82191781,0
慕山遺稿,1693,1747,1720,문집총간,1,21,6,167,18,22,3,238,1800,1.260504202,0.420168067,7.56302521,2.521008403,8.823529412,70.16806723,9.243697479
靑壁集,1693,1748,1720,문집총간,2,35,4,108,25,3,3,180,,1.666666667,1.111111111,13.88888889,2.222222222,19.44444444,60,1.666666667
月谷集,1700,1740,1720,문집총간,46,21,19,595,29,23,17,750,1752,2.266666667,6.133333333,3.866666667,2.533333333,2.8,79.33333333,3.066666667
梅山集,1685,1757,1721,문집총간,8,174,9,235,46,18,37,527,1790,7.020872865,1.518026565,8.728652751,1.707779886,33.0170778,44.59203036,3.415559772
慕軒集,1687,1756,1721,문집총간,10,13,5,330,13,15,8,394,1840,2.030456853,2.538071066,3.299492386,1.269035533,3.299492386,83.75634518,3.807106599
牧谷集,1687,1755,1721,문집총간,58,0,12,295,17,9,16,407,1767,3.931203931,14.25061425,4.176904177,2.948402948,0,72.48157248,2.211302211
瓢陰文集,1689,1754,1721,역대문집DB,1,0,0,168,11,0,0,180,,0,0.555555556,6.111111111,0,0,93.33333333,0
歸鹿集,1691,1752,1721,문집총간,525,96,27,1116,83,85,127,2059,,6.168042739,25.49781447,4.03108305,1.311316173,4.662457504,54.20106848,4.128217581
星湖全集,1681,1763,1722,문집총간,6,512,210,754,51,238,161,1932,1922,8.333333333,0.310559006,2.639751553,10.86956522,26.5010352,39.02691511,12.31884058
立齋遺稿,1689,1756,1722,문집총간,17,14,31,609,31,123,21,846,1912,2.482269504,2.009456265,3.6643026,3.6643026,1.654846336,71.9858156,14.53900709
恥恥齋文集,1679,1767,1723,역대문집DB,0,3,8,166,6,6,0,189,,0,0,3.174603175,4.232804233,1.587301587,87.83068783,3.174603175
巽齋集,1680,1767,1723,역대문집DB,0,0,0,474,0,0,0,474,,0,0,0,0,0,100,0
鳳巖集,1684,1762,1723,문집총간,3,19,11,25,2,25,8,93,1807,8.602150538,3.225806452,2.150537634,11.82795699,20.43010753,26.88172043,26.88172043
觀我齋稿,1686,1761,1723,문집총간,2,0,21,88,18,16,5,150,,3.333333333,1.333333333,12,14,0,58.66666667,10.66666667
花溪集,1687,1760,1723,문집총간,0,33,23,839,9,54,8,966,1883,0.82815735,0,0.931677019,2.380952381,3.416149068,86.85300207,5.590062112
炳燭齋文集,1693,1754,1723,역대문집DB,0,34,11,113,20,3,3,184,,1.630434783,0,10.86956522,5.97826087,18.47826087,61.41304348,1.630434783
?亭先生文集,1695,1751,1723,역대문집DB,0,61,0,97,0,14,0,172,,0,0,0,0,35.46511628,56.39534884,8.139534884
芐亭集,1696,1751,1723,문집총간,8,96,13,100,25,36,10,288,1788,3.472222222,2.777777778,8.680555556,4.513888889,33.33333333,34.72222222,12.5
海錦集,1700,1746,1723,역대문집DB,1,0,0,250,0,1,0,252,,0,0.396825397,0,0,0,99.20634921,0.396825397
屛溪集,1681,1767,1724,역대문집DB,47,446,48,402,52,31,140,1166,,12.00686106,4.030874786,4.459691252,4.116638079,38.25042882,34.47684391,2.658662093
圃翁集,1682,1767,1724,역대문집DB,3,3,4,140,2,2,0,154,,0,1.948051948,1.298701299,2.597402597,1.948051948,90.90909091,1.298701299
鳳洲先生文集,1690,1759,1724,역대문집DB,0,15,7,85,8,28,0,143,,0,0,5.594405594,4.895104895,10.48951049,59.44055944,19.58041958
悔軒集,1691,1757,1724,문집총간,129,48,11,896,39,28,40,1191,1762,3.35852225,10.83123426,3.274559194,0.923593619,4.0302267,75.2308984,2.350965575
寒松齋集,1691,1757,1724,문집총간,0,10,10,236,11,19,4,290,1796,1.379310345,0,3.793103448,3.448275862,3.448275862,81.37931034,6.551724138
鳴臯集,1692,1757,1724,문집총간,25,139,25,497,54,34,22,796,1935,2.763819095,3.140703518,6.783919598,3.140703518,17.46231156,62.43718593,4.271356784
兼山集,1696,1752,1724,문집총간,5,59,14,99,29,36,13,255,1775,5.098039216,1.960784314,11.37254902,5.490196078,23.1372549,38.82352941,14.11764706
藥軒遺集,1700,1748,1724,문집총간,2,35,28,163,29,29,13,299,1861,4.347826087,0.668896321,9.698996656,9.364548495,11.70568562,54.51505017,9.698996656
屛溪集,1683,1767,1725,문집총간,95,715,42,303,55,69,132,1411,1802,9.355067328,6.732813607,3.89794472,2.976612332,50.67328136,21.47413182,4.890148831
退軒遺稿,1688,1762,1725,문집총간,122,2,2,113,52,5,32,328,,9.756097561,37.19512195,15.85365854,0.609756098,0.609756098,34.45121951,1.524390244
梧川集,1692,1759,1725,문집총간,257,82,5,127,48,102,31,652,1937,4.754601227,39.41717791,7.36196319,0.766871166,12.57668712,19.47852761,15.64417178
貞菴集,1694,1756,1725,문집총간,6,340,12,162,19,9,44,592,1799,7.432432432,1.013513514,3.209459459,2.027027027,57.43243243,27.36486486,1.52027027
靜坐窩集,1694,1756,1725,문집총간,1,165,5,149,12,44,9,385,1756,2.337662338,0.25974026,3.116883117,1.298701299,42.85714286,38.7012987,11.42857143
雪嶽遺稿,1695,1756,1725,역대문집DB,0,35,29,670,21,23,5,783,,0.638569604,0,2.681992337,3.703703704,4.469987229,85.56832695,2.937420179
九灘文集,1697,1753,1725,역대문집DB,0,2,4,166,18,5,5,200,,2.5,0,9,2,1,83,2.5
杜機詩集,1691,1762,1726,문집총간,0,0,2,703,0,0,0,705,,0,0,0,0.283687943,0,99.71631206,0
卑窩文集,1691,1762,1726,역대문집DB,0,22,1,97,18,1,1,140,,0.714285714,0,12.85714286,0.714285714,15.71428571,69.28571429,0.714285714
闊岸先生文集,1691,1762,1726,역대문집DB,3,4,12,108,4,23,1,155,,0.64516129,1.935483871,2.580645161,7.741935484,2.580645161,69.67741935,14.83870968
玉成軒逸稿,1696,1757,1726,역대문집DB,0,0,2,70,6,0,0,78,,0,0,7.692307692,2.564102564,0,89.74358974,0
牛川集,1694,1760,1727,문집총간,29,40,2,232,40,3,11,357,1832,3.081232493,8.1232493,11.20448179,0.56022409,11.20448179,64.9859944,0.840336134
黃臯集,1688,1768,1728,문집총간,0,73,10,254,20,18,10,385,1845,2.597402597,0,5.194805195,2.597402597,18.96103896,65.97402597,4.675324675
石門集,1688,1769,1728,문집총간,16,23,13,415,37,14,18,536,,3.358208955,2.985074627,6.902985075,2.425373134,4.291044776,77.42537313,2.611940299
竹村文集,1689,1767,1728,역대문집DB,0,0,3,63,2,0,0,68,,0,0,2.941176471,4.411764706,0,92.64705882,0
平庵先生文集,1690,1767,1728,역대문집DB,9,17,8,169,16,13,2,234,,0.854700855,3.846153846,6.837606838,3.418803419,7.264957265,72.22222222,5.555555556
晩窩遺稿,1695,1761,1728,역대문집DB,0,5,22,111,7,3,5,153,,3.267973856,0,4.575163399,14.37908497,3.267973856,72.54901961,1.960784314
竹林齋文集,1685,1773,1729,역대문집DB,0,6,5,42,3,8,0,64,,0,0,4.6875,7.8125,9.375,65.625,12.5
知守齋集,1691,1767,1729,문집총간,137,59,30,85,32,3,91,437,1878,20.82379863,31.35011442,7.322654462,6.864988558,13.50114416,19.45080092,0.686498856
蒼霞集,1698,1761,1729,문집총간,84,8,18,208,15,23,32,388,1773,8.24742268,21.64948454,3.865979381,4.639175258,2.06185567,53.60824742,5.927835052
晉菴集,1698,1761,1729,문집총간,66,9,29,359,25,27,10,525,1762,1.904761905,12.57142857,4.761904762,5.523809524,1.714285714,68.38095238,5.142857143
台窩集,1701,1758,1729,역대문집DB,0,29,10,110,0,0,0,149,,0,0,0,6.711409396,19.46308725,73.82550336,0
止庵遺稿,1691,1770,1730,문집총간,70,1,4,392,25,13,28,533,,5.253283302,13.13320826,4.69043152,0.750469043,0.187617261,73.54596623,2.43902439
桐江遺稿,1701,1759,1730,문집총간,1,38,7,24,5,1,22,98,1810,22.44897959,1.020408163,5.102040816,7.142857143,38.7755102,24.48979592,1.020408163
棄棄齋文集,1689,1774,1731,역대문집DB,0,8,2,175,2,5,6,198,,3.03030303,0,1.01010101,1.01010101,4.04040404,88.38383838,2.525252525
直菴集,1696,1766,1731,문집총간,28,153,47,24,19,8,45,324,1811,13.88888889,8.641975309,5.864197531,14.50617284,47.22222222,7.407407407,2.469135802
下枝集,1700,1762,1731,역대문집DB,0,40,21,148,33,9,2,253,,0.790513834,0,13.04347826,8.300395257,15.81027668,58.49802372,3.557312253
三山集,1702,1761,1731,문집총간,28,67,6,56,24,12,8,201,1863,3.980099502,13.93034826,11.94029851,2.985074627,33.33333333,27.86069652,5.970149254
閒靜堂集,1710,1752,1731,문집총간,0,88,7,102,10,46,10,263,1788,3.802281369,0,3.802281369,2.661596958,33.46007605,38.78326996,17.4904943
南窓先生文集,1689,1775,1732,역대문집DB,0,19,15,120,9,8,11,182,,6.043956044,0,4.945054945,8.241758242,10.43956044,65.93406593,4.395604396
損齋集,1702,1762,1732,문집총간,85,0,0,273,0,0,0,358,,0,23.74301676,0,0,0,76.25698324,0
月峰文集,1706,1759,1732,역대문집DB,0,3,5,167,0,2,0,177,,0,0,0,2.824858757,1.694915254,94.35028249,1.129943503
梨湖遺稿,1713,1751,1732,문집총간,0,20,3,9,2,10,5,49,1771,10.20408163,0,4.081632653,6.12244898,40.81632653,18.36734694,20.40816327
愚谷集,1690,1777,1733,역대문집DB,0,0,0,350,2,0,0,352,,0,0,0.568181818,0,0,99.43181818,0
屹峰先生文集,1694,1773,1733,역대문집DB,0,14,12,120,17,7,8,178,,4.494382022,0,9.550561798,6.741573034,7.865168539,67.41573034,3.93258427
白水集,1700,1767,1733,문집총간,0,154,39,115,44,389,20,761,1928,2.628120894,0,5.781865966,5.124835742,20.23653088,15.11169514,51.11695138
癡窩遺稿,1699,1769,1734,역대문집DB,0,1,1,267,2,1,0,272,,0,0,0.735294118,0.367647059,0.367647059,98.16176471,0.367647059
雲坪集,1710,1758,1734,문집총간,17,148,2,68,13,20,0,268,,0,6.343283582,4.850746269,0.746268657,55.2238806,25.37313433,7.462686567
法川集,1711,1758,1734,역대문집DB,21,8,5,126,22,0,9,191,,4.712041885,10.9947644,11.51832461,2.617801047,4.188481675,65.96858639,0
松浦先生文集,1693,1777,1735,역대문집DB,0,0,1,109,0,0,0,110,,0,0,0,0.909090909,0,99.09090909,0
晩慕遺稿,1695,1775,1735,문집총간,12,15,5,325,16,8,3,384,1834,0.78125,3.125,4.166666667,1.302083333,3.90625,84.63541667,2.083333333
易安堂集,1695,1776,1735,문집총간,1,3,5,293,10,4,2,318,1852,0.628930818,0.314465409,3.144654088,1.572327044,0.943396226,92.13836478,1.257861635
雷淵集,1698,1773,1735,문집총간,84,94,65,975,59,108,125,1510,1783,8.278145695,5.562913907,3.907284768,4.304635762,6.225165563,64.56953642,7.152317881
豹隱先生遺集,1709,1762,1735,역대문집DB,0,0,0,171,0,0,0,171,,0,0,0,0,0,100,0
凌壺集,1710,1760,1735,문집총간,0,18,17,238,18,21,0,312,1779,0,0,5.769230769,5.448717949,5.769230769,76.28205128,6.730769231
野隱遺稿,1694,1779,1736,역대문집DB,0,4,2,45,14,5,0,70,,0,0,20,2.857142857,5.714285714,64.28571429,7.142857143
夷峯集,1700,1773,1736,문집총간,0,81,16,289,29,9,14,438,1909,3.196347032,0,6.621004566,3.652968037,18.49315068,65.98173516,2.054794521
櫟泉集,1705,1768,1736,문집총간,33,369,11,379,48,40,44,924,1805,4.761904762,3.571428571,5.194805195,1.19047619,39.93506494,41.01731602,4.329004329
?泉先生文集,1705,1768,1736,역대문집DB,31,189,27,384,31,14,36,712,,5.056179775,4.353932584,4.353932584,3.792134831,26.54494382,53.93258427,1.966292135
丹陵遺稿,1714,1759,1736,문집총간,10,0,6,460,38,46,4,564,1779,0.709219858,1.773049645,6.737588652,1.063829787,0,81.56028369,8.156028369
戰兢齋集,1694,1780,1737,문집총간,0,14,5,193,33,3,6,254,1868,2.362204724,0,12.99212598,1.968503937,5.511811024,75.98425197,1.181102362
渼湖集,1702,1772,1737,문집총간,28,430,31,183,43,40,63,818,1799,7.701711491,3.422982885,5.256723716,3.789731051,52.56723716,22.37163814,4.88997555
九思堂集,1708,1766,1737,문집총간,0,115,6,141,43,49,6,360,1801,1.666666667,0,11.94444444,1.666666667,31.94444444,39.16666667,13.61111111
松湖集,1703,1773,1738,문집총간,25,0,13,338,3,12,4,395,1832,1.012658228,6.329113924,0.759493671,3.291139241,0,85.56962025,3.037974684
晩隱遺稿,1704,1772,1738,역대문집DB,0,44,15,283,6,4,1,353,,0.283286119,0,1.699716714,4.249291785,12.46458924,80.16997167,1.133144476
平庵集,1710,1767,1738,문집총간,9,21,12,165,25,30,9,271,1878,3.32103321,3.32103321,9.225092251,4.42804428,7.749077491,60.88560886,11.0701107
芝谷先生遺集,1711,1766,1738,역대문집DB,0,5,3,100,17,3,0,128,,0,0,13.28125,2.34375,3.90625,78.125,2.34375
冷泉文集,1695,1783,1739,역대문집DB,0,33,0,84,35,1,4,157,,2.547770701,0,22.29299363,0,21.01910828,53.50318471,0.636942675
南村先生文集,1698,1781,1739,역대문집DB,0,45,49,13,31,6,17,161,,10.55900621,0,19.25465839,30.43478261,27.95031056,8.074534161,3.726708075
龍山集,1699,1779,1739,역대문집DB,0,19,3,105,9,6,0,142,,0,0,6.338028169,2.112676056,13.38028169,73.94366197,4.225352113
麗澤齋遺稿,1701,1778,1739,문집총간,0,48,5,37,5,13,6,114,1787,5.263157895,0,4.385964912,4.385964912,42.10526316,32.45614035,11.40350877
三稀堂文集,1701,1778,1739,역대문집DB,0,15,4,38,9,4,0,70,,0,0,12.85714286,5.714285714,21.42857143,54.28571429,5.714285714
?窩集,1701,1778,1739,역대문집DB,2,35,7,150,27,25,16,262,,6.106870229,0.763358779,10.30534351,2.671755725,13.35877863,57.2519084,9.541984733
麗澤齋遺稿,1701,1777,1739,역대문집DB,0,34,4,47,4,9,0,98,,0,0,4.081632653,4.081632653,34.69387755,47.95918367,9.183673469
溪巖逸稿,1704,1774,1739,역대문집DB,0,12,6,32,7,0,0,57,,0,0,12.28070175,10.52631579,21.05263158,56.14035088,0
梅軒照影,1708,1770,1739,역대문집DB,0,1,2,84,22,7,1,117,,0.854700855,0,18.8034188,1.709401709,0.854700855,71.79487179,5.982905983
雲齋遺稿,1724,1754,1739,문집총간,0,4,3,169,14,0,5,195,1831,2.564102564,0,7.179487179,1.538461538,2.051282051,86.66666667,0
南村集,1698,1782,1740,문집총간,0,50,10,13,60,10,20,163,1921,12.26993865,0,36.80981595,6.134969325,30.67484663,7.975460123,6.134969325
翕齋稿,1705,1776,1740,역대문집DB,1,14,26,293,35,14,12,395,,3.037974684,0.253164557,8.860759494,6.582278481,3.544303797,74.17721519,3.544303797
桐塢先生文集,1705,1775,1740,역대문집DB,0,18,1,111,7,1,4,142,,2.816901408,0,4.929577465,0.704225352,12.67605634,78.16901408,0.704225352
顧菴先生文集,1715,1766,1740,역대문집DB,0,5,1,30,1,10,3,50,,6,0,2,2,10,60,20
厚庵集,1701,1781,1741,문집총간,2,48,11,270,11,17,12,371,1812,3.234501348,0.539083558,2.964959569,2.964959569,12.93800539,72.77628032,4.582210243
桐岡先生遺稿,1704,1778,1741,역대문집DB,0,12,19,54,6,11,20,122,,16.39344262,0,4.918032787,15.57377049,9.836065574,44.26229508,9.016393443
圓嶠集,1705,1777,1741,문집총간,0,3,0,127,17,19,25,191,,13.08900524,0,8.90052356,0,1.570680628,66.4921466,9.947643979
鳳谷桂察訪遺集,1708,1775,1741,문집총간,4,2,16,48,7,86,8,171,1859,4.678362573,2.339181287,4.093567251,9.356725146,1.169590643,28.07017544,50.29239766
剛窩集,1709,1773,1741,역대문집DB,0,53,17,61,42,14,16,203,,7.881773399,0,20.68965517,8.374384236,26.10837438,30.04926108,6.896551724
下枝遺集,1710,1772,1741,문집총간,0,50,14,124,43,22,3,256,1793,1.171875,0,16.796875,5.46875,19.53125,48.4375,8.59375
震溟集,1713,1770,1741,문집총간,3,27,35,866,15,32,41,1019,1937,4.023552502,0.294406281,1.472031403,3.434739941,2.649656526,84.98527969,3.14033366
海嶽集,1718,1764,1741,문집총간,13,5,6,203,19,40,2,288,1801,0.694444444,4.513888889,6.597222222,2.083333333,1.736111111,70.48611111,13.88888889
戒懼菴集,1702,1782,1742,문집총간,0,48,2,119,5,87,0,261,1865,0,0,1.915708812,0.766283525,18.3908046,45.59386973,33.33333333
竹巖文集,1703,1781,1742,역대문집DB,0,0,1,225,5,3,0,234,,0,0,2.136752137,0.427350427,0,96.15384615,1.282051282
松下先生文集,1706,1779,1742,역대문집DB,0,21,6,157,23,9,2,218,,0.917431193,0,10.55045872,2.752293578,9.633027523,72.01834862,4.128440367
活孝齋集,1713,1772,1742,역대문집DB,0,18,4,87,3,11,4,127,,3.149606299,0,2.362204724,3.149606299,14.17322835,68.50393701,8.661417323
无悶集,1713,1772,1742,역대문집DB,0,3,6,85,3,1,0,98,,0,0,3.06122449,6.12244898,3.06122449,86.73469388,1.020408163
古巖先生文集,1714,1770,1742,역대문집DB,0,13,0,51,16,3,5,88,,5.681818182,0,18.18181818,0,14.77272727,57.95454545,3.409090909
一枝窩遺稿,1708,1778,1743,역대문집DB,1,3,0,170,13,1,0,188,,0,0.531914894,6.914893617,0,1.595744681,90.42553191,0.531914894
樹谷文集,1709,1778,1743,역대문집DB,0,22,13,263,18,1,0,317,,0,0,5.678233438,4.100946372,6.940063091,82.96529968,0.315457413
石北集,1712,1775,1743,문집총간,4,122,16,767,31,322,6,1268,1906,0.47318612,0.315457413,2.444794953,1.261829653,9.621451104,60.48895899,25.39432177
鳳麓集,1712,1774,1743,문집총간,0,3,6,324,14,2,9,358,1778,2.51396648,0,3.910614525,1.675977654,0.837988827,90.5027933,0.558659218
敬慕齋遺稿,1712,1774,1743,역대문집DB,0,0,6,117,7,8,10,148,,6.756756757,0,4.72972973,4.054054054,0,79.05405405,5.405405405
詠而齋遺稿,1704,1784,1744,역대문집DB,0,13,7,227,1,5,7,260,,2.692307692,0,0.384615385,2.692307692,5,87.30769231,1.923076923
?村先生文集,1704,1785,1744,역대문집DB,0,8,12,197,20,3,7,247,,2.834008097,0,8.097165992,4.858299595,3.238866397,79.75708502,1.214574899
悔尤文集,1711,1777,1744,역대문집DB,1,4,8,156,5,1,0,175,,0,0.571428571,2.857142857,4.571428571,2.285714286,89.14285714,0.571428571
東渠集,1711,1778,1744,역대문집DB,0,22,8,147,16,6,11,210,,5.238095238,0,7.619047619,3.80952381,10.47619048,70,2.857142857
九峰詩稿,1713,1775,1744,역대문집DB,0,0,0,223,0,0,0,223,,0,0,0,0,0,100,0
雙蓼堂遺集,1714,1775,1744,역대문집DB,1,4,13,82,10,2,0,112,,0,0.892857143,8.928571429,11.60714286,3.571428571,73.21428571,1.785714286
芝山遺集,1703,1788,1745,역대문집DB,2,0,10,142,17,14,11,196,,5.612244898,1.020408163,8.673469388,5.102040816,0,72.44897959,7.142857143
百弗菴集,1705,1786,1745,문집총간,0,469,0,57,26,27,11,590,1816,1.86440678,0,4.406779661,0,79.49152542,9.661016949,4.576271186
百弗菴先生文集附錄,1705,1786,1745,역대문집DB,0,307,9,57,16,24,11,424,,2.594339623,0,3.773584906,2.122641509,72.40566038,13.44339623,5.660377358
____集,1708,1782,1745,문집총간,0,0,47,60,2,62,0,171,,0,0,1.169590643,27.48538012,0,35.0877193,36.25730994
柳隱遺稿,1709,1781,1745,역대문집DB,49,8,1,23,5,0,0,86,,0,56.97674419,5.813953488,1.162790698,9.302325581,26.74418605,0
農叟集,1712,1779,1745,문집총간,0,41,8,126,3,9,3,190,1896,1.578947368,0,1.578947368,4.210526316,21.57894737,66.31578947,4.736842105
農?稿,1712,1779,1745,역대문집DB,0,11,0,124,0,0,0,135,,0,0,0,0,8.148148148,91.85185185,0
密菴集,1716,1774,1745,문집총간,1,69,1,76,12,29,4,192,1939,2.083333333,0.520833333,6.25,0.520833333,35.9375,39.58333333,15.10416667
活山集,1709,1784,1746,문집총간,1,24,15,231,9,52,23,355,1826,6.478873239,0.281690141,2.535211268,4.225352113,6.76056338,65.07042254,14.64788732
感恩齋先生逸稿,1709,1784,1746,역대문집DB,0,9,3,70,3,2,0,87,,0,0,3.448275862,3.448275862,10.34482759,80.45977011,2.298850575
果菴集,1710,1783,1746,문집총간,25,35,28,37,30,22,49,226,1933,21.68141593,11.0619469,13.27433628,12.38938053,15.48672566,16.37168142,9.734513274
大山集,1711,1781,1746,문집총간,6,667,77,350,42,53,68,1263,1802,5.384006334,0.475059382,3.325415677,6.096595408,52.81076801,27.71179731,4.196357878
旅菴遺稿,1712,1781,1746,문집총간,7,6,36,83,13,69,21,235,1910,8.936170213,2.978723404,5.531914894,15.31914894,2.553191489,35.31914894,29.36170213
安分堂遺集,1713,1779,1746,역대문집DB,0,9,3,89,6,21,1,129,,0.775193798,0,4.651162791,2.325581395,6.976744186,68.99224806,16.27906977
霅橋集,1718,1774,1746,문집총간,1,6,31,297,17,42,4,398,1906,1.005025126,0.251256281,4.271356784,7.788944724,1.507537688,74.62311558,10.55276382
伴圃遺稿,1721,1772,1746,문집총간,0,0,4,118,0,0,0,122,1813,0,0,0,3.278688525,0,96.72131148,0
素谷遺稿,1708,1786,1747,문집총간,25,33,28,22,34,60,72,274,1915,26.27737226,9.124087591,12.40875912,10.2189781,12.04379562,8.02919708,21.89781022
在澗集,1712,1783,1747,문집총간,0,7,8,96,14,8,30,163,1813,18.40490798,0,8.588957055,4.90797546,4.294478528,58.89570552,4.90797546
有心齋集,1714,1781,1747,문집총간,0,89,3,0,11,19,9,131,,6.870229008,0,8.396946565,2.290076336,67.9389313,0,14.50381679
約齋集,1723,1772,1747,문집총간,0,88,10,73,9,31,1,212,1811,0.471698113,0,4.245283019,4.716981132,41.50943396,34.43396226,14.62264151
江漢集,1709,1787,1748,문집총간,61,37,164,209,30,71,105,677,1790,15.50960118,9.010339734,4.431314623,24.22451994,5.465288035,30.87149188,10.48744461
八友軒集,1709,1788,1748,문집총간,1,23,12,338,39,33,8,454,1831,1.762114537,0.220264317,8.59030837,2.643171806,5.066079295,74.44933921,7.268722467
庸齋集,1713,1784,1748,문집총간,9,140,5,430,45,68,11,708,,1.553672316,1.271186441,6.355932203,0.706214689,19.7740113,60.73446328,9.604519774
稷下詩集,1714,1782,1748,역대문집DB,0,0,0,489,0,0,0,489,,0,0,0,0,0,100,0
江浦文集,1716,1781,1748,역대문집DB,0,25,0,35,15,1,0,76,,0,0,19.73684211,0,32.89473684,46.05263158,1.315789474
口授要語,1720,1777,1748,역대문집DB,0,51,8,195,9,4,0,267,,0,0,3.370786517,2.996254682,19.1011236,73.03370787,1.498127341
菁川四世聯芳錄,1728,1769,1748,역대문집DB,0,6,0,73,3,0,0,82,,0,0,3.658536585,0,7.317073171,89.02439024,0
凌虛關漫稿,1735,1762,1748,문집총간,462,14,2,155,10,83,1,727,1814,0.137551582,63.54883081,1.375515818,0.275103164,1.925722146,21.32049519,11.41678129
睡?先生文集,1710,1789,1749,역대문집DB,0,24,21,414,0,10,4,473,,0.845665962,0,0,4.4397463,5.073995772,87.52642706,2.114164905
鹿門集,1711,1788,1749,문집총간,17,329,21,34,30,57,26,514,1795,5.058365759,3.307392996,5.836575875,4.085603113,64.0077821,6.614785992,11.08949416
尼溪集,1713,1785,1749,문집총간,0,8,27,569,26,7,9,646,1893,1.393188854,0,4.024767802,4.179566563,1.238390093,88.08049536,1.083591331
韋庵集,1715,1784,1749,문집총간,40,10,2,217,16,4,22,311,,7.073954984,12.86173633,5.144694534,0.643086817,3.215434084,69.77491961,1.286173633
蘭谷先生文集,1719,1779,1749,역대문집DB,0,45,0,0,8,0,0,53,,0,0,15.09433962,0,84.90566038,0,0
菊軒集,1734,1765,1749,문집총간,1,3,2,3,5,1,1,16,,6.25,6.25,31.25,12.5,18.75,18.75,6.25
新齋先生文集,1711,1790,1750,역대문집DB,14,9,19,60,16,6,22,146,,15.06849315,9.589041096,10.95890411,13.01369863,6.164383562,41.09589041,4.109589041
本庵集,1721,1780,1750,문집총간,4,189,27,251,41,254,59,825,1798,7.151515152,0.484848485,4.96969697,3.272727273,22.90909091,30.42424242,30.78787879
秋潭集,1722,1779,1750,문집총간,6,11,5,98,5,9,5,139,1895,3.597122302,4.316546763,3.597122302,3.597122302,7.913669065,70.50359712,6.474820144
退軒集,1725,1775,1750,문집총간,14,77,3,299,16,2,2,413,1824,0.484261501,3.389830508,3.87409201,0.726392252,18.6440678,72.39709443,0.484261501
山齋遺稿,1728,1773,1750,역대문집DB,0,13,3,226,1,1,0,244,,0,0,0.409836066,1.229508197,5.327868852,92.62295082,0.409836066
順菴集,1712,1791,1751,문집총간,1,243,51,139,30,46,95,605,1900,15.70247934,0.165289256,4.958677686,8.429752066,40.16528926,22.97520661,7.603305785
小山集,1714,1789,1751,문집총간,3,196,42,122,26,17,44,450,,9.777777778,0.666666667,5.777777778,9.333333333,43.55555556,27.11111111,3.777777778
保晚齋集,1716,1787,1751,문집총간,51,20,42,155,26,50,36,380,1838,9.473684211,13.42105263,6.842105263,11.05263158,5.263157895,40.78947368,13.15789474
警弦齋集,1717,1786,1751,문집총간,2,3,4,261,3,10,10,293,1840,3.412969283,0.682593857,1.023890785,1.365187713,1.023890785,89.07849829,3.412969283
李參奉集,1720,1783,1751,문집총간,31,0,3,154,0,0,0,188,1805,0,16.4893617,0,1.595744681,0,81.91489362,0
溪村先生文集,1726,1776,1751,역대문집DB,1,27,9,164,9,8,1,219,,0.456621005,0.456621005,4.109589041,4.109589041,12.32876712,74.88584475,3.652968037
,1711,1794,1752,문집총간,0,40,3,82,28,4,5,162,1903,3.086419753,0,17.28395062,1.851851852,24.69135802,50.61728395,2.469135802
陋室集,1711,1794,1752,역대문집DB,0,37,2,79,20,3,2,143,,1.398601399,0,13.98601399,1.398601399,25.87412587,55.24475524,2.097902098
竹圃集,1711,1794,1752,역대문집DB,6,19,14,91,17,11,7,165,,4.242424242,3.636363636,10.3030303,8.484848485,11.51515152,55.15151515,6.666666667
豹菴稿,1713,1791,1752,문집총간,0,0,112,296,12,26,9,455,,1.978021978,0,2.637362637,24.61538462,0,65.05494505,5.714285714
篁林先生文集,1713,1792,1752,역대문집DB,0,15,10,142,15,5,9,196,,4.591836735,0,7.653061224,5.102040816,7.653061224,72.44897959,2.551020408
負喧先生文集,1717,1788,1752,역대문집DB,0,15,76,346,53,76,3,569,,0.527240773,0,9.314586995,13.35676626,2.636203866,60.80843585,13.35676626
寒川文集,1727,1777,1752,역대문집DB,2,9,1,41,5,0,0,58,,0,3.448275862,8.620689655,1.724137931,15.51724138,70.68965517,0
晩翁集,1711,1795,1753,문집총간,0,1,9,79,4,7,1,101,1899,0.99009901,0,3.96039604,8.910891089,0.99009901,78.21782178,6.930693069
晩悔集,1712,1794,1753,역대문집DB,0,71,10,106,34,3,0,224,,0,0,15.17857143,4.464285714,31.69642857,47.32142857,1.339285714
?菴集,1717,1789,1753,역대문집DB,1,14,1,124,0,0,0,140,,0,0.714285714,0,0.714285714,10,88.57142857,0
梧山集,1726,1781,1753,문집총간,0,49,7,73,21,9,11,170,1831,6.470588235,0,12.35294118,4.117647059,28.82352941,42.94117647,5.294117647
安窩遺稿,1729,1777,1753,문집총간,30,0,10,266,23,13,0,342,1787,0,8.771929825,6.725146199,2.923976608,0,77.77777778,3.801169591
陽洞遺稿,1736,1771,1753,역대문집DB,0,5,8,205,3,4,0,225,,0,0,1.333333333,3.555555556,2.222222222,91.11111111,1.777777778
松穆館燼餘稿,1740,1766,1753,문집총간,0,2,3,47,0,3,3,58,1860,5.172413793,0,0,5.172413793,3.448275862,81.03448276,5.172413793
括虛大師遺集,1720,1789,1754,역대문집DB,0,0,4,121,0,0,0,125,,0,0,0,3.2,0,96.8,0
雙梅堂遺集,1721,1787,1754,역대문집DB,0,12,28,127,0,1,0,168,,0,0,0,16.66666667,7.142857143,75.5952381,0.595238095
雲溪漫稿,1722,1787,1754,문집총간,61,61,13,268,41,69,19,532,,3.571428571,11.46616541,7.706766917,2.443609023,11.46616541,50.37593985,12.96992481
行休齋文集,1727,1782,1754,역대문집DB,0,0,6,160,2,5,2,175,,1.142857143,0,1.142857143,3.428571429,0,91.42857143,2.857142857
眠雲齋文集,1714,1796,1755,역대문집DB,0,27,17,123,18,9,29,223,,13.0044843,0,8.071748879,7.623318386,12.10762332,55.15695067,4.035874439
雙溪遺稿,1719,1792,1755,문집총간,128,4,14,185,42,14,57,444,,12.83783784,28.82882883,9.459459459,3.153153153,0.900900901,41.66666667,3.153153153
艮翁集,1719,1791,1755,문집총간,38,19,47,968,42,88,49,1251,1795,3.916866507,3.037569944,3.357314149,3.756994404,1.518784972,77.37809752,7.034372502
石堂遺稿,1722,1788,1755,문집총간,0,9,19,460,9,38,14,549,1804,2.550091075,0,1.639344262,3.460837887,1.639344262,83.78870674,6.921675774
冷窩集,1722,1789,1755,역대문집DB,0,11,18,71,14,5,9,128,,7.03125,0,10.9375,14.0625,8.59375,55.46875,3.90625
霽軒集,1725,1786,1755,문집총간,1,10,17,154,13,53,17,265,1786,6.41509434,0.377358491,4.905660377,6.41509434,3.773584906,58.11320755,20
雙柏堂遺稿,1714,1799,1756,문집총간,0,1,6,460,5,6,0,478,,0,0,1.046025105,1.255230126,0.209205021,96.23430962,1.255230126
懶窩集,1716,1797,1756,문집총간,2,119,12,209,11,4,9,366,1912,2.459016393,0.546448087,3.005464481,3.278688525,32.5136612,57.10382514,1.092896175
性堂集,1719,1793,1756,문집총간,6,24,3,85,12,4,3,137,1845,2.189781022,4.379562044,8.759124088,2.189781022,17.51824818,62.04379562,2.919708029
蘆厓集,1721,1791,1756,문집총간,0,98,5,138,18,26,17,302,,5.629139073,0,5.960264901,1.655629139,32.45033113,45.69536424,8.609271523
三山齋集,1722,1791,1756,문집총간,26,132,28,202,34,23,6,451,1854,1.33037694,5.764966741,7.538802661,6.208425721,29.26829268,44.78935698,5.099778271
寒澗先生文集,1722,1790,1756,역대문집DB,0,95,17,194,40,6,17,369,,4.60704607,0,10.8401084,4.60704607,25.74525745,52.57452575,1.62601626
素履齋遺稿,1722,1791,1756,역대문집DB,0,9,7,62,12,7,3,100,,3,0,12,7,9,62,7
遯庵集,1722,1791,1756,역대문집DB,0,27,19,75,8,7,8,144,,5.555555556,0,5.555555556,13.19444444,18.75,52.08333333,4.861111111
竹下集,1723,1790,1756,문집총간,291,56,9,419,29,16,14,834,,1.678657074,34.89208633,3.477218225,1.079136691,6.714628297,50.23980815,1.918465228
鶴齋集,1724,1788,1756,역대문집DB,0,9,5,57,5,3,1,80,,1.25,0,6.25,6.25,11.25,71.25,3.75
磨巖文集,1724,1788,1756,역대문집DB,0,17,4,112,7,4,2,146,,1.369863014,0,4.794520548,2.739726027,11.64383562,76.71232877,2.739726027
芝村遺集,1730,1783,1756,역대문집DB,2,0,7,178,6,4,0,197,,0,1.015228426,3.045685279,3.553299492,0,90.35532995,2.030456853
立菴集,1719,1796,1757,역대문집DB,0,55,8,97,14,13,9,196,,4.591836735,0,7.142857143,4.081632653,28.06122449,49.48979592,6.632653061
允摯堂遺稿,1721,1793,1757,문집총간,0,0,5,0,3,27,4,39,1796,10.25641026,0,7.692307692,12.82051282,0,0,69.23076923
南窓集,1723,1792,1757,역대문집DB,0,5,1,65,7,1,2,81,,2.469135802,0,8.641975309,1.234567901,6.172839506,80.24691358,1.234567901
七巖文集,1723,1792,1757,역대문집DB,4,7,23,191,14,9,9,257,,3.501945525,1.556420233,5.447470817,8.949416342,2.723735409,74.31906615,3.501945525
守吾齋遺集,1724,1790,1757,역대문집DB,0,23,0,53,23,6,0,105,,0,0,21.9047619,0,21.9047619,50.47619048,5.714285714
魯宇集,1725,1789,1757,문집총간,1,42,3,196,39,11,5,297,1881,1.683501684,0.336700337,13.13131313,1.01010101,14.14141414,65.99326599,3.703703704
荷棲集,1727,1787,1757,문집총간,70,11,25,261,26,35,15,443,1789,3.386004515,15.8013544,5.869074492,5.643340858,2.483069977,58.91647856,7.900677201
石堂遺稿,1727,1788,1757,역대문집DB,0,0,0,447,0,0,0,447,,0,0,0,0,0,100,0
漢湖文集,1728,1786,1757,역대문집DB,0,3,7,94,33,6,0,143,,0,0,23.07692308,4.895104895,2.097902098,65.73426573,4.195804196
湛軒書,1731,1783,1757,문집총간,0,50,14,24,9,115,9,221,1939,4.07239819,0,4.07239819,6.334841629,22.62443439,10.85972851,52.0361991
湛軒書(內集),1731,1783,1757,역대문집DB,0,53,13,24,8,4,2,104,,1.923076923,0,7.692307692,12.5,50.96153846,23.07692308,3.846153846
豐墅集,1717,1799,1758,문집총간,3,3,15,601,25,18,109,774,,14.08268734,0.387596899,3.22997416,1.937984496,0.387596899,77.64857881,2.325581395
可齋文集,1722,1795,1758,역대문집DB,0,28,2,96,15,3,4,148,,2.702702703,0,10.13513514,1.351351351,18.91891892,64.86486486,2.027027027
蒙巖集,1723,1793,1758,역대문집DB,0,36,14,120,32,3,12,217,,5.529953917,0,14.74654378,6.451612903,16.58986175,55.29953917,1.382488479
荷棲集,1727,1789,1758,역대문집DB,58,9,23,261,34,14,15,414,,3.623188406,14.00966184,8.212560386,5.555555556,2.173913043,63.04347826,3.381642512
農隱集,1729,1788,1758,역대문집DB,0,4,6,264,0,31,4,309,,1.294498382,0,0,1.941747573,1.294498382,85.4368932,10.03236246
樊巖集,1720,1799,1759,문집총간,489,28,70,517,86,1364,146,2700,1824,5.407407407,18.11111111,3.185185185,2.592592593,1.037037037,19.14814815,50.51851852
后山集,1722,1797,1759,문집총간,0,235,9,41,29,21,13,348,1823,3.735632184,0,8.333333333,2.586206897,67.52873563,11.7816092,6.034482759
菊泉先生爛稿,1724,1794,1759,역대문집DB,0,0,7,106,0,0,0,113,,0,0,0,6.194690265,0,93.80530973,0
醇庵集,1727,1792,1759,문집총간,25,17,32,253,14,60,26,427,1808,6.088992974,5.854800937,3.278688525,7.494145199,3.981264637,59.25058548,14.05152225
菊齋文集,1728,1790,1759,역대문집DB,0,24,5,112,3,2,0,146,,0,0,2.054794521,3.424657534,16.43835616,76.71232877,1.369863014
雲?集,1728,1791,1759,역대문집DB,5,10,3,210,6,8,9,251,,3.585657371,1.992031873,2.390438247,1.195219124,3.984063745,83.66533865,3.187250996
芹谷遺稿,1737,1781,1759,역대문집DB,0,0,4,302,4,6,1,317,,0.315457413,0,1.261829653,1.261829653,0,95.2681388,1.892744479
信齋集,1738,1780,1759,문집총간,0,12,0,161,16,22,6,217,,2.764976959,0,7.373271889,0,5.529953917,74.19354839,10.13824885
俟翁先生世稿,1716,1805,1760,역대문집DB,0,48,0,0,19,0,0,67,,0,0,28.35820896,0,71.64179104,0,0
川沙集,1724,1797,1760,문집총간,1,401,16,121,34,32,4,609,1806,0.65681445,0.164203612,5.582922824,2.6272578,65.8456486,19.86863711,5.254515599
東巖集,1724,1796,1760,문집총간,0,215,12,28,31,14,22,322,1807,6.832298137,0,9.627329193,3.726708075,66.77018634,8.695652174,4.347826087
石崖先生文集,1725,1796,1760,역대문집DB,13,43,6,376,1,5,6,450,,1.333333333,2.888888889,0.222222222,1.333333333,9.555555556,83.55555556,1.111111111
頤齋遺藁,1729,1791,1760,문집총간,3,194,65,536,42,61,52,953,1829,5.456453305,0.314795383,4.407135362,6.820566632,20.3567681,56.24344176,6.400839454
最窩集,1729,1791,1760,문집총간,7,42,4,91,23,21,10,198,1848,5.050505051,3.535353535,11.61616162,2.02020202,21.21212121,45.95959596,10.60606061
?齋先生遺稿續集,1729,1791,1760,역대문집DB,6,246,140,1198,36,36,58,1720,,3.372093023,0.348837209,2.093023256,8.139534884,14.30232558,69.65116279,2.093023256
太乙菴集,1724,1799,1761,문집총간,5,106,8,228,78,17,7,449,1944,1.559020045,1.113585746,17.37193764,1.781737194,23.60801782,50.77951002,3.786191537
靜窩先生文集,1724,1799,1761,역대문집DB,0,51,33,156,23,11,5,279,,1.792114695,0,8.243727599,11.82795699,18.27956989,55.91397849,3.94265233
雲湖集,1727,1796,1761,문집총간,0,45,5,0,6,14,5,75,1817,6.666666667,0,8,6.666666667,60,0,18.66666667
陶塢先生逸稿,1735,1787,1761,역대문집DB,0,5,1,72,6,0,1,85,,1.176470588,0,7.058823529,1.176470588,5.882352941,84.70588235,0
海左集,1723,1801,1762,문집총간,36,14,122,1755,59,222,37,2245,1867,1.648106904,1.603563474,2.628062361,5.434298441,0.623608018,78.17371938,9.888641425
沙川文集,1726,1799,1762,역대문집DB,0,17,3,84,13,2,0,119,,0,0,10.92436975,2.521008403,14.28571429,70.58823529,1.680672269
存齋集,1727,1798,1762,문집총간,10,18,18,128,9,126,31,340,1875,9.117647059,2.941176471,2.647058824,5.294117647,5.294117647,37.64705882,37.05882353
震澤集,1729,1796,1762,역대문집DB,0,6,1,1019,4,0,1,1031,,0.09699321,0,0.387972842,0.09699321,0.581959263,98.83608147,0
東窩遺集,1729,1796,1762,역대문집DB,0,21,4,40,3,3,0,71,,0,0,4.225352113,5.633802817,29.57746479,56.33802817,4.225352113
梧竹齋文集,1719,1808,1763,역대문집DB,1,9,10,594,10,3,7,634,,1.104100946,0.157728707,1.577287066,1.577287066,1.41955836,93.69085174,0.47318612
耳溪集,1724,1802,1763,문집총간,72,20,96,82,55,935,173,1433,1843,12.07257502,5.024424285,3.838101884,6.69923238,1.395673412,5.722260991,65.24773203
素巖集,1727,1800,1763,문집총간,0,55,16,65,27,7,25,195,1880,12.82051282,0,13.84615385,8.205128205,28.20512821,33.33333333,3.58974359
存齋集,1727,1799,1763,역대문집DB,3,14,43,166,5,64,29,324,,8.950617284,0.925925926,1.543209877,13.27160494,4.320987654,51.2345679,19.75308642
一夢稿,1727,1799,1763,역대문집DB,0,0,51,513,38,21,30,653,,4.594180704,0,5.819295559,7.810107198,0,78.56049005,3.215926493
夢梧集,1728,1799,1763,문집총간,36,6,33,107,15,14,27,238,1910,11.34453782,15.12605042,6.302521008,13.86554622,2.521008403,44.95798319,5.882352941
燕石,1730,1796,1763,문집총간,80,30,48,0,51,51,50,310,,16.12903226,25.80645161,16.4516129,15.48387097,9.677419355,0,16.4516129
默山集,1730,1796,1763,문집총간,5,29,6,121,30,7,4,202,1874,1.98019802,2.475247525,14.85148515,2.97029703,14.35643564,59.9009901,3.465346535
?山先生文集,1730,1796,1763,역대문집DB,6,29,6,122,24,4,2,193,,1.03626943,3.10880829,12.43523316,3.10880829,15.02590674,63.21243523,2.07253886
可庵遺稿,1740,1786,1763,문집총간,41,169,8,588,25,43,14,888,,1.576576577,4.617117117,2.815315315,0.900900901,19.03153153,66.21621622,4.842342342
養正齋文集,1723,1805,1764,역대문집DB,0,9,3,50,3,0,0,65,,0,0,4.615384615,4.615384615,13.84615385,76.92307692,0
潛溪文集,1724,1804,1764,역대문집DB,0,4,0,80,8,3,6,101,,5.940594059,0,7.920792079,0,3.96039604,79.20792079,2.97029703
一峰集,1727,1802,1764,역대문집DB,2,7,5,164,14,9,0,201,,0,0.995024876,6.965174129,2.487562189,3.482587065,81.5920398,4.47761194
樂庵遺稿,1730,1798,1764,역대문집DB,0,2,8,52,0,3,0,65,,0,0,0,12.30769231,3.076923077,80,4.615384615
二皓集,1730,1799,1764,역대문집DB,0,19,8,56,9,6,0,98,,0,0,9.183673469,8.163265306,19.3877551,57.14285714,6.12244898
修山集,1731,1797,1764,문집총간,9,2,68,92,12,133,23,339,1799,6.784660767,2.654867257,3.539823009,20.05899705,0.589970501,27.13864307,39.23303835
五龍齋遺稿,1731,1798,1764,문집총간,3,25,3,41,2,3,0,77,1801,0,3.896103896,2.597402597,3.896103896,32.46753247,53.24675325,3.896103896
韋菴集,1715,1815,1765,역대문집DB,40,10,4,227,13,2,21,317,,6.624605678,12.61829653,4.100946372,1.261829653,3.154574132,71.60883281,0.630914826
丹砂遺稿,1726,1805,1765,역대문집DB,0,2,5,46,15,4,0,72,,0,0,20.83333333,6.944444444,2.777777778,63.88888889,5.555555556
九曲遺稿,1728,1803,1765,역대문집DB,0,2,3,205,3,1,0,214,,0,0,1.401869159,1.401869159,0.934579439,95.79439252,0.46728972
歸樂窩集,1732,1799,1765,역대문집DB,35,191,23,661,11,15,5,941,,0.531349628,3.719447396,1.168969182,2.444208289,20.29755579,70.24442083,1.594048884
南屛集,1734,1796,1765,역대문집DB,0,21,10,209,21,2,1,264,,0.378787879,0,7.954545455,3.787878788,7.954545455,79.16666667,0.757575758
謙齋文集,1735,1795,1765,역대문집DB,0,7,5,82,12,3,2,111,,1.801801802,0,10.81081081,4.504504505,6.306306306,73.87387387,2.702702703
晩谷集,1729,1803,1766,문집총간,0,152,30,224,53,30,66,555,,11.89189189,0,9.54954955,5.405405405,27.38738739,40.36036036,5.405405405
斗庵集,1730,1802,1766,문집총간,4,22,21,77,22,35,51,232,1836,21.98275862,1.724137931,9.482758621,9.051724138,9.482758621,33.18965517,15.0862069
近齋集,1734,1799,1766,문집총간,0,586,30,328,34,64,30,1072,1817,2.798507463,0,3.171641791,2.798507463,54.6641791,30.59701493,5.970149254
東埜集,1734,1799,1766,문집총간,4,39,25,215,38,44,27,392,1845,6.887755102,1.020408163,9.693877551,6.37755102,9.948979592,54.84693878,11.2244898
南溪先生文集,1734,1799,1766,역대문집DB,0,10,0,80,2,0,0,92,,0,0,2.173913043,0,10.86956522,86.95652174,0
性潭集,1728,1807,1767,문집총간,97,300,93,209,61,97,210,1067,,19.68134958,9.090909091,5.716963449,8.716026242,28.11621368,19.58762887,9.090909091
信天齋文集,1732,1803,1767,역대문집DB,0,10,4,157,16,11,8,206,,3.883495146,0,7.766990291,1.941747573,4.854368932,76.21359223,5.339805825
靑莊館全書,1741,1793,1767,문집총간,0,559,28,729,1,927,67,2311,1900,2.899177845,0,0.043271311,1.211596711,24.18866292,31.54478581,40.11250541
濟庵集,1743,1791,1767,문집총간,1,116,3,166,33,13,2,334,,0.598802395,0.299401198,9.880239521,0.898203593,34.73053892,49.7005988,3.892215569
餘窩集,1727,1810,1768,문집총간,11,12,69,1227,21,40,75,1455,,5.154639175,0.756013746,1.443298969,4.742268041,0.824742268,84.32989691,2.749140893
晩翠亭遺稿,1735,1801,1768,문집총간,0,13,4,90,4,20,1,132,,0.757575758,0,3.03030303,3.03030303,9.848484848,68.18181818,15.15151515
東湖遺集,1728,1810,1769,역대문집DB,0,29,1,81,8,1,0,120,,0,0,6.666666667,0.833333333,24.16666667,67.5,0.833333333
臨汝齋集,1730,1808,1769,문집총간,1,123,23,140,63,12,42,404,1849,10.3960396,0.247524752,15.59405941,5.693069307,30.44554455,34.65346535,2.97029703
頤齋集,1733,1805,1769,문집총간,2,24,42,94,32,84,18,296,1836,6.081081081,0.675675676,10.81081081,14.18918919,8.108108108,31.75675676,28.37837838
儉巖山人詩集,1738,1801,1769,문집총간,0,0,2,288,0,0,0,290,1814,0,0,0,0.689655172,0,99.31034483,0
過齋遺稿,1739,1799,1769,문집총간,2,20,0,12,7,13,11,65,1928,16.92307692,3.076923077,10.76923077,0,30.76923077,18.46153846,20
雨皐集,1728,1812,1770,문집총간,0,97,19,100,37,3,23,279,,8.243727599,0,13.26164875,6.810035842,34.76702509,35.84229391,1.075268817
蘿山集,1731,1809,1770,문집총간,5,124,15,0,24,35,6,209,1859,2.870813397,2.392344498,11.48325359,7.177033493,59.33014354,0,16.74641148
靑城集,1732,1809,1770,문집총간,0,8,60,478,22,46,20,634,1840,3.154574132,0,3.470031546,9.463722397,1.261829653,75.39432177,7.255520505
遲菴先生文集,1736,1804,1770,역대문집DB,1,8,9,273,11,8,1,311,,0.321543408,0.321543408,3.536977492,2.893890675,2.572347267,87.78135048,2.572347267
少眉山房藏,1729,1813,1771,문집총간,1,0,8,199,33,28,3,272,1852,1.102941176,0.367647059,12.13235294,2.941176471,0,73.16176471,10.29411765
晦屛集,1731,1812,1771,문집총간,0,161,21,188,29,28,30,457,,6.564551422,0,6.345733042,4.595185996,35.2297593,41.13785558,6.126914661
自著,1732,1811,1771,문집총간,0,64,88,849,56,253,55,1365,,4.029304029,0,4.102564103,6.446886447,4.688644689,62.1978022,18.53479853
訥幸齋集,1732,1810,1771,역대문집DB,1,6,1,84,0,4,8,104,,7.692307692,0.961538462,0,0.961538462,5.769230769,80.76923077,3.846153846
安軒遺稿,1734,1809,1771,역대문집DB,1,2,5,13,47,8,1,77,,1.298701299,1.298701299,61.03896104,6.493506494,2.597402597,16.88311688,10.38961039
舊堂先生文集,1736,1807,1771,역대문집DB,1,66,9,127,36,6,16,261,,6.130268199,0.383141762,13.79310345,3.448275862,25.28735632,48.65900383,2.298850575
竹北文集,1736,1806,1771,역대문집DB,1,66,16,264,18,9,0,374,,0,0.267379679,4.812834225,4.278074866,17.64705882,70.58823529,2.406417112
燕巖集,1737,1805,1771,문집총간,11,103,41,32,11,81,30,309,1932,9.708737864,3.55987055,3.55987055,13.26860841,33.33333333,10.35598706,26.21359223
德峯集,1738,1805,1771,문집총간,12,50,6,92,24,8,9,201,1902,4.47761194,5.970149254,11.94029851,2.985074627,24.87562189,45.77114428,3.980099502
德峰文集,1738,1805,1771,역대문집DB,13,41,3,106,7,1,3,174,,1.724137931,7.471264368,4.022988506,1.724137931,23.56321839,60.91954023,0.574712644
錦帶詩文鈔,1742,1801,1771,문집총간,2,0,30,96,1,10,28,167,,16.76646707,1.19760479,0.598802395,17.96407186,0,57.48502994,5.988023952
仁嶽集,1746,1796,1771,역대문집DB,2,29,4,73,1,14,1,124,,0.806451613,1.612903226,0.806451613,3.225806452,23.38709677,58.87096774,11.29032258
靑城集,1732,1812,1772,역대문집DB,0,8,59,488,22,46,20,643,,3.110419907,0,3.421461897,9.175738725,1.244167963,75.89424572,7.153965785
宛丘遺集,1735,1809,1772,문집총간,0,7,13,0,25,21,9,75,1820,12,0,33.33333333,17.33333333,9.333333333,0,28
武山齋遺稿,1735,1810,1772,역대문집DB,0,24,5,63,11,8,1,112,,0.892857143,0,9.821428571,4.464285714,21.42857143,56.25,7.142857143
念睡軒文集,1738,1806,1772,역대문집DB,0,23,9,379,5,13,0,429,,0,0,1.165501166,2.097902098,5.361305361,88.34498834,3.03030303
?齋文集,1739,1806,1772,역대문집DB,0,3,8,62,8,1,0,82,,0,0,9.756097561,9.756097561,3.658536585,75.6097561,1.219512195
玩易堂遺稿,1731,1815,1773,역대문집DB,1,2,18,82,9,6,1,119,,0.840336134,0.840336134,7.56302521,15.12605042,1.680672269,68.90756303,5.042016807
濯溪集,1736,1811,1773,문집총간,0,85,7,59,24,31,13,219,1828,5.936073059,0,10.95890411,3.196347032,38.81278539,26.94063927,14.15525114
錦石集,1739,1807,1773,문집총간,8,99,7,405,11,22,8,560,1816,1.428571429,1.428571429,1.964285714,1.25,17.67857143,72.32142857,3.928571429
柯汀遺稿,1739,1808,1773,문집총간,63,0,12,229,11,25,27,367,1847,7.356948229,17.16621253,2.997275204,3.269754768,0,62.39782016,6.811989101
龜巖集,1745,1802,1773,문집총간,1,54,18,109,9,64,20,275,1820,7.272727273,0.363636364,3.272727273,6.545454545,19.63636364,39.63636364,23.27272727
磻溪集,1737,1811,1774,역대문집DB,0,0,1,603,0,0,0,604,,0,0,0,0.165562914,0,99.83443709,0
晚覺齋集,1738,1811,1774,문집총간,2,29,16,113,22,9,10,201,1926,4.975124378,0.995024876,10.94527363,7.960199005,14.4278607,56.21890547,4.47761194
俛庵集,1739,1810,1774,문집총간,0,244,9,101,16,20,17,407,1876,4.176904177,0,3.931203931,2.211302211,59.95085995,24.81572482,4.914004914
鶴林集,1740,1808,1774,문집총간,5,170,31,325,58,26,10,625,1844,1.6,0.8,9.28,4.96,27.2,52,4.16
耐齋公集,1740,1808,1774,역대문집DB,0,0,2,322,0,0,0,324,,0,0,0,0.617283951,0,99.38271605,0
拱白堂集,1748,1800,1774,문집총간,0,20,6,13,9,19,2,69,,2.898550725,0,13.04347826,8.695652174,28.98550725,18.84057971,27.53623188
槐潭遺稿,1759,1789,1774,문집총간,0,11,8,18,13,16,3,69,1811,4.347826087,0,18.84057971,11.5942029,15.94202899,26.08695652,23.1884058
壽齋遺稿,1762,1787,1774,문집총간,60,12,3,69,10,16,2,172,,1.162790698,34.88372093,5.813953488,1.744186047,6.976744186,40.11627907,9.302325581
松陰文集,1734,1817,1775,역대문집DB,0,10,17,135,30,12,0,204,,0,0,14.70588235,8.333333333,4.901960784,66.17647059,5.882352941
克難齋集,1737,1814,1775,역대문집DB,0,27,2,21,6,3,5,64,,7.8125,0,9.375,3.125,42.1875,32.8125,4.6875
杏亭文集,1737,1813,1775,역대문집DB,0,6,1,81,12,0,0,100,,0,0,12,1,6,81,0
蠹窩集,1739,1812,1775,문집총간,4,102,39,188,28,31,28,420,1908,6.666666667,0.952380952,6.666666667,9.285714286,24.28571429,44.76190476,7.380952381
芝厓集,1740,1811,1775,문집총간,0,38,5,163,49,16,16,287,1845,5.574912892,0,17.07317073,1.742160279,13.24041812,56.79442509,5.574912892
謙齋集,1741,1809,1775,역대문집DB,7,12,13,41,7,6,3,89,,3.370786517,7.865168539,7.865168539,14.60674157,13.48314607,46.06741573,6.741573034
尤園集,1743,1807,1775,문집총간,2,55,4,104,34,15,8,222,,3.603603604,0.900900901,15.31531532,1.801801802,24.77477477,46.84684685,6.756756757
太湖集,1744,1807,1775,문집총간,5,12,14,237,46,16,6,336,1840,1.785714286,1.488095238,13.69047619,4.166666667,3.571428571,70.53571429,4.761904762
書溪遺稿續集,1737,1815,1776,역대문집DB,3,5,7,48,1,14,9,87,,10.34482759,3.448275862,1.149425287,8.045977011,5.747126437,55.17241379,16.09195402
容淵先生逸稿,1740,1812,1776,역대문집DB,1,17,3,29,18,0,0,68,,0,1.470588235,26.47058824,4.411764706,25,42.64705882,0
損齋集,1744,1809,1776,문집총간,0,369,3,123,27,16,8,546,,1.465201465,0,4.945054945,0.549450549,67.58241758,22.52747253,2.93040293
弘齋全書,1752,1800,1776,문집총간,682,29,98,334,431,2501,27,4102,1814,0.658215505,16.62603608,10.50706972,2.389078498,0.706972209,8.142369576,60.97025841
立齋集,1738,1816,1777,문집총간,6,335,80,626,76,178,104,1405,1835,7.402135231,0.427046263,5.409252669,5.693950178,23.84341637,44.55516014,12.66903915
龜窩集,1739,1816,1777,문집총간,22,126,47,109,65,20,82,471,1846,17.40976645,4.670912951,13.80042463,9.978768577,26.75159236,23.14225053,4.246284501
龜窩先生文集續,1739,1816,1777,역대문집DB,21,128,46,108,47,13,71,434,,16.359447,4.838709677,10.82949309,10.59907834,29.49308756,24.88479263,2.995391705
小安齋遺稿,1739,1816,1777,역대문집DB,0,0,0,62,0,0,0,62,,0,0,0,0,0,100,0
苟完齋文集,1740,1814,1777,역대문집DB,0,20,8,65,27,3,5,128,,3.90625,0,21.09375,6.25,15.625,50.78125,2.34375
竹窩公集,1741,1813,1777,역대문집DB,0,0,1,161,0,0,0,162,,0,0,0,0.617283951,0,99.38271605,0
泠齋集,1748,1807,1777,문집총간,5,0,19,635,0,10,4,673,,0.59435364,0.742942051,0,2.823179792,0,94.35364042,1.485884101
貞㽔閣集,1750,1805,1777,문집총간,8,39,28,823,12,30,9,949,,0.948366702,0.842992624,1.264488936,2.950474183,4.109589041,86.72286617,3.161222339
延谷遺集,1735,1821,1778,역대문집DB,0,13,6,40,10,4,9,82,,10.97560976,0,12.19512195,7.317073171,15.85365854,48.7804878,4.87804878
默軒集,1736,1820,1778,문집총간,1,66,19,65,56,66,55,328,1938,16.76829268,0.304878049,17.07317073,5.792682927,20.12195122,19.81707317,20.12195122
典庵集,1741,1816,1778,문집총간,0,41,15,334,12,30,11,443,1927,2.483069977,0,2.708803612,3.386004515,9.255079007,75.39503386,6.772009029
龍岡先生文集,1749,1808,1778,역대문집DB,1,0,2,41,1,3,2,50,,4,2,2,4,0,82,6
不變堂遺稿,1749,1808,1778,역대문집DB,0,19,6,154,11,1,1,192,,0.520833333,0,5.729166667,3.125,9.895833333,80.20833333,0.520833333
忍窩文集,1736,1822,1779,역대문집DB,1,5,4,106,11,8,0,135,,0,0.740740741,8.148148148,2.962962963,3.703703704,78.51851852,5.925925926
晩寓齋文集,1739,1820,1779,역대문집DB,0,7,6,283,0,1,0,297,,0,0,0,2.02020202,2.356902357,95.28619529,0.336700337
稼隱集,1740,1818,1779,역대문집DB,5,11,12,136,12,13,4,193,,2.07253886,2.590673575,6.21761658,6.21761658,5.699481865,70.46632124,6.735751295
典庵文集,1741,1817,1779,역대문집DB,0,26,17,392,8,19,7,469,,1.492537313,0,1.70575693,3.624733475,5.543710021,83.58208955,4.051172708
遯窩遺稿,1744,1815,1779,역대문집DB,0,62,15,252,47,1,2,379,,0.527704485,0,12.40105541,3.957783641,16.35883905,66.49076517,0.263852243
乃翁遺稿,1745,1813,1779,역대문집DB,0,3,2,73,0,0,1,79,,1.265822785,0,0,2.53164557,3.797468354,92.40506329,0
宜庵集,1747,1811,1779,역대문집DB,0,77,38,263,5,25,0,408,,0,0,1.225490196,9.31372549,18.87254902,64.46078431,6.12745098
?窩集,1750,1808,1779,역대문집DB,0,0,10,50,0,41,2,103,,1.941747573,0,0,9.708737864,0,48.54368932,39.80582524
懼庵集,1739,1822,1780,문집총간,2,27,13,371,38,31,14,496,1860,2.822580645,0.403225806,7.661290323,2.620967742,5.443548387,74.7983871,6.25
菑墅集,1739,1821,1780,문집총간,0,3,6,158,19,12,51,249,,20.48192771,0,7.630522088,2.409638554,1.204819277,63.45381526,4.819277108
懼菴集,1739,1822,1780,역대문집DB,2,24,18,356,25,19,11,455,,2.417582418,0.43956044,5.494505495,3.956043956,5.274725275,78.24175824,4.175824176
椒園遺藁,1744,1816,1780,문집총간,0,0,0,292,0,57,0,349,,0,0,0,0,0,83.66762178,16.33237822
癡庵集,1748,1812,1780,문집총간,3,50,40,352,32,62,34,573,1860,5.933682373,0.523560209,5.584642234,6.980802792,8.72600349,61.43106457,10.82024433
東郭遺稿,1748,1812,1780,역대문집DB,3,4,1,78,3,0,1,90,,1.111111111,3.333333333,3.333333333,1.111111111,4.444444444,86.66666667,0
訥隱遺稿,1758,1802,1780,역대문집DB,0,8,1,47,0,0,0,56,,0,0,0,1.785714286,14.28571429,83.92857143,0
貞窩集,1744,1818,1781,문집총간,0,57,30,357,19,7,31,501,,6.18762475,0,3.79241517,5.988023952,11.37724551,71.25748503,1.397205589
思亭集,1750,1813,1781,역대문집DB,0,12,11,129,4,9,1,166,,0.602409639,0,2.409638554,6.626506024,7.228915663,77.71084337,5.421686747
四名子詩集,1753,1809,1781,문집총간,0,0,6,278,4,0,1,289,1914,0.346020761,0,1.384083045,2.076124567,0,96.19377163,0
東?集,1754,1809,1781,역대문집DB,3,30,29,327,38,33,24,484,,4.958677686,0.619834711,7.851239669,5.991735537,6.198347107,67.56198347,6.818181818
晩翠洞逸稿,1758,1804,1781,역대문집DB,0,30,0,20,3,0,0,53,,0,0,5.660377358,0,56.60377358,37.73584906,0
碩齋稿,1762,1801,1781,문집총간,49,60,60,163,67,133,73,605,,12.0661157,8.099173554,11.07438017,9.917355372,9.917355372,26.94214876,21.98347107
水村集,1743,1822,1782,역대문집DB,2,24,6,171,0,13,5,221,,2.262443439,0.904977376,0,2.714932127,10.85972851,77.37556561,5.882352941
梧溪遺集,1744,1821,1782,역대문집DB,0,7,2,72,2,1,0,84,,0,0,2.380952381,2.380952381,8.333333333,85.71428571,1.19047619
華泉集,1745,1820,1782,문집총간,13,113,28,208,65,28,50,505,1886,9.900990099,2.574257426,12.87128713,5.544554455,22.37623762,41.18811881,5.544554455
葛山集,1745,1819,1782,역대문집DB,4,1,3,88,7,2,0,105,,0,3.80952381,6.666666667,2.857142857,0.952380952,83.80952381,1.904761905
無名子集,1741,1826,1783,문집총간,124,78,25,2071,11,163,2,2474,,0.080840744,5.012126112,0.444624091,1.010509297,3.152789006,83.71059014,6.588520614
壺谷集,1744,1823,1783,문집총간,0,250,15,25,24,14,26,354,1900,7.344632768,0,6.779661017,4.237288136,70.62146893,7.062146893,3.95480226
養正齋遺稿,1744,1823,1783,역대문집DB,0,0,2,165,0,0,0,167,,0,0,0,1.19760479,0,98.80239521,0
足睡堂集,1755,1812,1783,문집총간,0,1,3,531,5,5,2,547,1824,0.365630713,0,0.914076782,0.548446069,0.182815356,97.0749543,0.914076782
竹麓遺稿,1745,1823,1784,역대문집DB,12,0,18,1147,22,2,6,1207,,0.497100249,0.994200497,1.822700911,1.491300746,0,95.02899751,0.165700083
晩軒遺稿,1747,1821,1784,역대문집DB,0,13,3,155,13,10,0,194,,0,0,6.701030928,1.546391753,6.701030928,79.89690722,5.154639175
明庵文集,1755,1813,1784,역대문집DB,2,23,6,147,36,34,7,255,,2.745098039,0.784313725,14.11764706,2.352941176,9.019607843,57.64705882,13.33333333
黃坡遺稿,1748,1822,1785,역대문집DB,0,10,1,108,6,11,0,136,,0,0,4.411764706,0.735294118,7.352941176,79.41176471,8.088235294
太湖集,1750,1820,1785,역대문집DB,4,12,23,231,39,15,6,330,,1.818181818,1.212121212,11.81818182,6.96969697,3.636363636,70,4.545454545
重菴稿,1769,1801,1785,문집총간,8,4,25,169,3,67,4,280,,1.428571429,2.857142857,1.071428571,8.928571429,1.428571429,60.35714286,23.92857143
懶拙齋先生文集,1740,1832,1786,역대문집DB,6,14,1,49,33,1,1,105,,0.952380952,5.714285714,31.42857143,0.952380952,13.33333333,46.66666667,0.952380952
(海石遺稿,1746,1827,1786,문집총간,23,19,13,328,52,13,35,483,,7.246376812,4.761904762,10.76604555,2.691511387,3.933747412,67.90890269,2.691511387
明皐全集,1749,1824,1786,문집총간,66,28,45,134,22,76,32,403,,7.94044665,16.37717122,5.459057072,11.1662531,6.947890819,33.25062035,18.85856079
屐園遺稿,1752,1820,1786,문집총간,208,5,54,765,87,88,56,1263,,4.433887569,16.46872526,6.888361045,4.275534442,0.395882819,60.57007126,6.967537609
訥菴集,1754,1819,1786,문집총간,4,154,20,117,19,13,64,391,1908,16.36828645,1.023017903,4.859335038,5.115089514,39.38618926,29.92327366,3.324808184
方谷遺稿,1766,1807,1786,역대문집DB,0,72,0,23,2,0,0,97,,0,0,2.06185567,0,74.22680412,23.71134021,0
華山集,1751,1824,1787,문집총간,6,33,9,196,23,31,8,306,1830,2.614379085,1.960784314,7.516339869,2.941176471,10.78431373,64.05228758,10.13071895
槐泉先生文集,1753,1821,1787,역대문집DB,1,30,14,153,30,10,4,242,,1.652892562,0.41322314,12.39669421,5.785123967,12.39669421,63.2231405,4.132231405
鵝湖逸藁,1756,1819,1787,역대문집DB,0,2,1,85,0,4,0,92,,0,0,0,1.086956522,2.173913043,92.39130435,4.347826087
竹石館遺集,1759,1816,1787,문집총간,92,9,20,298,15,82,17,533,,3.189493433,17.26078799,2.814258912,3.752345216,1.688555347,55.90994371,15.38461538
質菴集,1762,1813,1787,문집총간,24,14,4,47,14,14,4,121,1930,3.305785124,19.83471074,11.57024793,3.305785124,11.57024793,38.84297521,11.57024793
道村遺稿,1749,1828,1788,역대문집DB,0,0,8,167,1,5,2,183,,1.092896175,0,0.546448087,4.371584699,0,91.2568306,2.732240437
杏亭文集,1749,1827,1788,역대문집DB,0,1,1,224,2,1,0,229,,0,0,0.873362445,0.436681223,0.436681223,97.81659389,0.436681223
下廬集,1750,1827,1788,문집총간,1,92,50,77,30,65,71,386,1918,18.39378238,0.259067358,7.772020725,12.95336788,23.83419689,19.94818653,16.83937824
窮悟集,1754,1822,1788,문집총간,2,14,19,475,10,8,16,544,,2.941176471,0.367647059,1.838235294,3.492647059,2.573529412,87.31617647,1.470588235
近窩集,1755,1822,1788,문집총간,0,68,7,83,33,15,6,212,1960,2.830188679,0,15.56603774,3.301886792,32.0754717,39.1509434,7.075471698
思軒集,1744,1835,1789,문집총간,4,24,14,141,45,10,5,243,1860,2.057613169,1.646090535,18.51851852,5.761316872,9.87654321,58.02469136,4.115226337
悅菴集,1750,1828,1789,문집총간,0,106,15,209,26,25,4,385,1836,1.038961039,0,6.753246753,3.896103896,27.53246753,54.28571429,6.493506494
疎翁遺稿,1752,1827,1789,역대문집DB,14,10,3,189,16,6,17,255,,6.666666667,5.490196078,6.274509804,1.176470588,3.921568627,74.11764706,2.352941176
寓軒文集,1752,1826,1789,역대문집DB,0,13,8,3,40,9,4,77,,5.194805195,0,51.94805195,10.38961039,16.88311688,3.896103896,11.68831169
甘華文集,1753,1826,1789,역대문집DB,0,5,8,363,21,15,3,415,,0.722891566,0,5.060240964,1.927710843,1.204819277,87.46987952,3.614457831
惕齋集,1754,1825,1789,문집총간,91,25,9,384,24,81,15,629,1932,2.384737679,14.46740859,3.815580286,1.430842607,3.974562798,61.04928458,12.87758347
一广遺稿,1756,1822,1789,문집총간,0,0,8,258,4,16,2,288,1853,0.694444444,0,1.388888889,2.777777778,0,89.58333333,5.555555556
鵝湖遺藁,1756,1823,1789,역대문집DB,0,0,2,123,1,2,0,128,,0,0,0.78125,1.5625,0,96.09375,1.5625
一?遺稿,1756,1822,1789,역대문집DB,0,0,6,258,4,9,0,277,,0,0,1.444043321,2.166064982,0,93.14079422,3.249097473
山木軒集,1757,1821,1789,문집총간,68,0,27,190,60,83,26,454,1833,5.726872247,14.97797357,13.21585903,5.947136564,0,41.85022026,18.28193833
砧山文集,1757,1822,1789,역대문집DB,0,18,16,48,0,10,3,95,,3.157894737,0,0,16.84210526,18.94736842,50.52631579,10.52631579
容忍齋遺稿,1759,1819,1789,역대문집DB,1,1,10,0,12,26,0,50,,0,2,24,20,2,0,52
靜觀齋文集,1770,1809,1789,역대문집DB,0,0,4,66,1,2,0,73,,0,0,1.369863014,5.479452055,0,90.4109589,2.739726027
石淵文集,1751,1830,1790,역대문집DB,4,25,13,61,39,11,14,167,,8.383233533,2.395209581,23.35329341,7.784431138,14.97005988,36.52694611,6.586826347
木軒稿,1752,1829,1790,역대문집DB,0,27,5,272,27,4,10,345,,2.898550725,0,7.826086957,1.449275362,7.826086957,78.84057971,1.15942029
誠齋集,1760,1821,1790,문집총간,0,175,4,37,40,17,7,280,,2.5,0,14.28571429,1.428571429,62.5,13.21428571,6.071428571
冷泉遺稿,1766,1815,1790,문집총간,0,76,1,79,17,4,6,183,1895,3.278688525,0,9.289617486,0.546448087,41.53005464,43.16939891,2.18579235
士農窩文集,1767,1813,1790,역대문집DB,0,7,2,89,17,0,1,116,,0.862068966,0,14.65517241,1.724137931,6.034482759,76.72413793,0
敦巖集,1765,1817,1791,문집총간,138,38,8,75,20,7,11,297,,3.703703704,46.46464646,6.734006734,2.693602694,12.79461279,25.25252525,2.356902357
南皐先生文集,1753,1831,1792,역대문집DB,0,32,2,271,5,3,6,319,,1.880877743,0,1.567398119,0.626959248,10.03134796,84.95297806,0.940438871
一一齋先生文集,1754,1831,1792,역대문집DB,0,22,18,416,48,4,14,522,,2.681992337,0,9.195402299,3.448275862,4.214559387,79.69348659,0.766283525
弦窩集,1757,1827,1792,문집총간,3,52,23,179,38,14,3,312,1897,0.961538462,0.961538462,12.17948718,7.371794872,16.66666667,57.37179487,4.487179487
左蘇山人集,1762,1822,1792,문집총간,0,19,9,103,6,37,4,178,,2.247191011,0,3.370786517,5.056179775,10.6741573,57.86516854,20.78651685
泊翁詩鈔,1750,1836,1793,문집총간,0,0,8,719,0,0,0,727,1860,0,0,0,1.100412655,0,98.89958735,0
?憫齋文集,1752,1835,1793,역대문집DB,0,7,5,65,0,0,2,79,,2.53164557,0,0,6.329113924,8.860759494,82.27848101,0
籠潭集,1753,1833,1793,역대문집DB,0,27,13,101,15,14,6,176,,3.409090909,0,8.522727273,7.386363636,15.34090909,57.38636364,7.954545455
後溪集,1754,1832,1793,문집총간,3,79,26,279,54,25,19,485,,3.917525773,0.618556701,11.13402062,5.360824742,16.28865979,57.5257732,5.154639175
廣瀨集,1755,1831,1793,문집총간,0,153,23,204,40,34,33,487,,6.776180698,0,8.213552361,4.722792608,31.41683778,41.88911704,6.981519507
濂湖文集,1758,1829,1793,역대문집DB,6,35,3,41,6,9,0,100,,0,6,6,3,35,41,9
而已广集,1759,1828,1793,문집총간,0,13,24,775,12,25,0,849,,0,0,1.413427562,2.826855124,1.531213192,91.28386337,2.944640754
屛湖世稿,1759,1828,1793,역대문집DB,0,34,9,163,17,1,0,224,,0,0,7.589285714,4.017857143,15.17857143,72.76785714,0.446428571
陶溪遺稿,1760,1826,1793,문집총간,0,18,10,155,21,6,7,217,,3.225806452,0,9.677419355,4.608294931,8.294930876,71.42857143,2.764976959
農山集,1762,1824,1793,역대문집DB,0,46,8,173,9,26,2,264,,0.757575758,0,3.409090909,3.03030303,17.42424242,65.53030303,9.848484848
藫庭遺藁,1766,1821,1793,문집총간,0,4,122,179,7,61,10,383,1882,2.610966057,0,1.82767624,31.8537859,1.044386423,46.73629243,15.92689295
雲窩遺稿,1753,1836,1794,역대문집DB,1,0,0,119,0,0,1,121,,0.826446281,0.826446281,0,0,0,98.34710744,0
石泉遺稿,1760,1828,1794,문집총간,2,1,11,10,16,14,24,78,1938,30.76923077,2.564102564,20.51282051,14.1025641,1.282051282,12.82051282,17.94871795
?庵文集,1766,1822,1794,역대문집DB,0,36,5,231,0,18,2,292,,0.684931507,0,0,1.712328767,12.32876712,79.10958904,6.164383562
松月漫錄,1767,1822,1794,문집총간,0,0,0,1064,0,0,0,1064,,0,0,0,0,0,100,0
俗隱齋文集,1756,1835,1795,역대문집DB,5,34,14,250,3,8,4,318,,1.257861635,1.572327044,0.943396226,4.402515723,10.6918239,78.6163522,2.51572327
新野集,1758,1833,1795,문집총간,0,73,25,278,42,29,42,489,,8.588957055,0,8.588957055,5.112474438,14.92842536,56.85071575,5.930470348
溪堂集,1759,1831,1795,역대문집DB,0,1,19,587,9,11,3,630,,0.476190476,0,1.428571429,3.015873016,0.158730159,93.17460317,1.746031746
葛川集,1760,1830,1795,문집총간,9,34,14,128,34,23,20,262,1903,7.633587786,3.435114504,12.97709924,5.34351145,12.97709924,48.85496183,8.778625954
魯菴先生文集,1760,1831,1795,역대문집DB,0,127,23,98,15,4,23,290,,7.931034483,0,5.172413793,7.931034483,43.79310345,33.79310345,1.379310345
寒溪集,1770,1821,1795,역대문집DB,0,1,1,82,3,0,0,87,,0,0,3.448275862,1.149425287,1.149425287,94.25287356,0
竹塢先生遺稿,1763,1830,1796,역대문집DB,2,3,27,10,1,7,12,62,,19.35483871,3.225806452,1.612903226,43.5483871,4.838709677,16.12903226,11.29032258
素隱集,1766,1826,1796,역대문집DB,0,37,16,178,16,5,13,265,,4.905660377,0,6.037735849,6.037735849,13.96226415,67.16981132,1.886792453
基谷雜記,1766,1827,1796,역대문집DB,0,3,9,64,15,12,24,127,,18.8976378,0,11.81102362,7.086614173,2.362204724,50.39370079,9.448818898
蒼廬集,1759,1836,1797,역대문집DB,0,13,12,180,16,12,11,244,,4.508196721,0,6.557377049,4.918032787,5.327868852,73.7704918,4.918032787
三洲文集二,1762,1832,1797,역대문집DB,0,86,18,253,25,32,20,434,,4.608294931,0,5.760368664,4.147465438,19.8156682,58.29493088,7.373271889
引逸亭遺稿,1765,1830,1797,역대문집DB,0,23,5,22,8,3,20,81,,24.69135802,0,9.87654321,6.172839506,28.39506173,27.16049383,3.703703704
獨山先生文集,1765,1830,1797,역대문집DB,4,39,9,169,22,6,0,249,,0,1.606425703,8.835341365,3.614457831,15.6626506,67.87148594,2.409638554
剛齋集,1759,1838,1798,문집총간,78,145,74,47,43,22,109,518,1865,21.04247104,15.05791506,8.301158301,14.28571429,27.99227799,9.073359073,4.247104247
晩悔軒遺稿,1759,1838,1798,역대문집DB,0,4,1,45,4,5,0,59,,0,0,6.779661017,1.694915254,6.779661017,76.27118644,8.474576271
琴窩遺集,1759,1838,1798,역대문집DB,0,31,9,43,11,1,1,96,,1.041666667,0,11.45833333,9.375,32.29166667,44.79166667,1.041666667
江皐集,1762,1834,1798,문집총간,6,262,43,151,93,25,76,656,1852,11.58536585,0.914634146,14.17682927,6.554878049,39.93902439,23.01829268,3.81097561
老洲集,1763,1833,1798,문집총간,30,548,25,0,32,32,64,731,1892,8.755129959,4.103967168,4.377564979,3.41997264,74.96580027,0,4.377564979
楓皐集,1765,1832,1798,문집총간,70,37,29,794,25,42,45,1042,1854,4.318618042,6.717850288,2.399232246,2.783109405,3.550863724,76.19961612,4.030710173
岱淵遺藁,1767,1830,1798,문집총간,0,0,6,112,7,5,7,137,,5.109489051,0,5.109489051,4.379562044,0,81.75182482,3.649635036
硏經齋全集,1760,1839,1799,문집총간,10,27,299,1002,59,2132,219,3748,,5.843116329,0.266808965,1.574172892,7.977588047,0.720384205,26.73425827,56.88367129
道湖集,1761,1838,1799,역대문집DB,0,13,9,45,3,4,0,74,,0,0,4.054054054,12.16216216,17.56756757,60.81081081,5.405405405
與猶堂全書,1762,1836,1799,문집총간,62,220,186,1226,15,6346,45,8100,,0.555555556,0.765432099,0.185185185,2.296296296,2.716049383,15.13580247,78.34567901
石窩集,1762,1836,1799,역대문집DB,0,20,3,168,14,4,2,211,,0.947867299,0,6.63507109,1.421800948,9.478672986,79.62085308,1.895734597
謹庵集,1766,1833,1799,역대문집DB,0,32,0,162,8,5,7,214,,3.271028037,0,3.738317757,0,14.95327103,75.70093458,2.336448598
深齋稿,1776,1822,1799,역대문집DB,0,13,4,23,7,0,4,51,,7.843137255,0,13.7254902,7.843137255,25.49019608,45.09803922,0
金陵集,1760,1840,1800,문집총간,215,44,235,434,48,103,91,1170,1815,7.777777778,18.37606838,4.102564103,20.08547009,3.760683761,37.09401709,8.803418803
歸恩堂集,1760,1840,1800,역대문집DB,48,9,57,145,6,12,41,318,,12.89308176,15.09433962,1.886792453,17.9245283,2.830188679,45.59748428,3.773584906
東泉文集,1761,1839,1800,역대문집DB,0,43,2,187,52,5,0,289,,0,0,17.99307958,0.692041522,14.87889273,64.70588235,1.730103806
錦西軒先生文集,1761,1839,1800,역대문집DB,5,15,7,129,28,0,1,185,,0.540540541,2.702702703,15.13513514,3.783783784,8.108108108,69.72972973,0
鶴棲集,1763,1837,1800,문집총간,20,54,34,189,92,66,66,521,,12.66794626,3.838771593,17.65834933,6.525911708,10.3646833,36.27639155,12.66794626
訥窩集,1765,1836,1800,문집총간,1,75,5,352,26,5,8,472,1934,1.694915254,0.211864407,5.508474576,1.059322034,15.88983051,74.57627119,1.059322034
恬窩遺稿,1765,1835,1800,역대문집DB,0,10,1,225,6,1,0,243,,0,0,2.469135802,0.411522634,4.115226337,92.59259259,0.411522634
三溟詩集,1768,1833,1800,문집총간,0,0,1,1262,0,0,0,1263,,0,0,0,0.079176564,0,99.92082344,0
好古窩先生文集,1773,1827,1800,역대문집DB,0,113,13,336,16,12,5,495,,1.01010101,0,3.232323232,2.626262626,22.82828283,67.87878788,2.424242424
大埜集,1768,1834,1801,문집총간,0,129,10,70,33,27,8,277,,2.888086643,0,11.9133574,3.610108303,46.57039711,25.27075812,9.747292419
修溪集,1768,1834,1801,문집총간,6,86,15,205,36,42,12,402,1865,2.985074627,1.492537313,8.955223881,3.731343284,21.39303483,50.99502488,10.44776119
槐軒集,1765,1840,1802,역대문집DB,0,24,9,247,9,10,1,300,,0.333333333,0,3,3,8,82.33333333,3.333333333
斗室存稿,1766,1838,1802,문집총간,0,92,0,494,0,1,0,587,,0,0,0,0,15.67291312,84.15672913,0.170357751
滄溟遺稿,1767,1837,1802,역대문집DB,0,7,24,354,15,16,8,424,,1.886792453,0,3.537735849,5.660377358,1.650943396,83.49056604,3.773584906
東谷遺稿,1768,1836,1802,역대문집DB,0,2,10,95,1,1,6,115,,5.217391304,0,0.869565217,8.695652174,1.739130435,82.60869565,0.869565217
洛下生集,1770,1835,1802,문집총간,1,79,30,1011,4,191,6,1322,,0.453857791,0.075642965,0.302571861,2.269288956,5.975794251,76.47503782,14.44780635
靜一堂遺稿,1772,1832,1802,문집총간,0,12,7,52,5,11,8,95,1836,8.421052632,0,5.263157895,7.368421053,12.63157895,54.73684211,11.57894737
好古窩集,1773,1832,1802,문집총간,1,132,13,329,25,79,9,588,1896,1.530612245,0.170068027,4.25170068,2.210884354,22.44897959,55.95238095,13.43537415
秋齋集,1762,1844,1803,역대문집DB,2,7,13,1726,0,38,6,1792,,0.334821429,0.111607143,0,0.725446429,0.390625,96.31696429,2.120535714
逸圃集,1764,1842,1803,문집총간,5,10,24,251,55,51,21,417,,5.035971223,1.199040767,13.18944844,5.755395683,2.398081535,60.19184652,12.23021583
所庵先生文集,1764,1843,1803,역대문집DB,1,32,6,111,17,7,5,179,,2.793296089,0.558659218,9.497206704,3.351955307,17.87709497,62.01117318,3.910614525
守窩集,1765,1842,1803,문집총간,2,29,17,88,22,42,9,209,1906,4.306220096,0.956937799,10.52631579,8.133971292,13.87559809,42.10526316,20.09569378
白下集,1766,1840,1803,문집총간,6,42,15,231,48,7,24,373,1909,6.434316354,1.608579088,12.86863271,4.021447721,11.26005362,61.93029491,1.876675603
聽溪軒文集,1766,1840,1803,역대문집DB,2,6,1,73,9,4,0,95,,0,2.105263158,9.473684211,1.052631579,6.315789474,76.84210526,4.210526316
白下先生文集,1766,1840,1803,역대문집DB,4,42,19,269,36,7,21,398,,5.27638191,1.005025126,9.045226131,4.773869347,10.55276382,67.5879397,1.75879397
仙谷遺稿,1766,1841,1803,역대문집DB,0,207,10,236,0,0,8,461,,1.735357918,0,0,2.169197397,44.90238612,51.19305857,0
松西集,1773,1834,1803,문집총간,4,59,8,205,31,15,8,330,1926,2.424242424,1.212121212,9.393939394,2.424242424,17.87878788,62.12121212,4.545454545
楓石全集,1764,1845,1804,문집총간,23,24,36,0,10,32,36,161,,22.36024845,14.28571429,6.211180124,22.36024845,14.9068323,0,19.8757764
老圃文集,1764,1845,1804,역대문집DB,12,19,11,193,13,6,6,260,,2.307692308,4.615384615,5,4.230769231,7.307692308,74.23076923,2.307692308
蘭菊齋集,1772,1837,1804,문집총간,0,16,7,80,28,8,8,147,1851,5.442176871,0,19.04761905,4.761904762,10.88435374,54.42176871,5.442176871
秋齋集,1762,1849,1805,문집총간,2,10,16,1631,4,46,7,1716,1939,0.407925408,0.116550117,0.233100233,0.932400932,0.582750583,95.04662005,2.680652681
寒松齋先生文集,1766,1845,1805,역대문집DB,0,33,6,57,23,9,3,131,,2.290076336,0,17.55725191,4.580152672,25.19083969,43.51145038,6.870229008
省齋文集,1768,1843,1805,역대문집DB,0,3,7,71,17,9,12,119,,10.08403361,0,14.28571429,5.882352941,2.521008403,59.66386555,7.56302521
耳宰窩集,1770,1841,1805,역대문집DB,2,6,25,496,0,19,6,554,,1.083032491,0.36101083,0,4.512635379,1.083032491,89.53068592,3.429602888
文山集,1772,1839,1805,문집총간,0,27,12,552,16,11,0,618,1870,0,0,2.588996764,1.941747573,4.368932039,89.32038835,1.779935275
草湖遺集,1776,1835,1805,역대문집DB,0,20,8,106,4,1,0,139,,0,0,2.877697842,5.755395683,14.38848921,76.25899281,0.71942446
海隱遺稿,1764,1848,1806,문집총간,1,123,80,135,28,89,88,544,1895,16.17647059,0.183823529,5.147058824,14.70588235,22.61029412,24.81617647,16.36029412
法門旨訣,1764,1848,1806,역대문집DB,7,176,250,233,23,71,80,840,,9.523809524,0.833333333,2.738095238,29.76190476,20.95238095,27.73809524,8.452380952
華棲集,1767,1845,1806,역대문집DB,45,0,5,319,24,1,5,399,,1.253132832,11.27819549,6.015037594,1.253132832,0,79.94987469,0.250626566
霞溪文集,1768,1844,1806,역대문집DB,14,27,31,828,49,25,43,1017,,4.228121927,1.376597837,4.818092429,3.048180924,2.654867257,81.4159292,2.458210423
唐山集,1772,1840,1806,역대문집DB,9,5,1,78,1,1,0,95,,0,9.473684211,1.052631579,1.052631579,5.263157895,82.10526316,1.052631579
顧齋集,1779,1833,1806,역대문집DB,0,19,13,233,22,9,17,313,,5.431309904,0,7.028753994,4.153354633,6.07028754,74.44089457,2.875399361
靜修齋遺稿,1783,1830,1806,문집총간,2,4,12,133,9,28,1,189,1878,0.529100529,1.058201058,4.761904762,6.349206349,2.116402116,70.37037037,14.81481481
東士逸稿,1795,1818,1806,역대문집DB,1,0,2,138,0,0,0,141,,0,0.709219858,0,1.418439716,0,97.87234043,0
警修堂全藁,1769,1845,1807,문집총간,0,0,23,2041,1,0,0,2065,,0,0,0.04842615,1.113801453,0,98.8377724,0
所菴集,1774,1840,1807,문집총간,0,298,24,120,49,58,32,581,1904,5.507745267,0,8.43373494,4.13080895,51.2908778,20.65404475,9.982788296
晩觀齋文集,1774,1841,1807,역대문집DB,1,35,6,121,8,34,2,207,,0.966183575,0.483091787,3.8647343,2.898550725,16.90821256,58.45410628,16.42512077
老圃集,1776,1839,1807,역대문집DB,20,84,77,500,36,32,26,775,,3.35483871,2.580645161,4.64516129,9.935483871,10.83870968,64.51612903,4.129032258
望賢齋先生文集,1778,1837,1807,역대문집DB,4,12,4,185,13,6,0,224,,0,1.785714286,5.803571429,1.785714286,5.357142857,82.58928571,2.678571429
淵泉集,1774,1842,1808,문집총간,144,28,104,548,67,102,111,1104,,10.05434783,13.04347826,6.06884058,9.420289855,2.536231884,49.63768116,9.239130435
初庵全集,1774,1842,1808,문집총간,2,46,14,177,43,14,68,364,1901,18.68131868,0.549450549,11.81318681,3.846153846,12.63736264,48.62637363,3.846153846
臺山集,1776,1840,1808,문집총간,10,48,45,340,20,33,46,542,1879,8.487084871,1.84501845,3.6900369,8.302583026,8.856088561,62.73062731,6.088560886
晩聞遺稿,1783,1834,1808,역대문집DB,0,5,1,139,7,2,0,154,,0,0,4.545454545,0.649350649,3.246753247,90.25974026,1.298701299
雲谷集,1768,1850,1809,문집총간,36,73,19,227,75,66,34,530,1899,6.41509434,6.79245283,14.1509434,3.58490566,13.77358491,42.83018868,12.45283019
松塢遺稿,1782,1837,1809,역대문집DB,0,13,3,136,11,12,0,175,,0,0,6.285714286,1.714285714,7.428571429,77.71428571,6.857142857
守軒先生文集,1785,1833,1809,역대문집DB,1,23,7,48,26,11,4,120,,3.333333333,0.833333333,21.66666667,5.833333333,19.16666667,40,9.166666667
存齋集,1771,1849,1810,문집총간,1,0,34,2606,23,47,10,2721,,0.367511944,0.036751194,0.845277472,1.24954061,0,95.77361264,1.727306137
畏窩集,1779,1841,1810,문집총간,2,23,6,51,3,22,3,110,1900,2.727272727,1.818181818,2.727272727,5.454545455,20.90909091,46.36363636,20
重山齋集,1779,1842,1810,문집총간,8,19,10,116,28,20,17,218,1859,7.798165138,3.669724771,12.8440367,4.587155963,8.71559633,53.21100917,9.174311927
鶴陽先生文集,1780,1841,1810,역대문집DB,1,31,24,153,17,22,7,255,,2.745098039,0.392156863,6.666666667,9.411764706,12.15686275,60,8.62745098
東川稿,1781,1840,1810,역대문집DB,0,5,1,79,4,1,0,90,,0,0,4.444444444,1.111111111,5.555555556,87.77777778,1.111111111
壽靜齋集,1782,1839,1810,문집총간,0,149,5,185,52,16,8,415,1900,1.927710843,0,12.53012048,1.204819277,35.90361446,44.57831325,3.855421687
元溪遺稿,1785,1835,1810,역대문집DB,0,4,0,78,1,9,1,93,,1.075268817,0,1.075268817,0,4.301075269,83.87096774,9.677419355
制庵集,1774,1848,1811,문집총간,1,47,16,239,28,21,19,371,1873,5.121293801,0.269541779,7.547169811,4.312668464,12.66846361,64.42048518,5.660377358
容窩集,1776,1846,1811,역대문집DB,0,3,28,252,0,5,3,291,,1.030927835,0,0,9.621993127,1.030927835,86.59793814,1.718213058
琴谷遺集,1779,1843,1811,역대문집DB,2,0,2,76,2,2,0,84,,0,2.380952381,2.380952381,2.380952381,0,90.47619048,2.380952381
自醒遺藁,1789,1834,1811,역대문집DB,0,0,0,58,3,0,0,61,,0,0,4.918032787,0,0,95.08196721,0
冠巖全書,1774,1851,1812,문집총간,73,55,150,239,64,167,18,766,,2.349869452,9.53002611,8.355091384,19.58224543,7.180156658,31.20104439,21.80156658
?山文集,1776,1849,1812,역대문집DB,0,51,8,198,12,6,6,281,,2.135231317,0,4.270462633,2.846975089,18.14946619,70.46263345,2.135231317
弦窩遺集,1779,1845,1812,역대문집DB,0,10,6,94,4,7,1,122,,0.819672131,0,3.278688525,4.918032787,8.196721311,77.04918033,5.737704918
東淵集,1781,1843,1812,역대문집DB,0,75,4,186,40,0,0,305,,0,0,13.1147541,1.31147541,24.59016393,60.98360656,0
遯庵集,1782,1843,1812,역대문집DB,0,6,2,43,2,2,0,55,,0,0,3.636363636,3.636363636,10.90909091,78.18181818,3.636363636
純齋稿,1790,1834,1812,문집총간,837,0,8,166,43,62,1,1117,1836,0.089525515,74.93285586,3.849597135,0.716204118,0,14.86123545,5.550581916
槐菴文集,1793,1831,1812,역대문집DB,3,5,1,105,3,1,0,118,,0,2.542372881,2.542372881,0.847457627,4.237288136,88.98305085,0.847457627
菱湖集,1778,1849,1813,역대문집DB,0,9,12,29,10,0,1,61,,1.639344262,0,16.39344262,19.67213115,14.75409836,47.54098361,0
屛巖文集,1779,1848,1813,역대문집DB,0,17,1,79,0,15,0,112,,0,0,0,0.892857143,15.17857143,70.53571429,13.39285714
南皐文集,1780,1847,1813,역대문집DB,1,25,2,353,17,5,2,405,,0.49382716,0.24691358,4.197530864,0.49382716,6.172839506,87.16049383,1.234567901
棄菴集,1784,1843,1813,역대문집DB,0,5,8,127,13,4,1,158,,0.632911392,0,8.227848101,5.063291139,3.164556962,80.37974684,2.53164557
梅山集,1776,1852,1814,문집총간,32,1007,46,517,43,52,201,1898,1866,10.59009484,1.685985248,2.265542677,2.423603793,53.05584826,27.23919916,2.739726027
无憫齋文集,1770,1860,1815,역대문집DB,0,38,5,186,24,2,4,259,,1.544401544,0,9.266409266,1.930501931,14.67181467,71.81467181,0.772200772
感慕齋集,1772,1859,1815,역대문집DB,4,0,13,24,8,8,7,64,,10.9375,6.25,12.5,20.3125,0,37.5,12.5
夢觀詩稿,1778,1853,1815,문집총간,0,0,3,286,0,0,0,289,1891,0,0,0,1.038062284,0,98.96193772,0
五峰遺稿,1776,1857,1816,역대문집DB,5,91,15,155,10,8,8,292,,2.739726027,1.712328767,3.424657534,5.136986301,31.16438356,53.08219178,2.739726027
南窩稿,1779,1853,1816,역대문집DB,0,7,0,28,8,3,6,52,,11.53846154,0,15.38461538,0,13.46153846,53.84615385,5.769230769
箭湖集,1781,1852,1816,역대문집DB,0,3,4,82,7,3,0,99,,0,0,7.070707071,4.04040404,3.03030303,82.82828283,3.03030303
雲石遺稿,1782,1850,1816,문집총간,132,0,45,424,29,15,54,699,1868,7.725321888,18.88412017,4.148783977,6.43776824,0,60.65808298,2.145922747
恒軒遺稿,1784,1849,1816,역대문집DB,0,56,16,281,7,22,2,384,,0.520833333,0,1.822916667,4.166666667,14.58333333,73.17708333,5.729166667
定庵先生文集,1785,1847,1816,역대문집DB,1,0,14,0,40,10,6,71,,8.450704225,1.408450704,56.33802817,19.71830986,0,0,14.08450704
溪西文集,1782,1852,1817,역대문집DB,0,12,1,55,6,0,2,76,,2.631578947,0,7.894736842,1.315789474,15.78947368,72.36842105,0
梅村文集,1783,1851,1817,역대문집DB,2,20,6,176,15,5,7,231,,3.03030303,0.865800866,6.493506494,2.597402597,8.658008658,76.19047619,2.164502165
鳳村集,1786,1849,1817,문집총간,0,94,19,138,21,145,4,421,1893,0.950118765,0,4.988123515,4.513064133,22.32779097,32.77909739,34.44180523
梧淵集,1775,1861,1818,역대문집DB,0,58,15,114,0,8,4,199,,2.010050251,0,0,7.537688442,29.14572864,57.28643216,4.020100503
雲鶴集,1782,1855,1818,역대문집DB,0,5,1,273,2,7,1,289,,0.346020761,0,0.692041522,0.346020761,1.730103806,94.46366782,2.422145329
東里集,1783,1853,1818,문집총간,1,44,15,165,39,2,6,272,1884,2.205882353,0.367647059,14.33823529,5.514705882,16.17647059,60.66176471,0.735294118
果齋集,1784,1852,1818,문집총간,22,36,10,221,16,15,27,347,1883,7.780979827,6.340057637,4.610951009,2.88184438,10.37463977,63.68876081,4.322766571
四愚齋集,1784,1853,1818,역대문집DB,3,1,7,156,5,8,0,180,,0,1.666666667,2.777777778,3.888888889,0.555555556,86.66666667,4.444444444
定齋集,1777,1861,1819,문집총간,14,912,104,42,108,80,251,1511,1883,16.61151555,0.926538716,7.147584381,6.882859034,60.35737922,2.779616148,5.294506949
愼窩集,1781,1858,1819,문집총간,3,77,28,32,44,35,11,230,1903,4.782608696,1.304347826,19.13043478,12.17391304,33.47826087,13.91304348,15.2173913
竹崖集,1783,1856,1819,역대문집DB,0,1,12,219,0,10,0,242,,0,0,0,4.958677686,0.41322314,90.49586777,4.132231405
向陽亭遺稿,1786,1852,1819,역대문집DB,0,12,3,51,5,0,1,72,,1.388888889,0,6.944444444,4.166666667,16.66666667,70.83333333,0
病窩遺稿,1788,1850,1819,역대문집DB,0,5,5,66,3,37,0,116,,0,0,2.586206897,4.310344828,4.310344828,56.89655172,31.89655172
慕亭先生文集,1790,1849,1819,역대문집DB,1,102,18,201,23,11,11,367,,2.997275204,0.272479564,6.267029973,4.904632153,27.79291553,54.76839237,2.997275204
德隱遺稿,1797,1841,1819,문집총간,0,5,3,42,10,2,5,67,1895,7.462686567,0,14.92537313,4.47761194,7.462686567,62.68656716,2.985074627
敬軒集,1809,1830,1819,문집총간,283,0,6,428,5,21,0,743,1836,0,38.08882907,0.67294751,0.807537012,0,57.60430686,2.826379542
松窩遺稿,1777,1863,1820,역대문집DB,0,0,1,264,12,3,0,280,,0,0,4.285714286,0.357142857,0,94.28571429,1.071428571
柳下遺稿,1778,1862,1820,역대문집DB,29,194,18,415,82,34,35,807,,4.337050805,3.593556382,10.16109046,2.230483271,24.03965304,51.42503098,4.213135068
屯塢集,1781,1859,1820,문집총간,0,85,17,58,11,34,50,255,1872,19.60784314,0,4.31372549,6.666666667,33.33333333,22.74509804,13.33333333
守拙齋集,1787,1854,1820,역대문집DB,1,42,0,4,3,1,0,51,,0,1.960784314,5.882352941,0,82.35294118,7.843137255,1.960784314
?坡文集,1789,1851,1820,역대문집DB,0,11,4,125,6,7,0,153,,0,0,3.921568627,2.614379085,7.189542484,81.69934641,4.575163399
遯齋遺稿,1789,1851,1820,역대문집DB,0,3,19,143,9,33,19,226,,8.407079646,0,3.982300885,8.407079646,1.327433628,63.27433628,14.60176991
成齋集,1791,1849,1820,문집총간,105,58,15,759,22,43,2,1004,,0.199203187,10.45816733,2.19123506,1.494023904,5.77689243,75.59760956,4.282868526
敬菴集,1778,1864,1821,문집총간,0,91,13,330,14,28,37,513,1885,7.212475634,0,2.729044834,2.53411306,17.73879142,64.32748538,5.458089669
香塢文集,1780,1863,1821,역대문집DB,0,18,2,163,6,0,0,189,,0,0,3.174603175,1.058201058,9.523809524,86.24338624,0
阮堂全集,1786,1856,1821,문집총간,12,241,52,373,4,79,2,763,1934,0.262123198,1.572739187,0.524246396,6.815203145,31.58584535,48.88597641,10.35386632
勉庵集,1797,1846,1821,역대문집DB,0,20,12,112,9,15,2,170,,1.176470588,0,5.294117647,7.058823529,11.76470588,65.88235294,8.823529412
餘力齋集,1777,1867,1822,역대문집DB,4,140,30,174,4,33,45,430,,10.46511628,0.930232558,0.930232558,6.976744186,32.55813953,40.46511628,7.674418605
活水翁遺稿,1779,1865,1822,문집총간,2,9,4,81,3,20,12,131,1882,9.160305344,1.526717557,2.290076336,3.053435115,6.870229008,61.83206107,15.26717557
寶山集,1782,1862,1822,역대문집DB,3,9,6,196,3,6,1,224,,0.446428571,1.339285714,1.339285714,2.678571429,4.017857143,87.5,2.678571429
素窩文集,1786,1859,1822,역대문집DB,0,44,7,304,16,6,5,382,,1.308900524,0,4.188481675,1.832460733,11.51832461,79.58115183,1.570680628
江海集,1789,1856,1822,역대문집DB,2,37,5,72,20,5,0,141,,0,1.418439716,14.18439716,3.546099291,26.24113475,51.06382979,3.546099291
晩悔軒文集,1790,1854,1822,역대문집DB,13,13,21,261,22,23,10,363,,2.754820937,3.581267218,6.060606061,5.785123967,3.581267218,71.90082645,6.336088154
梧墅集,1791,1854,1822,문집총간,148,3,19,641,72,96,31,1010,,3.069306931,14.65346535,7.128712871,1.881188119,0.297029703,63.46534653,9.504950495
晩義集,1788,1859,1823,역대문집DB,2,17,40,739,3,56,2,859,,0.232828871,0.232828871,0.349243306,4.656577416,1.979045402,86.03026775,6.519208382
月浦集,1792,1855,1823,역대문집DB,0,49,9,114,12,6,8,198,,4.04040404,0,6.060606061,4.545454545,24.74747475,57.57575758,3.03030303
小隱文集,1793,1854,1823,역대문집DB,0,23,18,69,19,6,5,140,,3.571428571,0,13.57142857,12.85714286,16.42857143,49.28571429,4.285714286
茶泉集,1805,1841,1823,역대문집DB,0,9,2,308,4,9,3,335,,0.895522388,0,1.194029851,0.597014925,2.686567164,91.94029851,2.686567164
書巢集,1783,1866,1824,문집총간,5,10,7,99,24,14,14,173,1900,8.092485549,2.89017341,13.87283237,4.046242775,5.780346821,57.22543353,8.092485549
古溪集,1788,1861,1824,문집총간,5,29,37,119,32,7,32,261,1897,12.2605364,1.915708812,12.2605364,14.17624521,11.11111111,45.59386973,2.681992337
晩羲集,1788,1860,1824,문집총간,5,19,44,617,5,83,8,781,1895,1.024327785,0.640204866,0.640204866,5.633802817,2.432778489,79.00128041,10.62740077
古溪文集,1788,1861,1824,역대문집DB,5,25,73,126,13,6,30,278,,10.79136691,1.798561151,4.676258993,26.25899281,8.992805755,45.32374101,2.158273381
農窩遺集,1788,1860,1824,역대문집DB,0,0,1,109,7,7,0,124,,0,0,5.64516129,0.806451613,0,87.90322581,5.64516129
羅窩遺集,1790,1859,1824,역대문집DB,0,7,11,84,6,10,0,118,,0,0,5.084745763,9.322033898,5.93220339,71.18644068,8.474576271
篁巖文集,1786,1865,1825,역대문집DB,2,25,14,198,25,17,7,288,,2.430555556,0.694444444,8.680555556,4.861111111,8.680555556,68.75,5.902777778
四可軒遺集,1787,1863,1825,역대문집DB,0,9,0,36,19,0,0,64,,0,0,29.6875,0,14.0625,56.25,0
晩寤遺稿,1789,1862,1825,역대문집DB,0,3,5,184,3,1,2,198,,1.01010101,0,1.515151515,2.525252525,1.515151515,92.92929293,0.505050505
竹塢先生文集,1792,1858,1825,역대문집DB,0,24,4,130,11,8,7,184,,3.804347826,0,5.97826087,2.173913043,13.04347826,70.65217391,4.347826087
直菴先生文集,1792,1858,1825,역대문집DB,1,68,14,78,25,11,23,220,,10.45454545,0.454545455,11.36363636,6.363636364,30.90909091,35.45454545,5
錦洲文集,1793,1858,1825,역대문집DB,0,28,6,130,21,22,0,207,,0,0,10.14492754,2.898550725,13.52657005,62.80193237,10.62801932
南棲集,1798,1852,1825,역대문집DB,0,0,1,139,0,0,0,140,,0,0,0,0.714285714,0,99.28571429,0
松厓集,1800,1850,1825,역대문집DB,2,66,2,55,3,7,1,136,,0.735294118,1.470588235,2.205882353,1.470588235,48.52941176,40.44117647,5.147058824
石洲文集,1787,1865,1826,역대문집DB,1,128,30,323,37,37,20,576,,3.472222222,0.173611111,6.423611111,5.208333333,22.22222222,56.07638889,6.423611111
直齋集,1793,1860,1826,문집총간,0,63,12,147,10,32,14,278,1908,5.035971223,0,3.597122302,4.316546763,22.6618705,52.87769784,11.51079137
甫山集,1787,1868,1827,문집총간,8,0,7,433,12,6,4,470,1877,0.85106383,1.70212766,2.553191489,1.489361702,0,92.12765957,1.276595745
沙磯集,1789,1866,1827,문집총간,40,13,18,217,41,12,16,357,1934,4.481792717,11.20448179,11.48459384,5.042016807,3.641456583,60.78431373,3.361344538
東樊集,1792,1863,1827,문집총간,0,1,1,287,5,3,0,297,1909,0,0,1.683501684,0.336700337,0.336700337,96.63299663,1.01010101
薌隱集,1794,1860,1827,문집총간,3,73,28,90,23,53,5,275,1897,1.818181818,1.090909091,8.363636364,10.18181818,26.54545455,32.72727273,19.27272727
思窩集,1794,1861,1827,역대문집DB,4,31,9,110,5,1,2,162,,1.234567901,2.469135802,3.086419753,5.555555556,19.13580247,67.90123457,0.617283951
雪松堂逸稿,1795,1859,1827,역대문집DB,1,0,0,64,1,0,0,66,,0,1.515151515,1.515151515,0,0,96.96969697,0
日省齋遺稿,1797,1858,1827,역대문집DB,0,23,4,227,23,6,3,286,,1.048951049,0,8.041958042,1.398601399,8.041958042,79.37062937,2.097902098
經山集,1783,1873,1828,문집총간,169,8,23,289,21,17,56,583,1895,9.605488851,28.98799314,3.602058319,3.945111492,1.372212693,49.57118353,2.915951973
止軒集,1786,1870,1828,문집총간,1,205,10,64,58,46,41,425,1877,9.647058824,0.235294118,13.64705882,2.352941176,48.23529412,15.05882353,10.82352941
歗齋集,1790,1866,1828,문집총간,0,0,16,255,2,38,5,316,1890,1.582278481,0,0.632911392,5.063291139,0,80.69620253,12.02531646
肅欠齋文?,1790,1866,1828,역대문집DB,7,0,18,251,2,24,5,307,,1.628664495,2.280130293,0.651465798,5.863192182,0,81.75895765,7.817589577
雪齋遺稿,1794,1862,1828,역대문집DB,0,2,4,42,0,3,6,57,,10.52631579,0,0,7.01754386,3.50877193,73.68421053,5.263157895
歸園遺集,1794,1862,1828,역대문집DB,4,0,9,240,0,0,1,254,,0.393700787,1.57480315,0,3.543307087,0,94.48818898,0
農廬集,1797,1860,1828,문집총간,0,60,36,198,24,36,17,371,1895,4.582210243,0,6.469002695,9.703504043,16.17250674,53.36927224,9.703504043
川愚稿,1798,1859,1828,역대문집DB,0,7,0,47,3,0,11,68,,16.17647059,0,4.411764706,0,10.29411765,69.11764706,0
龜岡先生文集,1805,1851,1828,역대문집DB,0,70,17,198,14,12,7,318,,2.201257862,0,4.402515723,5.34591195,22.01257862,62.26415094,3.773584906
木澗文集,1790,1868,1829,역대문집DB,0,30,1,266,44,12,2,355,,0.563380282,0,12.3943662,0.281690141,8.450704225,74.92957746,3.38028169
錦谷集,1791,1867,1829,문집총간,57,224,53,126,56,34,99,649,1907,15.25423729,8.782742681,8.628659476,8.166409861,34.5146379,19.41448382,5.238828968
魯邱文集,1808,1851,1829,역대문집DB,0,14,3,340,3,13,3,376,,0.79787234,0,0.79787234,0.79787234,3.723404255,90.42553191,3.457446809
溫裕齋集,1791,1870,1830,문집총간,0,24,10,190,4,14,17,259,1879,6.563706564,0,1.544401544,3.861003861,9.266409266,73.35907336,5.405405405
華西集,1792,1868,1830,문집총간,11,469,26,386,20,228,23,1163,,1.977644024,0.945829751,1.719690456,2.235597592,40.32674119,33.1900258,19.6044712
臨履齋遺稿,1795,1866,1830,역대문집DB,0,22,7,18,1,2,1,51,,1.960784314,0,1.960784314,13.7254902,43.1372549,35.29411765,3.921568627
鳳棲集,1801,1859,1830,문집총간,2,55,28,4,7,50,21,167,1913,12.5748503,1.19760479,4.191616766,16.76646707,32.93413174,2.395209581,29.94011976
篁巖集,1809,1852,1830,역대문집DB,0,11,6,56,3,4,0,80,,0,0,3.75,7.5,13.75,70,5
玄坡遺稿,1810,1850,1830,역대문집DB,1,54,0,119,35,0,1,210,,0.476190476,0.476190476,16.66666667,0,25.71428571,56.66666667,0
谿栖文集,1810,1851,1830,역대문집DB,1,20,6,84,4,2,1,118,,0.847457627,0.847457627,3.389830508,5.084745763,16.94915254,71.18644068,1.694915254
素無軒文集,1791,1872,1831,역대문집DB,2,25,11,168,17,1,8,232,,3.448275862,0.862068966,7.327586207,4.74137931,10.77586207,72.4137931,0.431034483
凝窩集,1792,1871,1831,문집총간,30,118,81,477,53,95,88,942,1926,9.341825902,3.184713376,5.626326964,8.598726115,12.52653928,50.63694268,10.08492569
竹軒遺稿,1794,1869,1831,역대문집DB,0,0,1,119,2,1,0,123,,0,0,1.62601626,0.81300813,0,96.74796748,0.81300813
蓮坡詩鈔,1797,1865,1831,문집총간,0,0,3,182,0,0,1,186,1928,0.537634409,0,0,1.612903226,0,97.84946237,0
蓮坡詩抄,1797,1865,1831,역대문집DB,0,0,1,182,0,0,0,183,,0,0,0,0.546448087,0,99.45355191,0
東林集,1800,1862,1831,문집총간,0,145,17,317,31,29,25,564,1906,4.432624113,0,5.496453901,3.014184397,25.70921986,56.20567376,5.141843972
晩松集,1800,1862,1831,역대문집DB,0,47,2,185,10,6,0,250,,0,0,4,0.8,18.8,74,2.4
凝窩先生文集,1792,1872,1832,역대문집DB,27,101,126,512,32,73,94,965,,9.740932642,2.797927461,3.316062176,13.05699482,10.46632124,53.05699482,7.564766839
菊圃逸稿,1795,1870,1832,역대문집DB,1,19,7,63,12,1,0,103,,0,0.970873786,11.65048544,6.796116505,18.44660194,61.16504854,0.970873786
白樵遺稿,1799,1865,1832,역대문집DB,0,129,1,79,74,2,3,288,,1.041666667,0,25.69444444,0.347222222,44.79166667,27.43055556,0.694444444
立軒集,1802,1863,1832,문집총간,2,370,14,350,25,26,7,794,1880,0.881612091,0.251889169,3.14861461,1.763224181,46.59949622,44.08060453,3.274559194
對山集,1807,1858,1832,문집총간,0,0,7,605,0,1,0,613,1868,0,0,0,1.141924959,0,98.6949429,0.163132137
勿齋文集,1807,1857,1832,역대문집DB,0,15,1,72,7,4,1,100,,1,0,7,1,15,72,4
梣溪遺稿,1793,1874,1833,문집총간,40,0,47,258,38,6,47,436,,10.77981651,9.174311927,8.71559633,10.77981651,0,59.17431193,1.376146789
心庵遺稿,1796,1870,1833,문집총간,276,0,56,990,53,64,54,1493,,3.616878768,18.48626926,3.549899531,3.75083724,0,66.30944407,4.286671132
海翁藁,1798,1868,1833,문집총간,0,82,25,872,15,7,0,1001,,0,0,1.498501499,2.497502498,8.191808192,87.11288711,0.699300699
鶴皐文集,1804,1862,1833,역대문집DB,2,40,18,111,8,9,0,188,,0,1.063829787,4.255319149,9.574468085,21.27659574,59.04255319,4.787234043
守宗齋集,1808,1858,1833,문집총간,14,81,33,55,29,22,33,267,1902,12.35955056,5.243445693,10.86142322,12.35955056,30.33707865,20.59925094,8.239700375
夏園詩鈔,1808,1858,1833,문집총간,0,0,2,103,0,0,0,105,1854,0,0,0,1.904761905,0,98.0952381,0
石世遺稿,1808,1859,1833,문집총간,22,0,2,55,7,1,3,90,1899,3.333333333,24.44444444,7.777777778,2.222222222,0,61.11111111,1.111111111
夏園詩?,1808,1858,1833,역대문집DB,0,0,1,103,0,0,0,104,,0,0,0,0.961538462,0,99.03846154,0
瀛隱集,1793,1875,1834,문집총간,0,43,26,192,36,19,17,333,1895,5.105105105,0,10.81081081,7.807807808,12.91291291,57.65765766,5.705705706
定軒集,1799,1870,1834,문집총간,4,130,36,181,20,22,46,439,1900,10.47835991,0.911161731,4.555808656,8.200455581,29.61275626,41.23006834,5.011389522
巽窩集,1800,1868,1834,역대문집DB,0,14,3,52,9,5,2,85,,2.352941176,0,10.58823529,3.529411765,16.47058824,61.17647059,5.882352941
柳溪集,1801,1867,1834,문집총간,1,180,32,47,47,57,32,396,1898,8.080808081,0.252525253,11.86868687,8.080808081,45.45454545,11.86868687,14.39393939
恩誦堂集,1803,1865,1834,문집총간,0,0,23,477,0,28,3,531,1848,0.564971751,0,0,4.331450094,0,89.83050847,5.27306968
老雲文集,1804,1865,1834,역대문집DB,0,7,5,633,14,18,0,677,,0,0,2.067946824,0.738552437,1.033973412,93.50073855,2.658788774
江海文集,1804,1865,1834,역대문집DB,0,10,8,264,6,16,4,308,,1.298701299,0,1.948051948,2.597402597,3.246753247,85.71428571,5.194805195
恩誦堂集(詩集),1804,1865,1834,역대문집DB,0,0,1,576,0,0,0,577,,0,0,0,0.173310225,0,99.82668977,0
漢南遺稿,1791,1879,1835,역대문집DB,0,16,13,54,14,12,7,116,,6.034482759,0,12.06896552,11.20689655,13.79310345,46.55172414,10.34482759
雲山文集,1795,1875,1835,역대문집DB,11,103,52,301,22,25,57,571,,9.982486865,1.926444834,3.852889667,9.106830123,18.0385289,52.7145359,4.378283713
至樂窩遺稿,1796,1875,1835,문집총간,0,14,10,138,43,11,9,225,1888,4,0,19.11111111,4.444444444,6.222222222,61.33333333,4.888888889
晩省遺集,1798,1872,1835,역대문집DB,0,37,1,28,18,0,0,84,,0,0,21.42857143,1.19047619,44.04761905,33.33333333,0
藏園先生遺稿,1798,1873,1835,역대문집DB,0,74,30,474,60,18,3,659,,0.455235205,0,9.104704097,4.552352049,11.22913505,71.92716237,2.731411229
東阿先生文集,1799,1871,1835,역대문집DB,0,33,17,270,19,5,3,347,,0.864553314,0,5.475504323,4.899135447,9.510086455,77.80979827,1.44092219
訂窩集,1800,1871,1835,문집총간,6,99,28,239,60,35,55,522,1889,10.53639847,1.149425287,11.49425287,5.363984674,18.96551724,45.78544061,6.704980843
肅齋集,1800,1870,1835,문집총간,18,494,23,146,33,22,30,766,1903,3.916449086,2.349869452,4.308093995,3.002610966,64.49086162,19.06005222,2.872062663
莊庵逸稿,1800,1871,1835,역대문집DB,0,12,2,80,15,4,0,113,,0,0,13.27433628,1.769911504,10.61946903,70.79646018,3.539823009
訂窩先生文集,1800,1871,1835,역대문집DB,2,57,36,176,19,12,45,347,,12.96829971,0.576368876,5.475504323,10.37463977,16.42651297,50.7204611,3.458213256
卲亭稿,1802,1868,1835,문집총간,7,7,11,209,8,17,4,263,1891,1.520912548,2.661596958,3.041825095,4.182509506,2.661596958,79.46768061,6.463878327
晩浦集,1802,1868,1835,역대문집DB,0,64,3,14,18,3,4,106,,3.773584906,0,16.98113208,2.830188679,60.37735849,13.20754717,2.830188679
德隱文集,1802,1869,1835,역대문집DB,0,20,4,85,6,2,0,117,,0,0,5.128205128,3.418803419,17.09401709,72.64957265,1.709401709
吾山先生文集附錄,1804,1867,1835,역대문집DB,2,103,7,137,21,25,9,304,,2.960526316,0.657894737,6.907894737,2.302631579,33.88157895,45.06578947,8.223684211
海藏集,1805,1865,1835,문집총간,116,110,54,1031,41,145,23,1520,1925,1.513157895,7.631578947,2.697368421,3.552631579,7.236842105,67.82894737,9.539473684
菊隱遺稿,1806,1865,1835,역대문집DB,0,3,1,205,6,0,0,215,,0,0,2.790697674,0.465116279,1.395348837,95.34883721,0
柱峰集,1798,1875,1836,역대문집DB,18,13,14,172,0,14,8,239,,3.347280335,7.531380753,0,5.857740586,5.439330544,71.9665272,5.857740586
龍耳窩集,1800,1873,1836,문집총간,5,18,18,297,31,31,10,410,1909,2.43902439,1.219512195,7.56097561,4.390243902,4.390243902,72.43902439,7.56097561
龜陰集,1801,1871,1836,역대문집DB,0,18,0,225,21,0,2,266,,0.751879699,0,7.894736842,0,6.766917293,84.58646617,0
海東續樂府,1803,1869,1836,역대문집DB,1,0,17,82,5,8,6,119,,5.042016807,0.840336134,4.201680672,14.28571429,0,68.90756303,6.722689076
老圃遺稿,1804,1868,1836,역대문집DB,4,7,1,91,0,2,0,105,,0,3.80952381,0,0.952380952,6.666666667,86.66666667,1.904761905
泉齋集,1806,1866,1836,문집총간,1,77,15,261,32,25,7,418,1895,1.674641148,0.23923445,7.655502392,3.588516746,18.42105263,62.44019139,5.980861244
復齋文集,1806,1867,1836,역대문집DB,15,22,14,223,3,3,7,287,,2.43902439,5.226480836,1.045296167,4.87804878,7.665505226,77.70034843,1.045296167
泉齋文集,1806,1866,1836,역대문집DB,0,65,19,277,21,15,5,402,,1.243781095,0,5.223880597,4.726368159,16.16915423,68.90547264,3.731343284
廣棲集,1808,1864,1836,역대문집DB,0,4,4,66,9,1,0,84,,0,0,10.71428571,4.761904762,4.761904762,78.57142857,1.19047619
禮巖公遺稿,1797,1877,1837,역대문집DB,1,4,0,81,8,1,2,97,,2.06185567,1.030927835,8.24742268,0,4.12371134,83.50515464,1.030927835
松圃集,1801,1873,1837,역대문집DB,0,0,1,248,0,0,0,249,,0,0,0,0.401606426,0,99.59839357,0
晦亭集,1802,1873,1837,문집총간,0,94,13,460,26,41,11,645,1909,1.705426357,0,4.031007752,2.015503876,14.57364341,71.31782946,6.356589147
荷潭文集,1805,1870,1837,역대문집DB,0,31,4,136,19,6,5,201,,2.487562189,0,9.452736318,1.990049751,15.42288557,67.66169154,2.985074627
聽水軒遺稿,1807,1867,1837,역대문집DB,0,1,7,102,1,7,0,118,,0,0,0.847457627,5.93220339,0.847457627,86.44067797,5.93220339
蘆沙集,1798,1879,1838,문집총간,7,696,245,276,13,137,67,1441,1902,4.649548924,0.485773768,0.902151284,17.00208189,48.29979181,19.15336572,9.507286607
澹人集,1799,1877,1838,문집총간,33,155,32,679,91,25,5,1020,1916,0.490196078,3.235294118,8.921568627,3.137254902,15.19607843,66.56862745,2.450980392
菊伴集,1800,1876,1838,역대문집DB,0,45,12,43,17,9,10,136,,7.352941176,0,12.5,8.823529412,33.08823529,31.61764706,6.617647059
弦窩文集,1800,1876,1838,역대문집DB,0,4,1,98,22,0,0,125,,0,0,17.6,0.8,3.2,78.4,0
菊農遺集,1801,1875,1838,역대문집DB,0,18,4,136,15,0,0,173,,0,0,8.670520231,2.312138728,10.40462428,78.61271676,0
畏庵文集,1803,1873,1838,역대문집DB,0,31,23,101,24,9,4,192,,2.083333333,0,12.5,11.97916667,16.14583333,52.60416667,4.6875
晩悔軒遺稿,1804,1873,1838,역대문집DB,1,7,5,91,0,6,4,114,,3.50877193,0.877192982,0,4.385964912,6.140350877,79.8245614,5.263157895
商山先生文集,1804,1872,1838,역대문집DB,0,11,5,285,3,17,0,321,,0,0,0.934579439,1.557632399,3.426791277,88.78504673,5.295950156
三吾堂先生文集,1804,1873,1838,역대문집DB,0,2,6,53,4,20,0,85,,0,0,4.705882353,7.058823529,2.352941176,62.35294118,23.52941176
進菴集,1799,1879,1839,문집총간,1,135,25,150,36,28,49,424,1915,11.55660377,0.235849057,8.490566038,5.896226415,31.83962264,35.37735849,6.603773585
進菴先生文集,1799,1879,1839,역대문집DB,1,130,51,158,0,14,36,390,,9.230769231,0.256410256,0,13.07692308,33.33333333,40.51282051,3.58974359
習靜齋遺稿,1802,1877,1839,역대문집DB,0,0,11,193,1,5,8,218,,3.669724771,0,0.458715596,5.04587156,0,88.53211009,2.293577982
危齋文集,1808,1870,1839,역대문집DB,0,53,6,72,22,7,1,161,,0.621118012,0,13.66459627,3.726708075,32.91925466,44.72049689,4.347826087
絅齋先生文集,1814,1865,1839,역대문집DB,1,64,3,38,13,1,1,121,,0.826446281,0.826446281,10.74380165,2.479338843,52.89256198,31.40495868,0.826446281
龜厓集,1803,1877,1840,문집총간,2,102,9,115,34,8,8,278,1898,2.877697842,0.71942446,12.23021583,3.237410072,36.69064748,41.36690647,2.877697842
山泉集,1803,1877,1840,역대문집DB,19,98,19,221,64,14,25,460,,5.434782609,4.130434783,13.91304348,4.130434783,21.30434783,48.04347826,3.043478261
竹溪遺稿,1803,1877,1840,역대문집DB,2,97,14,167,28,16,1,325,,0.307692308,0.615384615,8.615384615,4.307692308,29.84615385,51.38461538,4.923076923
西坡文集,1807,1873,1840,역대문집DB,0,3,1,130,1,0,0,135,,0,0,0.740740741,0.740740741,2.222222222,96.2962963,0
小心齋集,1808,1872,1840,역대문집DB,0,31,18,56,0,3,2,110,,1.818181818,0,0,16.36363636,28.18181818,50.90909091,2.727272727
圭齋遺藁,1817,1863,1840,문집총간,32,0,24,156,11,23,1,247,1864,0.4048583,12.95546559,4.453441296,9.71659919,0,63.15789474,9.311740891
性齋集,1797,1886,1841,문집총간,39,288,187,417,115,266,277,1589,1903,17.43234739,2.45437382,7.237256136,11.7684078,18.12460667,26.24292008,16.74008811
箕疇遺集,1800,1882,1841,역대문집DB,2,69,12,161,28,1,3,276,,1.086956522,0.724637681,10.14492754,4.347826087,25,58.33333333,0.362318841
?谷集,1804,1878,1841,역대문집DB,0,0,2,76,0,1,0,79,,0,0,0,2.53164557,0,96.20253165,1.265822785
警庵遺稿,1805,1878,1841,역대문집DB,24,0,2,98,0,5,0,129,,0,18.60465116,0,1.550387597,0,75.96899225,3.875968992
涵弘堂集,1805,1878,1841,역대문집DB,0,19,5,221,0,5,0,250,,0,0,0,2,7.6,88.4,2
錦厓集,1806,1877,1841,역대문집DB,2,4,0,37,8,1,0,52,,0,3.846153846,15.38461538,0,7.692307692,71.15384615,1.923076923
瓛齋集,1807,1876,1841,문집총간,30,163,27,57,3,10,9,299,1913,3.010033445,10.03344482,1.003344482,9.030100334,54.51505017,19.06354515,3.344481605
?齋集,1807,1876,1841,역대문집DB,27,27,11,59,3,0,8,135,,5.925925926,20,2.222222222,8.148148148,20,43.7037037,0
東岡集,1807,1876,1841,역대문집DB,0,0,6,593,0,0,0,599,,0,0,0,1.001669449,0,98.99833055,0
皎亭先生詩集,1807,1876,1841,역대문집DB,0,0,0,305,0,0,0,305,,0,0,0,0,0,100,0
西湖先生文集,1812,1871,1841,역대문집DB,0,123,34,668,26,8,2,861,,0.232288037,0,3.019744483,3.948896632,14.28571429,77.58420441,0.929152149
惠山集,1804,1881,1842,역대문집DB,0,257,48,737,57,126,37,1262,,2.9318542,0,4.516640254,3.803486529,20.36450079,58.39936609,9.984152139
二安亭遺稿,1807,1877,1842,역대문집DB,0,0,6,43,0,3,5,57,,8.771929825,0,0,10.52631579,0,75.43859649,5.263157895
溪堂集,1813,1872,1842,문집총간,3,282,67,84,55,39,58,588,1928,9.863945578,0.510204082,9.353741497,11.39455782,47.95918367,14.28571429,6.632653061
石溪集,1816,1869,1842,역대문집DB,0,11,4,55,1,6,0,77,,0,0,1.298701299,5.194805195,14.28571429,71.42857143,7.792207792
晩喜堂文集,1803,1884,1843,역대문집DB,1,10,3,231,3,50,0,298,,0,0.33557047,1.006711409,1.006711409,3.355704698,77.51677852,16.77852349
時庵集,1807,1879,1843,문집총간,2,109,29,368,51,40,14,613,1894,2.283849918,0.326264274,8.319738989,4.730831974,17.78140294,60.03262643,6.525285481
春坡遺稿,1807,1880,1843,역대문집DB,0,4,8,52,4,5,0,73,,0,0,5.479452055,10.95890411,5.479452055,71.23287671,6.849315068
夢關集,1809,1877,1843,역대문집DB,0,54,6,74,0,0,0,134,,0,0,0,4.47761194,40.29850746,55.2238806,0
竹坡集,1809,1878,1843,역대문집DB,0,20,1,103,4,6,1,135,,0.740740741,0,2.962962963,0.740740741,14.81481481,76.2962963,4.444444444
月村先生續集,1809,1877,1843,역대문집DB,0,42,29,869,16,28,3,987,,0.303951368,0,1.621073961,2.938196555,4.255319149,88.04457953,2.836879433
鼓山集,1811,1876,1843,문집총간,44,401,67,184,49,110,184,1039,1883,17.7093359,4.234841193,4.716073147,6.448508181,38.59480269,17.7093359,10.58710298
竹坡遺集,1816,1870,1843,역대문집DB,0,2,3,125,4,3,1,138,,0.724637681,0,2.898550725,2.173913043,1.449275362,90.57971014,2.173913043
鳳下文集,1802,1887,1844,역대문집DB,1,28,10,182,9,3,3,236,,1.271186441,0.423728814,3.813559322,4.237288136,11.86440678,77.11864407,1.271186441
華郊遺稿,1805,1883,1844,역대문집DB,0,0,9,283,0,0,0,292,,0,0,0,3.082191781,0,96.91780822,0
三山文集,1810,1879,1844,역대문집DB,0,8,3,240,3,13,3,270,,1.111111111,0,1.111111111,1.111111111,2.962962963,88.88888889,4.814814815
拙菴遺稿,1810,1879,1844,역대문집DB,0,4,4,148,0,2,0,158,,0,0,0,2.53164557,2.53164557,93.67088608,1.265822785
雲岡集,1814,1875,1844,문집총간,1,112,12,74,20,32,13,264,1894,4.924242424,0.378787879,7.575757576,4.545454545,42.42424242,28.03030303,12.12121212
愼庵集,1815,1874,1844,문집총간,0,218,10,160,31,17,31,467,1904,6.638115632,0,6.638115632,2.141327623,46.68094218,34.26124197,3.640256959
愼庵文集,1815,1874,1844,역대문집DB,0,176,12,158,20,12,28,406,,6.896551724,0,4.926108374,2.955665025,43.34975369,38.91625616,2.955665025
晩香齋詩鈔,1820,1869,1844,문집총간,0,0,1,176,0,0,0,177,1867,0,0,0,0.564971751,0,99.43502825,0
玉垂集,1803,1887,1845,문집총간,0,93,56,5083,0,81,13,5326,1935,0.244085618,0,0,1.051445738,1.746150958,95.43747653,1.520841157
酉澗先生文集,1803,1888,1845,역대문집DB,0,38,14,116,14,3,0,185,,0,0,7.567567568,7.567567568,20.54054054,62.7027027,1.621621622
六玩堂集,1804,1887,1845,역대문집DB,11,0,7,637,8,50,2,715,,0.27972028,1.538461538,1.118881119,0.979020979,0,89.09090909,6.993006993
肯庵先生文集,1807,1884,1845,역대문집DB,7,180,67,113,32,31,118,548,,21.53284672,1.277372263,5.839416058,12.22627737,32.84671533,20.62043796,5.656934307
沙厓集,1808,1882,1845,문집총간,8,74,6,235,8,26,14,371,1933,3.773584906,2.156334232,2.156334232,1.617250674,19.94609164,63.34231806,7.008086253
壺山居士遺稿,1809,1881,1845,역대문집DB,0,2,3,145,0,1,0,151,,0,0,0,1.986754967,1.324503311,96.02649007,0.662251656
菊隱集,1810,1880,1845,역대문집DB,1,2,10,181,0,9,1,204,,0.490196078,0.490196078,0,4.901960784,0.980392157,88.7254902,4.411764706
介隱遺稿,1811,1879,1845,역대문집DB,0,17,14,98,10,13,3,155,,1.935483871,0,6.451612903,9.032258065,10.96774194,63.22580645,8.387096774
肯播齋文集,1811,1879,1845,역대문집DB,8,0,3,169,9,3,0,192,,0,4.166666667,4.6875,1.5625,0,88.02083333,1.5625
老山文集,1817,1874,1845,역대문집DB,0,25,1,84,5,2,0,117,,0,0,4.273504274,0.854700855,21.36752137,71.79487179,1.709401709
柏後集,1818,1873,1845,문집총간,1,129,10,298,14,8,5,465,1896,1.075268817,0.215053763,3.010752688,2.150537634,27.74193548,64.08602151,1.720430108
?庵文集,1819,1871,1845,역대문집DB,0,67,11,189,15,10,4,296,,1.351351351,0,5.067567568,3.716216216,22.63513514,63.85135135,3.378378378
南坡集,1804,1889,1846,역대문집DB,0,31,16,267,7,12,4,337,,1.18694362,0,2.077151335,4.747774481,9.198813056,79.22848665,3.560830861
棄?文集,1808,1885,1846,역대문집DB,0,45,3,112,19,1,0,180,,0,0,10.55555556,1.666666667,25,62.22222222,0.555555556
松隱遺稿,1809,1883,1846,역대문집DB,1,23,10,165,29,5,1,234,,0.427350427,0.427350427,12.39316239,4.273504274,9.829059829,70.51282051,2.136752137
道谷遺稿,1812,1881,1846,역대문집DB,0,24,0,29,7,0,3,63,,4.761904762,0,11.11111111,0,38.0952381,46.03174603,0
遯窩遺稿,1816,1877,1846,역대문집DB,0,0,1,110,0,0,0,111,,0,0,0,0.900900901,0,99.0990991,0
孝處堂遺稿,1818,1875,1846,역대문집DB,0,26,4,96,4,0,0,130,,0,0,3.076923077,3.076923077,20,73.84615385,0
達澗文集,1822,1870,1846,역대문집DB,0,30,2,131,11,0,0,174,,0,0,6.32183908,1.149425287,17.24137931,75.28735632,0
皎亭詩集,1807,1888,1847,문집총간,0,0,3,304,0,1,0,308,1906,0,0,0,0.974025974,0,98.7012987,0.324675325
石室居士遺稿,1811,1883,1847,역대문집DB,0,5,2,49,2,1,0,59,,0,0,3.389830508,3.389830508,8.474576271,83.05084746,1.694915254
眼山遺稿,1812,1882,1847,역대문집DB,0,23,8,44,12,6,4,97,,4.12371134,0,12.37113402,8.24742268,23.71134021,45.36082474,6.18556701
絅晦遺稿,1813,1881,1847,역대문집DB,3,29,8,158,18,64,2,282,,0.709219858,1.063829787,6.382978723,2.836879433,10.28368794,56.02836879,22.69503546
石山遺稿,1814,1880,1847,문집총간,99,11,13,384,42,98,13,660,1885,1.96969697,15,6.363636364,1.96969697,1.666666667,58.18181818,14.84848485
晩柏先生文集,1815,1880,1847,역대문집DB,0,48,5,10,6,2,2,73,,2.739726027,0,8.219178082,6.849315068,65.75342466,13.69863014,2.739726027
逸軒先生文集,1826,1869,1847,역대문집DB,1,85,5,160,13,17,12,293,,4.09556314,0.341296928,4.436860068,1.706484642,29.01023891,54.60750853,5.802047782
耐軒集,1804,1892,1848,문집총간,0,36,14,62,35,9,33,189,1907,17.46031746,0,18.51851852,7.407407407,19.04761905,32.8042328,4.761904762
愚齋集,1808,1889,1848,역대문집DB,22,5,1,22,6,2,4,62,,6.451612903,35.48387097,9.677419355,1.612903226,8.064516129,35.48387097,3.225806452
心齋集,1808,1888,1848,역대문집DB,0,6,12,452,2,7,2,481,,0.415800416,0,0.415800416,2.494802495,1.247401247,93.97089397,1.455301455
甪里集,1810,1886,1848,문집총간,3,94,26,479,31,29,10,672,1895,1.488095238,0.446428571,4.613095238,3.869047619,13.98809524,71.2797619,4.31547619
奇溪先生文集,1811,1886,1848,역대문집DB,1,73,13,256,49,13,7,412,,1.699029126,0.242718447,11.89320388,3.155339806,17.7184466,62.13592233,3.155339806
雙峰集,1814,1882,1848,역대문집DB,0,19,11,313,18,37,3,401,,0.748129676,0,4.488778055,2.743142145,4.738154613,78.05486284,9.226932668
可軒文集,1816,1881,1848,역대문집DB,1,28,1,57,4,2,5,98,,5.102040816,1.020408163,4.081632653,1.020408163,28.57142857,58.16326531,2.040816327
竹林集,1817,1879,1848,역대문집DB,0,0,0,143,0,0,0,143,,0,0,0,0,0,100,0
玄山遺稿,1818,1879,1848,역대문집DB,0,21,5,66,4,2,1,99,,1.01010101,0,4.04040404,5.050505051,21.21212121,66.66666667,2.02020202
水竹亭遺稿,1819,1877,1848,역대문집DB,0,1,1,80,0,0,0,82,,0,0,0,1.219512195,1.219512195,97.56097561,0
松皐文集,1806,1892,1849,역대문집DB,1,27,2,63,23,3,9,128,,7.03125,0.78125,17.96875,1.5625,21.09375,49.21875,2.34375
芸窓集,1809,1890,1849,문집총간,18,98,44,136,36,55,42,429,1930,9.79020979,4.195804196,8.391608392,10.25641026,22.84382284,31.7016317,12.82051282
西谿文集,1811,1888,1849,역대문집DB,0,42,4,277,18,6,2,349,,0.573065903,0,5.157593123,1.146131805,12.03438395,79.36962751,1.719197708
洛北文集,1812,1887,1849,역대문집DB,4,5,12,140,17,6,5,189,,2.645502646,2.116402116,8.994708995,6.349206349,2.645502646,74.07407407,3.174603175
松坡遺稿,1813,1886,1849,역대문집DB,0,0,2,175,0,0,0,177,,0,0,0,1.129943503,0,98.8700565,0
畏庵文集,1813,1885,1849,역대문집DB,0,31,11,60,19,11,0,132,,0,0,14.39393939,8.333333333,23.48484848,45.45454545,8.333333333
紫皐遺稿,1814,1884,1849,역대문집DB,0,2,0,161,22,7,0,192,,0,0,11.45833333,0,1.041666667,83.85416667,3.645833333
橘隱齋遺稿,1814,1884,1849,역대문집DB,0,0,10,349,7,16,0,382,,0,0,1.832460733,2.617801047,0,91.36125654,4.188481675
復齋遺稿,1817,1881,1849,역대문집DB,8,91,0,18,0,0,0,117,,0,6.837606838,0,0,77.77777778,15.38461538,0
近菴先生文集,1829,1870,1849,역대문집DB,0,35,0,49,10,3,0,97,,0,0,10.30927835,0,36.08247423,50.51546392,3.092783505
顧軒先生文集,1808,1893,1850,역대문집DB,0,69,39,154,13,50,31,356,,8.707865169,0,3.651685393,10.95505618,19.38202247,43.25842697,14.04494382
雲皐集,1808,1893,1850,역대문집DB,0,20,4,302,9,45,4,384,,1.041666667,0,2.34375,1.041666667,5.208333333,78.64583333,11.71875
不知庵文集,1813,1888,1850,역대문집DB,0,11,10,132,2,4,3,162,,1.851851852,0,1.234567901,6.172839506,6.790123457,81.48148148,2.469135802
琴溪集,1833,1867,1850,역대문집DB,0,3,3,121,1,1,0,129,,0,0,0.775193798,2.325581395,2.325581395,93.79844961,0.775193798
嘉梧藁略,1814,1888,1851,문집총간,263,75,49,627,1,109,100,1224,,8.169934641,21.4869281,0.081699346,4.003267974,6.12745098,51.2254902,8.905228758
仁山集,1814,1889,1851,문집총간,1,277,22,38,18,21,12,389,,3.084832905,0.257069409,4.627249357,5.655526992,71.20822622,9.768637532,5.398457584
凝川集,1816,1886,1851,역대문집DB,2,30,12,291,2,8,4,349,,1.146131805,0.573065903,0.573065903,3.438395415,8.595988539,83.38108883,2.29226361
石愚遺稿,1817,1886,1851,역대문집DB,0,14,0,69,4,0,0,87,,0,0,4.597701149,0,16.09195402,79.31034483,0
峿堂集,1820,1882,1851,문집총간,10,163,98,699,27,177,28,1202,1900,2.329450915,0.831946755,2.24625624,8.153078203,13.56073211,58.1530782,14.72545757
慕亭逸稿,1820,1882,1851,역대문집DB,0,6,2,82,12,22,0,124,,0,0,9.677419355,1.612903226,4.838709677,66.12903226,17.74193548
?堂集,1820,1882,1851,역대문집DB,7,121,97,712,28,148,28,1141,,2.45398773,0.613496933,2.45398773,8.501314636,10.60473269,62.40140228,12.971078
蒿廬文集,1820,1882,1851,역대문집DB,0,9,4,87,4,7,2,113,,1.769911504,0,3.539823009,3.539823009,7.96460177,76.99115044,6.194690265
冬郞集,1821,1881,1851,역대문집DB,0,0,0,267,0,0,0,267,,0,0,0,0,0,100,0
東愚詩集,1841,1862,1851,역대문집DB,0,0,5,235,0,0,1,241,,0.414937759,0,0,2.074688797,0,97.51037344,0
荷居集,1816,1888,1852,문집총간,48,13,8,109,7,12,6,203,1888,2.955665025,23.6453202,3.448275862,3.9408867,6.403940887,53.69458128,5.911330049
慕軒集,1816,1889,1852,역대문집DB,0,58,6,42,24,3,2,135,,1.481481481,0,17.77777778,4.444444444,42.96296296,31.11111111,2.222222222
寒洲集,1818,1886,1852,문집총간,5,360,49,465,67,72,38,1056,1928,3.598484848,0.473484848,6.34469697,4.640151515,34.09090909,44.03409091,6.818181818
鳳棲遺稿,1818,1886,1852,역대문집DB,0,1,4,250,0,2,0,257,,0,0,0,1.556420233,0.389105058,97.27626459,0.778210117
敬菴遺稿,1819,1885,1852,역대문집DB,10,6,3,36,27,5,2,89,,2.247191011,11.23595506,30.33707865,3.370786517,6.741573034,40.4494382,5.617977528
古歡堂收艸,1820,1884,1852,문집총간,3,3,21,489,5,24,7,552,1885,1.268115942,0.543478261,0.905797101,3.804347826,0.543478261,88.58695652,4.347826087
近庵集,1823,1881,1852,문집총간,0,27,5,49,19,10,5,115,1895년 이후,4.347826087,0,16.52173913,4.347826087,23.47826087,42.60869565,8.695652174
絅堂遺稿,1824,1880,1852,역대문집DB,1,29,18,190,19,14,7,278,,2.517985612,0.35971223,6.834532374,6.474820144,10.43165468,68.34532374,5.035971223
??齋文集,1826,1879,1852,역대문집DB,0,65,0,24,11,2,0,102,,0,0,10.78431373,0,63.7254902,23.52941176,1.960784314
素圃遺稿,1813,1893,1853,역대문집DB,4,20,6,148,0,1,1,180,,0.555555556,2.222222222,0,3.333333333,11.11111111,82.22222222,0.555555556
扶溪集,1816,1890,1853,역대문집DB,0,96,9,237,11,10,2,365,,0.547945205,0,3.01369863,2.465753425,26.30136986,64.93150685,2.739726027
楠西集,1823,1884,1853,역대문집DB,0,14,8,51,2,6,0,81,,0,0,2.469135802,9.87654321,17.28395062,62.96296296,7.407407407
小庵文集,1828,1879,1853,역대문집DB,0,17,6,133,9,9,9,183,,4.918032787,0,4.918032787,3.278688525,9.289617486,72.67759563,4.918032787
菖窩文集,1830,1877,1853,역대문집DB,0,28,6,97,6,8,0,145,,0,0,4.137931034,4.137931034,19.31034483,66.89655172,5.517241379
頤齋集,1813,1896,1854,문집총간,3,176,41,160,49,37,70,536,1906,13.05970149,0.559701493,9.141791045,7.649253731,32.8358209,29.85074627,6.902985075
櫟菴集,1817,1891,1854,문집총간,19,69,26,300,62,26,16,518,1920,3.088803089,3.667953668,11.96911197,5.019305019,13.32046332,57.91505792,5.019305019
?菴集,1817,1891,1854,역대문집DB,19,42,24,311,45,22,12,475,,2.526315789,4,9.473684211,5.052631579,8.842105263,65.47368421,4.631578947
?山文集,1820,1889,1854,역대문집DB,0,110,3,354,18,6,5,496,,1.008064516,0,3.629032258,0.60483871,22.17741935,71.37096774,1.209677419
魯園集,1822,1887,1854,역대문집DB,0,92,17,255,30,17,3,414,,0.724637681,0,7.246376812,4.106280193,22.22222222,61.5942029,4.106280193
茶菴詩稿,1822,1886,1854,역대문집DB,0,0,1,381,0,0,0,382,,0,0,0,0.261780105,0,99.7382199,0
益庵遺稿,1829,1880,1854,역대문집DB,0,31,4,55,11,3,0,104,,0,0,10.57692308,3.846153846,29.80769231,52.88461538,2.884615385
草廬文集,1815,1895,1855,역대문집DB,0,41,5,256,16,8,13,339,,3.83480826,0,4.719764012,1.474926254,12.09439528,75.51622419,2.359882006
重菴集,1819,1891,1855,문집총간,8,814,81,448,52,200,83,1686,1906,4.922894425,0.474495848,3.084223013,4.804270463,48.27995255,26.5717675,11.8623962
木西集,1820,1891,1855,역대문집DB,5,36,2,142,17,2,0,204,,0,2.450980392,8.333333333,0.980392157,17.64705882,69.60784314,0.980392157
屛湖遺稿,1824,1886,1855,역대문집DB,0,9,1,32,8,1,0,51,,0,0,15.68627451,1.960784314,17.64705882,62.74509804,1.960784314
艮宇集,1825,1886,1855,역대문집DB,0,23,7,212,24,6,2,274,,0.729927007,0,8.759124088,2.554744526,8.394160584,77.37226277,2.189781022
恥菴文集,1826,1885,1855,역대문집DB,1,59,0,265,21,11,1,358,,0.279329609,0.279329609,5.865921788,0,16.48044693,74.02234637,3.072625698
梅谷集,1831,1880,1855,역대문집DB,0,6,3,108,7,1,0,125,,0,0,5.6,2.4,4.8,86.4,0.8
晩悟逸稿,1817,1895,1856,역대문집DB,0,10,1,48,7,0,0,66,,0,0,10.60606061,1.515151515,15.15151515,72.72727273,0
方山集,1819,1893,1856,역대문집DB,1,43,19,225,18,31,0,337,,0,0.296735905,5.341246291,5.637982196,12.75964392,66.76557864,9.198813056
雲皐文集,1819,1894,1856,역대문집DB,5,24,6,47,34,9,13,138,,9.420289855,3.623188406,24.63768116,4.347826087,17.39130435,34.05797101,6.52173913
廣巖遺集,1824,1889,1856,역대문집DB,1,20,1,105,10,0,0,137,,0,0.729927007,7.299270073,0.729927007,14.59854015,76.64233577,0
克齋集,1827,1885,1856,문집총간,0,132,12,254,6,15,18,437,1897,4.118993135,0,1.372997712,2.745995423,30.20594966,58.12356979,3.432494279
菊隱文集,1830,1882,1856,역대문집DB,0,11,1,72,12,0,1,97,,1.030927835,0,12.37113402,1.030927835,11.34020619,74.22680412,0
蘭石文集,1830,1883,1856,역대문집DB,0,33,1,105,14,0,0,153,,0,0,9.150326797,0.653594771,21.56862745,68.62745098,0
四未軒集,1815,1900,1857,문집총간,2,257,32,107,35,52,106,591,1906,17.9357022,0.338409475,5.922165821,5.414551607,43.4856176,18.10490694,8.798646362
蘭石集,1817,1897,1857,역대문집DB,4,9,5,392,0,0,3,413,,0.726392252,0.968523002,0,1.210653753,2.179176755,94.91525424,0
蓮湖遺稿,1822,1892,1857,역대문집DB,0,10,1,142,5,5,0,163,,0,0,3.067484663,0.613496933,6.134969325,87.11656442,3.067484663
澗翠堂遺集,1823,1892,1857,역대문집DB,0,18,5,55,5,4,1,88,,1.136363636,0,5.681818182,5.681818182,20.45454545,62.5,4.545454545
太古齋文集,1823,1891,1857,역대문집DB,11,20,34,132,10,0,14,221,,6.334841629,4.977375566,4.524886878,15.38461538,9.049773756,59.72850679,0
?皐文集,1824,1891,1857,역대문집DB,0,4,1,148,5,3,0,161,,0,0,3.105590062,0.621118012,2.48447205,91.92546584,1.863354037
百癡遺集,1831,1883,1857,역대문집DB,0,16,1,48,11,1,0,77,,0,0,14.28571429,1.298701299,20.77922078,62.33766234,1.298701299
巖居文集,1814,1903,1858,역대문집DB,0,80,19,34,15,9,3,160,,1.875,0,9.375,11.875,50,21.25,5.625
海隱遺稿,1818,1898,1858,역대문집DB,0,0,1,121,0,0,0,122,,0,0,0,0.819672131,0,99.18032787,0
雲菴集,1822,1894,1858,문집총간,6,927,73,559,81,175,67,1888,1897,3.548728814,0.31779661,4.290254237,3.866525424,49.09957627,29.60805085,9.269067797
鵝山文集,1824,1893,1858,역대문집DB,0,11,0,128,20,2,0,161,,0,0,12.42236025,0,6.832298137,79.50310559,1.242236025
小松遺稿,1825,1891,1858,문집총간,1,54,9,483,11,17,5,580,1898,0.862068966,0.172413793,1.896551724,1.551724138,9.310344828,83.27586207,2.931034483
癡史集,1829,1888,1858,역대문집DB,0,103,11,156,24,24,2,320,,0.625,0,7.5,3.4375,32.1875,48.75,7.5
匡山遺稿,1832,1885,1858,역대문집DB,5,36,2,102,3,4,0,152,,0,3.289473684,1.973684211,1.315789474,23.68421053,67.10526316,2.631578947
茶?先生文集,1832,1884,1858,역대문집DB,0,12,8,120,4,5,6,155,,3.870967742,0,2.580645161,5.161290323,7.741935484,77.41935484,3.225806452
希齋文集,1820,1898,1859,역대문집DB,5,57,10,291,18,16,12,409,,2.93398533,1.222493888,4.400977995,2.444987775,13.93643032,71.14914425,3.91198044
晩圃逸稿,1820,1899,1859,역대문집DB,0,13,3,75,8,2,0,101,,0,0,7.920792079,2.97029703,12.87128713,74.25742574,1.98019802
晩醒集,1824,1894,1859,문집총간,7,112,55,245,26,84,58,587,1925,9.880749574,1.192504259,4.429301533,9.36967632,19.08006814,41.73764906,14.31005111
晩醒先生文集,1824,1894,1859,역대문집DB,6,101,59,274,19,48,53,560,,9.464285714,1.071428571,3.392857143,10.53571429,18.03571429,48.92857143,8.571428571
野翁遺稿,1825,1894,1859,역대문집DB,0,17,3,88,13,12,1,134,,0.746268657,0,9.701492537,2.23880597,12.68656716,65.67164179,8.955223881
嵋東遺稿,1826,1892,1859,역대문집DB,0,38,3,80,7,0,0,128,,0,0,5.46875,2.34375,29.6875,62.5,0
素山文集,1826,1892,1859,역대문집DB,1,42,14,383,8,13,2,463,,0.431965443,0.215982721,1.727861771,3.023758099,9.071274298,82.72138229,2.807775378
三元堂集,1828,1891,1859,역대문집DB,7,20,1,55,0,0,0,83,,0,8.43373494,0,1.204819277,24.09638554,66.26506024,0
照菴集,1831,1887,1859,문집총간,0,135,5,85,15,14,2,256,1903,0.78125,0,5.859375,1.953125,52.734375,33.203125,5.46875
立齋集,1818,1902,1860,문집총간,72,292,57,221,50,49,117,858,1905년 이후,13.63636364,8.391608392,5.827505828,6.643356643,34.03263403,25.75757576,5.710955711
水山文集,1821,1899,1860,역대문집DB,0,67,2,82,11,7,2,171,,1.169590643,0,6.432748538,1.169590643,39.18128655,47.95321637,4.093567251
渾齋集,1824,1896,1860,문집총간,0,201,13,28,21,45,13,321,1909,4.049844237,0,6.542056075,4.049844237,62.61682243,8.722741433,14.01869159
晦山文集,1825,1895,1860,역대문집DB,0,24,2,238,0,18,0,282,,0,0,0,0.709219858,8.510638298,84.39716312,6.382978723
巷隱逸稿,1826,1894,1860,역대문집DB,0,34,5,151,18,5,0,213,,0,0,8.450704225,2.34741784,15.96244131,70.89201878,2.34741784
東溪文集,1826,1894,1860,역대문집DB,0,11,8,128,23,14,4,188,,2.127659574,0,12.23404255,4.255319149,5.85106383,68.08510638,7.446808511
大溪遺稿,1835,1885,1860,문집총간,1,148,24,159,28,16,15,391,,3.836317136,0.255754476,7.16112532,6.138107417,37.8516624,40.66496164,4.092071611
大谷遺稿,1835,1885,1860,역대문집DB,0,34,7,102,4,2,0,149,,0,0,2.684563758,4.697986577,22.81879195,68.45637584,1.342281879
一山集,1836,1885,1860,역대문집DB,0,61,5,59,29,16,14,184,,7.608695652,0,15.76086957,2.717391304,33.15217391,32.06521739,8.695652174
日溪集,1844,1877,1860,역대문집DB,0,14,13,88,0,1,3,119,,2.521008403,0,0,10.92436975,11.76470588,73.94957983,0.840336134
紫東集,1846,1875,1860,역대문집DB,0,68,2,221,2,10,0,303,,0,0,0.660066007,0.660066007,22.44224422,72.93729373,3.300330033
晩休堂逸集,1820,1902,1861,역대문집DB,0,27,11,76,5,7,0,126,,0,0,3.968253968,8.73015873,21.42857143,60.31746032,5.555555556
海閭先生文集,1822,1900,1861,역대문집DB,0,16,16,141,4,35,11,223,,4.932735426,0,1.793721973,7.174887892,7.174887892,63.22869955,15.69506726
晩休先生文集,1823,1900,1861,역대문집DB,15,41,48,25,3,0,1,133,,0.751879699,11.27819549,2.255639098,36.09022556,30.82706767,18.79699248,0
小隱文集,1823,1899,1861,역대문집DB,0,9,3,172,0,5,0,189,,0,0,0,1.587301587,4.761904762,91.00529101,2.645502646
竹圃集,1824,1898,1861,문집총간,16,43,21,100,5,28,34,247,1912,13.76518219,6.477732794,2.024291498,8.502024291,17.40890688,40.48582996,11.33603239
遇淵集,1825,1898,1861,역대문집DB,0,30,8,62,7,0,0,107,,0,0,6.542056075,7.476635514,28.03738318,57.94392523,0
錦溪集,1825,1898,1861,역대문집DB,10,5,7,99,12,17,2,152,,1.315789474,6.578947368,7.894736842,4.605263158,3.289473684,65.13157895,11.18421053
農隱遺集,1825,1898,1861,역대문집DB,0,4,1,74,4,1,0,84,,0,0,4.761904762,1.19047619,4.761904762,88.0952381,1.19047619
小溪文集,1826,1896,1861,역대문집DB,0,24,3,74,29,2,0,132,,0,0,21.96969697,2.272727273,18.18181818,56.06060606,1.515151515
小近齋集,1827,1895,1861,역대문집DB,0,8,0,234,0,0,0,242,,0,0,0,0,3.305785124,96.69421488,0
東湖遺稿,1830,1893,1861,문집총간,0,0,14,132,1,23,3,173,1899,1.734104046,0,0.578034682,8.092485549,0,76.30057803,13.29479769
泰廬文集,1831,1891,1861,역대문집DB,4,32,0,196,10,3,0,245,,0,1.632653061,4.081632653,0,13.06122449,80,1.224489796
橘下遺稿,1831,1891,1861,역대문집DB,0,29,5,141,0,2,0,177,,0,0,0,2.824858757,16.38418079,79.66101695,1.129943503
一齋文集,1832,1890,1861,역대문집DB,0,6,3,114,5,15,1,144,,0.694444444,0,3.472222222,2.083333333,4.166666667,79.16666667,10.41666667
直軒集,1837,1886,1861,역대문집DB,0,14,5,50,6,3,1,79,,1.265822785,0,7.594936709,6.329113924,17.72151899,63.29113924,3.797468354
竹圃遺稿,1838,1885,1861,역대문집DB,0,6,2,121,4,6,0,139,,0,0,2.877697842,1.438848921,4.316546763,87.05035971,4.316546763
松皐集,1839,1883,1861,역대문집DB,0,30,2,45,11,3,0,91,,0,0,12.08791209,2.197802198,32.96703297,49.45054945,3.296703297
立齋集,1818,1906,1862,역대문집DB,86,202,76,225,26,31,113,759,,14.88801054,11.33069829,3.425559947,10.01317523,26.61396574,29.64426877,4.084321476
楠溪文集,1827,1898,1862,역대문집DB,0,27,4,190,17,5,0,243,,0,0,6.995884774,1.646090535,11.11111111,78.18930041,2.057613169
華軒遺稿,1827,1898,1862,역대문집DB,1,7,2,305,3,11,0,329,,0,0.303951368,0.911854103,0.607902736,2.127659574,92.70516717,3.343465046
訥庵遺集,1828,1897,1862,역대문집DB,0,17,6,182,4,2,0,211,,0,0,1.895734597,2.843601896,8.056872038,86.25592417,0.947867299
東寮遺稿,1830,1894,1862,역대문집DB,0,14,6,159,3,4,1,187,,0.534759358,0,1.604278075,3.20855615,7.486631016,85.02673797,2.139037433
畏庵先生文集,1830,1895,1862,역대문집DB,0,22,3,71,9,0,0,105,,0,0,8.571428571,2.857142857,20.95238095,67.61904762,0
省齋集,1832,1893,1862,문집총간,4,579,52,100,41,155,28,959,1897,2.919708029,0.417101147,4.275286757,5.422314911,60.37539103,10.42752868,16.16266945
東塢遺稿,1832,1893,1862,역대문집DB,0,49,9,107,5,4,0,174,,0,0,2.873563218,5.172413793,28.16091954,61.49425287,2.298850575
小心亭文集,1832,1893,1862,역대문집DB,0,33,3,72,4,5,2,119,,1.680672269,0,3.361344538,2.521008403,27.73109244,60.50420168,4.201680672
逋庵文集,1825,1901,1863,역대문집DB,0,104,35,127,37,26,22,351,,6.267806268,0,10.54131054,9.971509972,29.62962963,36.18233618,7.407407407
秋溪遺稿,1825,1901,1863,역대문집DB,0,0,2,493,0,0,0,495,,0,0,0,0.404040404,0,99.5959596,0
?軒集,1826,1900,1863,역대문집DB,0,4,7,175,4,9,0,199,,0,0,2.010050251,3.51758794,2.010050251,87.93969849,4.522613065
澹屋集,1826,1900,1863,역대문집DB,0,13,9,134,7,11,18,192,,9.375,0,3.645833333,4.6875,6.770833333,69.79166667,5.729166667
西山集,1827,1899,1863,문집총간,1,623,23,152,52,25,111,987,1907,11.24620061,0.101317123,5.268490375,2.33029382,63.12056738,15.40020263,2.532928065
晩競窩文集,1828,1898,1863,역대문집DB,2,0,1,94,0,2,0,99,,0,2.02020202,0,1.01010101,0,94.94949495,2.02020202
龍山遺稿,1828,1898,1863,역대문집DB,1,44,14,197,7,6,1,270,,0.37037037,0.37037037,2.592592593,5.185185185,16.2962963,72.96296296,2.222222222
眉山集,1832,1894,1863,문집총간,50,38,76,429,39,63,38,733,1934,5.184174625,6.821282401,5.320600273,10.36834925,5.184174625,58.526603,8.594815825
仰慕齋文集,1832,1894,1863,역대문집DB,0,4,3,103,2,25,4,141,,2.836879433,0,1.418439716,2.127659574,2.836879433,73.04964539,17.73049645
南坡遺稿,1834,1892,1863,역대문집DB,0,8,3,34,1,5,0,51,,0,0,1.960784314,5.882352941,15.68627451,66.66666667,9.803921569
止雲集,1823,1906,1864,역대문집DB,0,51,28,261,8,46,14,408,,3.431372549,0,1.960784314,6.862745098,12.5,63.97058824,11.2745098
月皐集,1824,1904,1864,문집총간,0,394,37,371,28,57,62,949,1929,6.533192835,0,2.950474183,3.898840885,41.51738672,39.09378293,6.006322445
紫山遺稿,1824,1904,1864,역대문집DB,0,58,16,217,10,8,12,321,,3.738317757,0,3.115264798,4.984423676,18.06853583,67.60124611,2.492211838
芝樵文集,1825,1903,1864,역대문집DB,0,7,6,80,6,1,1,101,,0.99009901,0,5.940594059,5.940594059,6.930693069,79.20792079,0.99009901
明庵文集,1826,1903,1864,역대문집DB,0,0,2,50,0,7,0,59,,0,0,0,3.389830508,0,84.74576271,11.86440678
竹軒文集,1826,1902,1864,역대문집DB,4,3,6,243,3,14,0,273,,0,1.465201465,1.098901099,2.197802198,1.098901099,89.01098901,5.128205128
花史文集,1828,1900,1864,역대문집DB,0,21,2,116,3,10,0,152,,0,0,1.973684211,1.315789474,13.81578947,76.31578947,6.578947368
荷亭集,1829,1899,1864,문집총간,72,3,19,259,28,35,23,439,1916,5.239179954,16.40091116,6.378132118,4.328018223,0.683371298,58.9977221,7.972665148
訥菴遺稿,1829,1900,1864,역대문집DB,0,12,1,54,7,0,0,74,,0,0,9.459459459,1.351351351,16.21621622,72.97297297,0
紹巖遺稿,1830,1899,1864,역대문집DB,0,2,3,105,2,11,3,126,,2.380952381,0,1.587301587,2.380952381,1.587301587,83.33333333,8.73015873
直菴集,1835,1893,1864,역대문집DB,4,0,6,152,8,4,14,188,,7.446808511,2.127659574,4.255319149,3.191489362,0,80.85106383,2.127659574
林渠逸稿,1835,1893,1864,역대문집DB,3,18,2,67,2,0,0,92,,0,3.260869565,2.173913043,2.173913043,19.56521739,72.82608696,0
石帆遺稿,1835,1893,1864,역대문집DB,0,8,4,99,8,2,0,121,,0,0,6.611570248,3.305785124,6.611570248,81.81818182,1.652892562
芝南集附錄,1836,1892,1864,역대문집DB,0,25,11,109,0,16,19,180,,10.55555556,0,0,6.111111111,13.88888889,60.55555556,8.888888889
紫巖遺稿,1838,1891,1864,역대문집DB,0,24,1,47,0,0,0,72,,0,0,0,1.388888889,33.33333333,65.27777778,0
荷塘遺稿,1839,1890,1864,역대문집DB,0,11,2,80,3,0,0,96,,0,0,3.125,2.083333333,11.45833333,83.33333333,0
南岡遺集,1846,1883,1864,역대문집DB,0,14,3,43,8,23,1,92,,1.086956522,0,8.695652174,3.260869565,15.2173913,46.73913043,25
秋江先生遺稿,1846,1883,1864,역대문집DB,0,0,0,52,0,0,0,52,,0,0,0,0,0,100,0
海逸齋文集,1853,1876,1864,역대문집DB,0,5,7,39,0,7,0,58,,0,0,0,12.06896552,8.620689655,67.24137931,12.06896552
遊軒集,1823,1908,1865,문집총간,45,65,46,478,54,48,58,794,1925,7.304785894,5.667506297,6.801007557,5.793450882,8.186397985,60.20151134,6.04534005
臨齋集,1825,1905,1865,문집총간,1,354,47,132,25,46,29,634,1910,4.574132492,0.157728707,3.943217666,7.413249211,55.83596215,20.82018927,7.255520505
曉山集,1826,1904,1865,역대문집DB,1,44,10,542,16,15,9,637,,1.412872841,0.156985871,2.51177394,1.569858713,6.907378336,85.08634223,2.354788069
端溪先生文集,1827,1903,1865,역대문집DB,8,334,93,570,17,71,77,1170,,6.581196581,0.683760684,1.452991453,7.948717949,28.54700855,48.71794872,6.068376068
究庵文集,1828,1903,1865,역대문집DB,0,79,8,190,36,7,1,321,,0.31152648,0,11.21495327,2.492211838,24.6105919,59.19003115,2.180685358
愚軒文集,1829,1901,1865,역대문집DB,0,131,16,216,16,19,21,419,,5.011933174,0,3.818615752,3.818615752,31.26491647,51.55131265,4.534606205
一醒齋遺稿,1831,1900,1865,역대문집DB,0,40,2,102,3,7,0,154,,0,0,1.948051948,1.298701299,25.97402597,66.23376623,4.545454545
龍山文集,1834,1897,1865,역대문집DB,0,107,32,249,13,6,32,439,,7.28929385,0,2.961275626,7.28929385,24.37357631,56.71981777,1.366742597
遂初堂逸稿,1835,1895,1865,역대문집DB,0,57,7,35,18,0,0,117,,0,0,15.38461538,5.982905983,48.71794872,29.91452991,0
松菴集,1835,1895,1865,역대문집DB,0,19,1,47,12,7,0,86,,0,0,13.95348837,1.162790698,22.09302326,54.65116279,8.139534884
淵齋先生文集,1836,1895,1865,역대문집DB,34,403,175,261,41,210,321,1445,,22.21453287,2.352941176,2.837370242,12.11072664,27.88927336,18.06228374,14.53287197
江樵遺稿,1836,1895,1865,역대문집DB,0,9,9,123,3,2,0,146,,0,0,2.054794521,6.164383562,6.164383562,84.24657534,1.369863014
文稿,1843,1888,1865,역대문집DB,0,0,29,454,12,26,11,532,,2.067669173,0,2.255639098,5.45112782,0,85.33834586,4.887218045
華谷遺稿,1849,1881,1865,역대문집DB,0,5,5,171,0,3,0,184,,0,0,0,2.717391304,2.717391304,92.93478261,1.630434783
吃窩集,1824,1909,1866,역대문집DB,0,58,13,166,15,12,9,273,,3.296703297,0,5.494505495,4.761904762,21.24542125,60.80586081,4.395604396
是廬先生文集,1825,1908,1866,역대문집DB,7,167,64,635,40,46,32,991,,3.229061554,0.706357215,4.036326942,6.458123108,16.85166498,64.07669021,4.641775984
輸山文集,1827,1905,1866,역대문집DB,0,40,7,114,25,0,0,186,,0,0,13.44086022,3.76344086,21.50537634,61.29032258,0
泗隱文集,1827,1906,1866,역대문집DB,0,27,6,132,16,4,0,185,,0,0,8.648648649,3.243243243,14.59459459,71.35135135,2.162162162
岐軒文集,1829,1904,1866,역대문집DB,0,38,3,365,18,0,0,424,,0,0,4.245283019,0.70754717,8.962264151,86.08490566,0
蒼州文集,1833,1900,1866,역대문집DB,0,4,4,152,7,2,0,169,,0,0,4.142011834,2.366863905,2.366863905,89.9408284,1.183431953
栗山文集,1835,1897,1866,역대문집DB,0,29,8,76,8,14,2,137,,1.459854015,0,5.839416058,5.839416058,21.16788321,55.47445255,10.2189781
愼?齋遺稿,1836,1897,1866,역대문집DB,0,0,2,166,0,2,1,171,,0.584795322,0,0,1.169590643,0,97.07602339,1.169590643
修齋文集,1851,1882,1866,역대문집DB,0,31,2,97,1,12,2,145,,1.379310345,0,0.689655172,1.379310345,21.37931034,66.89655172,8.275862069
修齋集,1851,1882,1866,역대문집DB,0,31,2,97,0,6,11,147,,7.482993197,0,0,1.360544218,21.08843537,65.98639456,4.081632653
省齋遺稿,1827,1908,1867,역대문집DB,2,67,7,142,21,6,4,249,,1.606425703,0.803212851,8.43373494,2.81124498,26.90763052,57.02811245,2.409638554
直谷文集,1829,1905,1867,역대문집DB,0,14,4,411,11,11,0,451,,0,0,2.43902439,0.88691796,3.10421286,91.1308204,2.43902439
景齋集,1830,1905,1867,문집총간,1,79,26,127,7,58,5,303,1911,1.650165017,0.330033003,2.310231023,8.580858086,26.07260726,41.91419142,19.14191419
梨谷文集,1830,1904,1867,역대문집DB,0,30,8,124,12,9,6,189,,3.174603175,0,6.349206349,4.232804233,15.87301587,65.60846561,4.761904762
小流集,1831,1904,1867,역대문집DB,2,30,6,55,10,8,1,112,,0.892857143,1.785714286,8.928571429,5.357142857,26.78571429,49.10714286,7.142857143
誠菴集,1835,1899,1867,문집총간,14,225,28,326,23,56,21,693,1904,3.03030303,2.02020202,3.318903319,4.04040404,32.46753247,47.04184704,8.080808081
誠菴集,1835,1900,1867,역대문집DB,0,18,2,112,9,10,1,152,,0.657894737,0,5.921052632,1.315789474,11.84210526,73.68421053,6.578947368
徐孺子文集,1837,1897,1867,역대문집DB,0,0,3,228,0,3,0,234,,0,0,0,1.282051282,0,97.43589744,1.282051282
石菱集,1844,1890,1867,문집총간,8,4,23,0,2,71,22,130,1898,16.92307692,6.153846154,1.538461538,17.69230769,3.076923077,0,54.61538462
愛橘齋遺稿,1845,1889,1867,역대문집DB,0,19,3,92,3,3,0,120,,0,0,2.5,2.5,15.83333333,76.66666667,2.5
拓菴集,1825,1912,1868,문집총간,11,462,212,414,110,191,386,1786,1917,21.61254199,0.615901456,6.159014558,11.87010078,25.86786114,23.18029115,10.69428891
起菴文集,1830,1907,1868,역대문집DB,2,6,5,62,21,12,3,111,,2.702702703,1.801801802,18.91891892,4.504504505,5.405405405,55.85585586,10.81081081
龜溪遺稿,1831,1906,1868,역대문집DB,1,7,1,137,2,1,0,149,,0,0.67114094,1.342281879,0.67114094,4.697986577,91.94630872,0.67114094
?窩集,1832,1905,1868,역대문집DB,0,22,10,131,5,11,1,180,,0.555555556,0,2.777777778,5.555555556,12.22222222,72.77777778,6.111111111
后山集,1833,1904,1868,문집총간,0,416,44,367,23,106,67,1023,1909,6.549364614,0,2.248289345,4.301075269,40.66471163,35.87487781,10.36168133
睡鶴集,1834,1902,1868,역대문집DB,1,62,8,489,9,11,1,581,,0.17211704,0.17211704,1.549053356,1.376936317,10.67125645,84.16523236,1.893287435
希庵遺集,1838,1898,1868,역대문집DB,0,3,5,42,0,0,0,50,,0,0,0,10,6,84,0
松齋集,1838,1899,1868,역대문집DB,0,39,10,118,0,0,1,168,,0.595238095,0,0,5.952380952,23.21428571,70.23809524,0
石澗集,1839,1897,1868,문집총간,0,182,7,102,40,10,5,346,1916,1.445086705,0,11.56069364,2.023121387,52.60115607,29.47976879,2.89017341
兢齋集,1839,1897,1868,역대문집DB,0,84,8,88,9,4,2,195,,1.025641026,0,4.615384615,4.102564103,43.07692308,45.12820513,2.051282051
滄可遺稿,1840,1896,1868,역대문집DB,0,0,0,84,4,0,0,88,,0,0,4.545454545,0,0,95.45454545,0
響山文集,1842,1895,1868,역대문집DB,11,221,123,276,10,19,184,844,,21.80094787,1.303317536,1.184834123,14.57345972,26.18483412,32.7014218,2.251184834
素山遺稿,1842,1895,1868,역대문집DB,0,54,5,62,14,1,5,141,,3.546099291,0,9.929078014,3.546099291,38.29787234,43.97163121,0.709219858
聿修齋遺稿,1850,1886,1868,역대문집DB,0,35,4,55,4,4,1,103,,0.970873786,0,3.883495146,3.883495146,33.98058252,53.39805825,3.883495146
桂下遺稿,1851,1886,1868,역대문집DB,0,9,1,43,6,1,0,60,,0,0,10,1.666666667,15,71.66666667,1.666666667
敏窩先生文集,1826,1913,1869,역대문집DB,0,55,23,160,12,40,7,297,,2.356902357,0,4.04040404,7.744107744,18.51851852,53.87205387,13.46801347
勉菴集,1833,1906,1869,문집총간,29,958,177,326,20,204,442,2156,1909,20.50092764,1.345083488,0.927643785,8.209647495,44.43413729,15.12059369,9.461966605
管軒集,1836,1902,1869,역대문집DB,1,142,32,291,2,42,4,514,,0.778210117,0.194552529,0.389105058,6.225680934,27.62645914,56.61478599,8.171206226
晩求集,1837,1902,1869,문집총간,2,710,82,294,87,89,104,1368,1936,7.602339181,0.14619883,6.359649123,5.994152047,51.9005848,21.49122807,6.505847953
石梧文集,1837,1902,1869,역대문집DB,7,55,10,191,21,6,19,309,,6.148867314,2.265372168,6.796116505,3.236245955,17.79935275,61.81229773,1.941747573
晩求先生文集,1837,1902,1869,역대문집DB,2,633,86,358,81,61,106,1327,,7.987942728,0.150715901,6.103993971,6.480783723,47.70158252,26.97814619,4.596834966
蘭谷遺稿,1837,1901,1869,역대문집DB,0,1,3,87,2,1,1,95,,1.052631579,0,2.105263158,3.157894737,1.052631579,91.57894737,1.052631579
進溪集,1838,1900,1869,문집총간,0,194,28,74,14,14,13,337,1925,3.857566766,0,4.154302671,8.308605341,57.56676558,21.95845697,4.154302671
田潭文集,1838,1901,1869,역대문집DB,2,4,4,82,3,3,1,99,,1.01010101,2.02020202,3.03030303,4.04040404,4.04040404,82.82828283,3.03030303
進溪文集,1838,1900,1869,역대문집DB,0,156,23,75,11,12,12,289,,4.152249135,0,3.806228374,7.958477509,53.97923875,25.95155709,4.152249135
一石遺稿,1839,1900,1869,역대문집DB,0,0,11,514,2,19,5,551,,0.907441016,0,0.362976407,1.996370236,0,93.28493648,3.448275862
思復齋集,1840,1898,1869,문집총간,0,80,21,124,18,37,13,293,1903,4.436860068,0,6.14334471,7.167235495,27.30375427,42.32081911,12.62798635
思復齋先生文集,1840,1898,1869,역대문집DB,0,65,17,117,9,13,7,228,,3.070175439,0,3.947368421,7.456140351,28.50877193,51.31578947,5.701754386
晩愚遺集,1840,1898,1869,역대문집DB,0,3,1,55,4,1,0,64,,0,0,6.25,1.5625,4.6875,85.9375,1.5625
松厓集,1840,1898,1869,역대문집DB,0,28,5,75,11,0,0,119,,0,0,9.243697479,4.201680672,23.52941176,63.02521008,0
遁庵遺稿,1845,1894,1869,역대문집DB,0,20,4,39,3,20,0,86,,0,0,3.488372093,4.651162791,23.25581395,45.34883721,23.25581395
錦湖集,1853,1886,1869,역대문집DB,0,5,2,202,0,1,1,211,,0.473933649,0,0,0.947867299,2.369668246,95.73459716,0.473933649
由齋文集,1830,1910,1870,역대문집DB,0,108,40,275,46,19,18,506,,3.557312253,0,9.090909091,7.90513834,21.34387352,54.34782609,3.754940711
叢瑣,1834,1906,1870,문집총간,129,255,92,3781,63,201,0,4521,,0,2.853351029,1.393497014,2.03494802,5.640345056,83.63193984,4.445919044
淵齋集,1836,1905,1870,문집총간,33,502,161,261,56,218,319,1550,1907,20.58064516,2.129032258,3.612903226,10.38709677,32.38709677,16.83870968,14.06451613
?吾遺稿,1836,1904,1870,역대문집DB,4,20,17,63,0,14,6,124,,4.838709677,3.225806452,0,13.70967742,16.12903226,50.80645161,11.29032258
希覺堂遺稿,1839,1902,1870,역대문집DB,0,10,1,37,4,0,0,52,,0,0,7.692307692,1.923076923,19.23076923,71.15384615,0
敬菴逸稿,1839,1902,1870,역대문집DB,0,5,0,64,1,0,0,70,,0,0,1.428571429,0,7.142857143,91.42857143,0
海山遺集,1841,1900,1870,역대문집DB,0,44,9,147,7,170,0,377,,0,0,1.856763926,2.387267905,11.67108753,38.99204244,45.0928382
杜溪遺稿,1843,1897,1870,역대문집DB,0,6,0,122,3,4,0,135,,0,0,2.222222222,0,4.444444444,90.37037037,2.962962963
雲塢文集,1843,1898,1870,역대문집DB,0,30,1,74,8,1,0,114,,0,0,7.01754386,0.877192982,26.31578947,64.9122807,0.877192982
檀坡遺稿,1847,1893,1870,역대문집DB,0,10,12,138,2,1,0,163,,0,0,1.226993865,7.36196319,6.134969325,84.66257669,0.613496933
熊溪遺集,1856,1884,1870,역대문집DB,0,0,3,655,1,2,8,669,,1.195814649,0,0.149476831,0.448430493,0,97.90732436,0.298953662
西扉文集,1832,1911,1871,역대문집DB,0,24,8,95,3,4,2,136,,1.470588235,0,2.205882353,5.882352941,17.64705882,69.85294118,2.941176471
渭?集,1832,1911,1871,역대문집DB,0,33,18,216,6,15,5,293,,1.706484642,0,2.04778157,6.14334471,11.26279863,73.72013652,5.119453925
鶴南集,1833,1910,1871,역대문집DB,0,37,16,115,18,15,10,211,,4.739336493,0,8.530805687,7.582938389,17.53554502,54.50236967,7.109004739
舫山集,1836,1907,1871,문집총간,2,213,86,711,36,87,73,1208,1910,6.043046358,0.165562914,2.98013245,7.119205298,17.63245033,58.85761589,7.201986755
舫山先生文集,1836,1907,1871,역대문집DB,2,181,95,787,24,56,74,1219,,6.070549631,0.164068909,1.968826907,7.793273175,14.84823626,64.56111567,4.59392945
春灘文集,1838,1904,1871,역대문집DB,0,4,8,211,9,10,15,257,,5.836575875,0,3.501945525,3.112840467,1.556420233,82.10116732,3.891050584
常岡文集,1839,1904,1871,역대문집DB,0,27,14,107,12,14,0,174,,0,0,6.896551724,8.045977011,15.51724138,61.49425287,8.045977011
錦南文集,1840,1903,1871,역대문집DB,3,17,9,215,17,10,6,277,,2.166064982,1.083032491,6.137184116,3.249097473,6.137184116,77.61732852,3.610108303
芹溪集,1840,1903,1871,역대문집DB,0,66,8,82,17,4,26,203,,12.80788177,0,8.374384236,3.9408867,32.51231527,40.39408867,1.97044335
靜存軒文集,1846,1896,1871,역대문집DB,0,10,1,30,8,2,1,52,,1.923076923,0,15.38461538,1.923076923,19.23076923,57.69230769,3.846153846
春軒集,1848,1895,1871,역대문집DB,0,60,45,214,4,23,55,401,,13.71571072,0,0.997506234,11.22194514,14.96259352,53.36658354,5.735660848
川后遺集,1853,1889,1871,역대문집DB,0,32,6,341,7,6,5,397,,1.259445844,0,1.763224181,1.511335013,8.060453401,85.89420655,1.511335013
兼山先生文集,1831,1913,1872,역대문집DB,0,72,17,125,10,28,5,257,,1.945525292,0,3.891050584,6.614785992,28.0155642,48.6381323,10.89494163
好古齋文集,1834,1910,1872,역대문집DB,0,11,21,315,10,3,1,361,,0.27700831,0,2.770083102,5.817174515,3.047091413,87.25761773,0.831024931
石下先生文集,1834,1911,1872,역대문집DB,0,21,28,306,5,26,9,395,,2.278481013,0,1.265822785,7.088607595,5.316455696,77.46835443,6.582278481
下山文集,1834,1911,1872,역대문집DB,0,94,33,140,34,14,14,329,,4.255319149,0,10.3343465,10.03039514,28.57142857,42.55319149,4.255319149
梅史集,1835,1910,1872,역대문집DB,0,57,7,417,24,6,1,512,,0.1953125,0,4.6875,1.3671875,11.1328125,81.4453125,1.171875
曉山集,1837,1908,1872,문집총간,3,105,18,344,43,25,20,558,,3.584229391,0.537634409,7.70609319,3.225806452,18.8172043,61.64874552,4.480286738
一悔軒集,1838,1906,1872,역대문집DB,0,69,18,197,9,14,1,308,,0.324675325,0,2.922077922,5.844155844,22.4025974,63.96103896,4.545454545
遯庵遺稿,1839,1905,1872,역대문집DB,0,0,1,71,0,0,0,72,,0,0,0,1.388888889,0,98.61111111,0
愚?遺稿,1840,1905,1872,역대문집DB,0,45,7,112,21,3,1,189,,0.529100529,0,11.11111111,3.703703704,23.80952381,59.25925926,1.587301587
涵齋文集,1840,1904,1872,역대문집DB,0,45,4,174,14,23,2,262,,0.763358779,0,5.34351145,1.526717557,17.17557252,66.41221374,8.778625954
蓮坡集,1842,1903,1872,역대문집DB,1,32,13,154,6,21,5,232,,2.155172414,0.431034483,2.586206897,5.603448276,13.79310345,66.37931034,9.051724138
松谷遺稿,1844,1900,1872,역대문집DB,2,25,1,177,7,1,8,221,,3.619909502,0.904977376,3.167420814,0.452488688,11.31221719,80.09049774,0.452488688
臺隱遺稿,1835,1912,1873,역대문집DB,0,4,8,107,0,1,1,121,,0.826446281,0,0,6.611570248,3.305785124,88.42975207,0.826446281
茅屋遺稿,1836,1911,1873,역대문집DB,0,0,2,137,0,0,0,139,,0,0,0,1.438848921,0,98.56115108,0
紫峯集,1840,1906,1873,역대문집DB,0,66,21,50,20,10,1,168,,0.595238095,0,11.9047619,12.5,39.28571429,29.76190476,5.952380952
絅菴遺稿,1841,1905,1873,역대문집DB,0,41,15,133,21,11,2,223,,0.896860987,0,9.417040359,6.726457399,18.38565022,59.64125561,4.932735426
蓮溪文集,1842,1905,1873,역대문집DB,0,10,10,112,8,5,0,145,,0,0,5.517241379,6.896551724,6.896551724,77.24137931,3.448275862
山村文集,1842,1904,1873,역대문집DB,0,40,24,208,0,14,0,286,,0,0,0,8.391608392,13.98601399,72.72727273,4.895104895
芝圃遺稿,1842,1904,1873,역대문집DB,0,0,4,174,0,1,0,179,,0,0,0,2.234636872,0,97.20670391,0.558659218
栗齋集,1849,1898,1873,역대문집DB,0,22,11,145,3,6,9,196,,4.591836735,0,1.530612245,5.612244898,11.2244898,73.97959184,3.06122449
梧山遺稿,1851,1895,1873,역대문집DB,0,4,3,107,2,3,1,120,,0.833333333,0,1.666666667,2.5,3.333333333,89.16666667,2.5
九山集,1851,1895,1873,역대문집DB,0,32,0,28,0,0,0,60,,0,0,0,0,53.33333333,46.66666667,0
思省齋遺稿,1863,1884,1873,역대문집DB,0,14,8,27,0,5,0,54,,0,0,0,14.81481481,25.92592593,50,9.259259259
四而齋逸稿,1835,1913,1874,역대문집DB,0,3,2,60,1,2,1,69,,1.449275362,0,1.449275362,2.898550725,4.347826087,86.95652174,2.898550725
無貳齋集,1836,1912,1874,역대문집DB,1,44,11,116,18,5,1,196,,0.510204082,0.510204082,9.183673469,5.612244898,22.44897959,59.18367347,2.551020408
南洲文集,1836,1913,1874,역대문집DB,0,58,17,315,42,11,3,446,,0.67264574,0,9.417040359,3.811659193,13.0044843,70.62780269,2.466367713
芳洲集,1838,1911,1874,역대문집DB,0,43,5,115,5,6,5,179,,2.793296089,0,2.793296089,2.793296089,24.02234637,64.24581006,3.351955307
悔?文集,1838,1910,1874,역대문집DB,0,2,0,140,0,8,0,150,,0,0,0,0,1.333333333,93.33333333,5.333333333
芝岡文集,1838,1911,1874,역대문집DB,0,44,2,98,1,3,1,149,,0.67114094,0,0.67114094,1.342281879,29.53020134,65.77181208,2.013422819
武山遺集,1840,1908,1874,역대문집DB,0,83,15,135,12,13,12,270,,4.444444444,0,4.444444444,5.555555556,30.74074074,50,4.814814815
石荷集,1841,1907,1874,역대문집DB,48,99,44,378,0,11,6,586,,1.023890785,8.19112628,0,7.508532423,16.89419795,64.50511945,1.877133106
梧泉實記,1843,1905,1874,역대문집DB,40,3,2,7,1,1,3,57,,5.263157895,70.1754386,1.754385965,3.50877193,5.263157895,12.28070175,1.754385965
廣川集,1845,1904,1874,역대문집DB,0,14,4,83,6,9,0,116,,0,0,5.172413793,3.448275862,12.06896552,71.55172414,7.75862069
恁堂集,1845,1903,1874,역대문집DB,15,13,8,179,7,14,0,236,,0,6.355932203,2.966101695,3.389830508,5.508474576,75.84745763,5.93220339
蓉洲遺稿,1847,1901,1874,역대문집DB,0,8,8,222,0,1,0,239,,0,0,0,3.347280335,3.347280335,92.88702929,0.418410042
鶴山文集,1848,1900,1874,역대문집DB,0,47,21,274,6,14,11,373,,2.949061662,0,1.608579088,5.63002681,12.60053619,73.45844504,3.753351206
慕窩遺稿,1848,1900,1874,역대문집DB,0,8,0,34,12,0,0,54,,0,0,22.22222222,0,14.81481481,62.96296296,0
敬堂遺稿,1853,1895,1874,역대문집DB,0,13,9,32,4,13,4,75,,5.333333333,0,5.333333333,12,17.33333333,42.66666667,17.33333333
巖下遺稿,1833,1917,1875,역대문집DB,0,27,6,32,6,0,2,73,,2.739726027,0,8.219178082,8.219178082,36.98630137,43.83561644,0
恒齋文集,1838,1912,1875,역대문집DB,0,55,26,124,25,25,6,261,,2.298850575,0,9.578544061,9.961685824,21.07279693,47.50957854,9.578544061
溪湄遺稿,1838,1912,1875,역대문집DB,0,17,6,70,14,5,0,112,,0,0,12.5,5.357142857,15.17857143,62.5,4.464285714
樂山遺稿,1838,1912,1875,역대문집DB,0,7,1,81,0,6,0,95,,0,0,0,1.052631579,7.368421053,85.26315789,6.315789474
心石齋集,1839,1912,1875,문집총간,1,357,84,525,21,211,215,1414,1912,15.20509194,0.070721358,1.485148515,5.940594059,25.24752475,37.12871287,14.92220651
訥齋集,1839,1911,1875,역대문집DB,1,17,1,113,8,11,2,153,,1.307189542,0.653594771,5.22875817,0.653594771,11.11111111,73.85620915,7.189542484
心石齋先生文集,1839,1912,1875,역대문집DB,1,289,88,557,16,140,227,1318,,17.22306525,0.075872534,1.213960546,6.676783005,21.92716237,42.26100152,10.62215478
澹園遺稿,1839,1912,1875,역대문집DB,0,11,0,69,5,0,0,85,,0,0,5.882352941,0,12.94117647,81.17647059,0
石松堂遺稿,1840,1911,1875,역대문집DB,0,7,2,178,21,1,0,209,,0,0,10.04784689,0.956937799,3.349282297,85.16746411,0.4784689
石亭集,1841,1910,1875,역대문집DB,27,6,13,281,1,18,0,346,,0,7.803468208,0.289017341,3.757225434,1.734104046,81.21387283,5.202312139
農雲遺稿,1842,1909,1875,역대문집DB,1,98,15,375,0,0,5,494,,1.012145749,0.20242915,0,3.036437247,19.83805668,75.91093117,0
羅圃文集,1843,1907,1875,역대문집DB,0,9,5,74,3,5,5,101,,4.95049505,0,2.97029703,4.95049505,8.910891089,73.26732673,4.95049505
心窩遺稿,1844,1907,1875,역대문집DB,0,27,3,67,12,3,3,115,,2.608695652,0,10.43478261,2.608695652,23.47826087,58.26086957,2.608695652
夢窩集,1844,1906,1875,역대문집DB,0,4,1,51,0,0,0,56,,0,0,0,1.785714286,7.142857143,91.07142857,0
農山集,1850,1900,1875,문집총간,0,154,34,95,22,66,42,413,,10.16949153,0,5.326876513,8.232445521,37.28813559,23.00242131,15.98062954
尼山集,1850,1900,1875,역대문집DB,0,35,1,149,14,5,2,206,,0.970873786,0,6.796116505,0.485436893,16.99029126,72.33009709,2.427184466
月塘文集,1851,1899,1875,역대문집DB,0,26,4,221,10,5,0,266,,0,0,3.759398496,1.503759398,9.77443609,83.08270677,1.879699248
明美堂集,1852,1898,1875,문집총간,8,12,38,440,23,55,53,629,1917,8.426073132,1.271860095,3.656597774,6.041335453,1.907790143,69.95230525,8.744038156
?山文集,1854,1896,1875,역대문집DB,0,14,13,265,14,26,7,339,,2.064896755,0,4.12979351,3.83480826,4.12979351,78.17109145,7.669616519
兪先生遺稿,1841,1911,1876,역대문집DB,2,21,4,264,0,13,4,308,,1.298701299,0.649350649,0,1.298701299,6.818181818,85.71428571,4.220779221
六有齋遺稿,1841,1912,1876,역대문집DB,0,64,10,107,4,5,4,194,,2.06185567,0,2.06185567,5.154639175,32.98969072,55.15463918,2.577319588
響山集,1842,1910,1876,문집총간,11,269,87,218,31,57,182,855,1948,21.28654971,1.286549708,3.625730994,10.1754386,31.4619883,25.49707602,6.666666667
杏山遺稿,1842,1910,1876,역대문집DB,3,29,1,69,34,1,0,137,,0,2.189781022,24.81751825,0.729927007,21.16788321,50.3649635,0.729927007
警堂遺稿,1842,1911,1876,역대문집DB,0,31,12,137,4,21,7,212,,3.301886792,0,1.886792453,5.660377358,14.62264151,64.62264151,9.905660377
小松遺稿,1843,1910,1876,역대문집DB,1,9,1,51,1,0,2,65,,3.076923077,1.538461538,1.538461538,1.538461538,13.84615385,78.46153846,0
春坡遺稿,1843,1910,1876,역대문집DB,0,91,4,133,4,4,4,240,,1.666666667,0,1.666666667,1.666666667,37.91666667,55.41666667,1.666666667
無貳齋集,1843,1910,1876,역대문집DB,0,0,2,53,0,0,0,55,,0,0,0,3.636363636,0,96.36363636,0
蘭谷遺稿,1844,1908,1876,역대문집DB,0,0,6,343,3,3,4,359,,1.114206128,0,0.835654596,1.671309192,0,95.54317549,0.835654596
兼山集,1846,1906,1876,역대문집DB,3,7,5,157,1,7,4,184,,2.173913043,1.630434783,0.543478261,2.717391304,3.804347826,85.32608696,3.804347826
復菴集,1850,1903,1876,역대문집DB,1,118,17,54,9,5,5,209,,2.392344498,0.4784689,4.306220096,8.133971292,56.45933014,25.83732057,2.392344498
仁山先生文集,1852,1900,1876,역대문집DB,0,27,3,140,7,0,0,177,,0,0,3.95480226,1.694915254,15.25423729,79.0960452,0
松下集,1854,1898,1876,역대문집DB,0,99,3,54,7,0,3,166,,1.807228916,0,4.21686747,1.807228916,59.63855422,32.53012048,0
莊庵文集,1857,1896,1876,역대문집DB,1,81,10,94,16,8,9,219,,4.109589041,0.456621005,7.305936073,4.566210046,36.98630137,42.92237443,3.652968037
拙軒遺稿,1836,1918,1877,역대문집DB,0,24,10,596,4,31,2,667,,0.299850075,0,0.59970015,1.499250375,3.5982009,89.35532234,4.647676162
敬勝齋集,1838,1916,1877,역대문집DB,0,101,5,163,7,5,4,285,,1.403508772,0,2.456140351,1.754385965,35.43859649,57.19298246,1.754385965
老柏軒集,1843,1911,1877,문집총간,0,959,108,397,55,197,182,1898,1912,9.589041096,0,2.897787144,5.690200211,50.52687039,20.91675448,10.37934668
遜窩集,1844,1911,1877,역대문집DB,0,4,1,42,1,3,3,54,,5.555555556,0,1.851851852,1.851851852,7.407407407,77.77777778,5.555555556
山石集,1844,1910,1877,역대문집DB,0,36,34,197,9,13,5,294,,1.700680272,0,3.06122449,11.56462585,12.24489796,67.00680272,4.421768707
訥窩遺稿,1845,1909,1877,역대문집DB,0,180,42,77,24,43,35,401,,8.728179551,0,5.985037406,10.47381546,44.88778055,19.20199501,10.72319202
日新齋集,1845,1910,1877,역대문집DB,0,385,51,174,40,92,111,853,,13.01289566,0,4.68933177,5.978898007,45.13481829,20.3985932,10.78546307
?菴文集,1845,1910,1877,역대문집DB,1,10,9,32,13,9,2,76,,2.631578947,1.315789474,17.10526316,11.84210526,13.15789474,42.10526316,11.84210526
東湄遺稿,1849,1906,1877,역대문집DB,0,1,4,353,1,4,2,365,,0.547945205,0,0.273972603,1.095890411,0.273972603,96.71232877,1.095890411
湖隱遺稿,1852,1903,1877,역대문집DB,0,25,5,87,9,0,0,126,,0,0,7.142857143,3.968253968,19.84126984,69.04761905,0
圃雲遺集,1852,1903,1877,역대문집DB,1,30,5,48,3,5,6,98,,6.12244898,1.020408163,3.06122449,5.102040816,30.6122449,48.97959184,5.102040816
正齋遺稿,1854,1900,1877,역대문집DB,0,7,2,157,0,0,0,166,,0,0,0,1.204819277,4.21686747,94.57831325,0
儉廬遺稿,1857,1898,1877,역대문집DB,0,8,7,27,8,0,0,50,,0,0,16,14,16,54,0
震山遺稿,1858,1896,1877,역대문집DB,0,2,0,82,3,0,0,87,,0,0,3.448275862,0,2.298850575,94.25287356,0
愼菴遺稿,1859,1895,1877,역대문집DB,0,15,13,218,0,12,0,258,,0,0,0,5.03875969,5.813953488,84.49612403,4.651162791
雲養集,1835,1922,1878,문집총간,43,60,169,1232,53,112,45,1714,1930,2.625437573,2.508751459,3.09218203,9.859976663,3.500583431,71.87864644,6.534422404
小峰集,1839,1917,1878,역대문집DB,0,11,5,82,5,9,9,121,,7.438016529,0,4.132231405,4.132231405,9.090909091,67.76859504,7.438016529
思竹集,1839,1917,1878,역대문집DB,3,5,0,133,20,1,0,162,,0,1.851851852,12.34567901,0,3.086419753,82.09876543,0.617283951
毅菴集,1842,1915,1878,문집총간,5,905,102,683,36,395,76,2202,1917,3.451407811,0.227066303,1.634877384,4.632152589,41.09900091,31.01725704,17.93823797
白雲亭文集,1842,1915,1878,역대문집DB,0,26,15,87,6,6,6,146,,4.109589041,0,4.109589041,10.2739726,17.80821918,59.5890411,4.109589041
晦磵文集,1843,1914,1878,역대문집DB,0,46,12,82,24,6,1,171,,0.584795322,0,14.03508772,7.01754386,26.9005848,47.95321637,3.50877193
琴愚集,1843,1914,1878,역대문집DB,0,29,2,76,4,0,0,111,,0,0,3.603603604,1.801801802,26.12612613,68.46846847,0
稼隱逸集,1843,1914,1878,역대문집DB,0,10,1,41,3,5,0,60,,0,0,5,1.666666667,16.66666667,68.33333333,8.333333333
暘谷集,1843,1913,1878,역대문집DB,0,0,0,84,27,0,0,111,,0,0,24.32432432,0,0,75.67567568,0
海史集,1846,1911,1878,역대문집DB,14,20,30,259,11,25,21,380,,5.526315789,3.684210526,2.894736842,7.894736842,5.263157895,68.15789474,6.578947368
敬齋遺稿,1847,1909,1878,역대문집DB,0,8,0,114,0,0,0,122,,0,0,0,0,6.557377049,93.44262295,0
梅下遺稿,1847,1909,1878,역대문집DB,0,25,7,34,4,8,4,82,,4.87804878,0,4.87804878,8.536585366,30.48780488,41.46341463,9.756097561
李海鶴遺書,1848,1909,1878,문집총간,4,27,20,170,3,36,6,266,,2.255639098,1.503759398,1.127819549,7.518796992,10.15037594,63.90977444,13.53383459
聽溪遺集,1849,1907,1878,역대문집DB,0,0,2,65,0,0,0,67,,0,0,0,2.985074627,0,97.01492537,0
松窩集,1850,1907,1878,역대문집DB,0,45,5,29,7,0,2,88,,2.272727273,0,7.954545455,5.681818182,51.13636364,32.95454545,0
守可齋遺稿,1851,1906,1878,역대문집DB,0,25,1,121,2,5,0,154,,0,0,1.298701299,0.649350649,16.23376623,78.57142857,3.246753247
晦谷遺集,1856,1901,1878,역대문집DB,0,5,1,81,4,2,2,95,,2.105263158,0,4.210526316,1.052631579,5.263157895,85.26315789,2.105263158
僑齋集,1857,1899,1878,역대문집DB,0,57,5,154,11,11,0,238,,0,0,4.621848739,2.100840336,23.94957983,64.70588235,4.621848739
錦溪集,1840,1918,1879,역대문집DB,1,251,9,344,30,28,44,707,,6.223479491,0.141442716,4.243281471,1.272984441,35.50212164,48.6562942,3.96039604
白愚齋文集,1841,1918,1879,역대문집DB,1,2,10,239,0,2,2,256,,0.78125,0.390625,0,3.90625,0.78125,93.359375,0.78125
竹潭集,1842,1917,1879,역대문집DB,0,15,9,201,7,4,6,242,,2.479338843,0,2.892561983,3.719008264,6.198347107,83.05785124,1.652892562
竹菴集,1842,1916,1879,역대문집DB,0,0,1,149,1,0,1,152,,0.657894737,0,0.657894737,0.657894737,0,98.02631579,0
難窩遺稿,1843,1915,1879,역대문집DB,2,104,81,555,0,79,108,929,,11.62540366,0.215285253,0,8.719052745,11.19483315,59.7416577,8.503767492
南川集,1843,1916,1879,역대문집DB,0,155,42,310,11,27,17,562,,3.024911032,0,1.957295374,7.473309609,27.58007117,55.16014235,4.804270463
?窩遺稿,1845,1914,1879,역대문집DB,3,4,16,132,3,5,0,163,,0,1.840490798,1.840490798,9.81595092,2.45398773,80.98159509,3.067484663
東亭遺稿,1851,1908,1879,역대문집DB,0,107,5,32,8,8,9,169,,5.325443787,0,4.733727811,2.958579882,63.31360947,18.93491124,4.733727811
晩山遺稿,1853,1906,1879,역대문집DB,0,23,5,38,5,2,3,76,,3.947368421,0,6.578947368,6.578947368,30.26315789,50,2.631578947
晩松遺稿,1842,1919,1880,역대문집DB,1,19,4,49,1,24,0,98,,0,1.020408163,1.020408163,4.081632653,19.3877551,50,24.48979592
?窩逸稿,1845,1916,1880,역대문집DB,0,21,1,35,9,0,4,70,,5.714285714,0,12.85714286,1.428571429,30,50,0
東厓集,1846,1914,1880,역대문집DB,0,20,3,163,12,5,24,227,,10.57268722,0,5.286343612,1.321585903,8.810572687,71.8061674,2.202643172
息軒集,1846,1915,1880,역대문집DB,0,60,12,30,9,4,6,121,,4.958677686,0,7.438016529,9.917355372,49.58677686,24.79338843,3.305785124
日峰遺稿,1846,1914,1880,역대문집DB,1,50,11,370,7,10,4,453,,0.883002208,0.220750552,1.545253863,2.428256071,11.03752759,81.67770419,2.207505519
一軒遺稿,1847,1913,1880,역대문집DB,1,36,24,205,13,20,8,307,,2.605863192,0.325732899,4.234527687,7.817589577,11.72638436,66.7752443,6.51465798
慕隱遺稿,1850,1910,1880,역대문집DB,0,0,1,339,0,0,14,354,,3.95480226,0,0,0.282485876,0,95.76271186,0
復菴私集,1850,1911,1880,역대문집DB,8,62,1,1447,0,0,0,1518,,0,0.527009223,0,0.065876153,4.084321476,95.32279315,0
陽園遺集,1851,1909,1880,문집총간,78,23,74,280,21,117,40,633,,6.319115324,12.32227488,3.317535545,11.69036335,3.633491311,44.23380727,18.48341232
印東遺集,1851,1909,1880,역대문집DB,0,5,6,81,11,1,1,105,,0.952380952,0,10.47619048,5.714285714,4.761904762,77.14285714,0.952380952
遠齋遺稿,1851,1909,1880,역대문집DB,0,39,10,130,14,4,5,202,,2.475247525,0,6.930693069,4.95049505,19.30693069,64.35643564,1.98019802
山樵集,1851,1909,1880,역대문집DB,0,73,8,410,21,14,3,529,,0.56710775,0,3.969754253,1.512287335,13.79962193,77.5047259,2.646502836
晦山先生文集,1854,1906,1880,역대문집DB,0,32,3,88,5,5,0,133,,0,0,3.759398496,2.255639098,24.06015038,66.16541353,3.759398496
某堂集,1859,1902,1880,역대문집DB,2,16,2,62,8,3,0,93,,0,2.150537634,8.602150538,2.150537634,17.20430108,66.66666667,3.225806452
道陽集,1862,1898,1880,역대문집DB,0,23,8,135,0,11,0,177,,0,0,0,4.519774011,12.99435028,76.27118644,6.214689266
鈍菴遺稿,1863,1898,1880,역대문집DB,0,109,0,53,5,1,0,168,,0,0,2.976190476,0,64.88095238,31.54761905,0.595238095
洛陰遺稿,1864,1896,1880,역대문집DB,17,15,6,407,8,5,0,458,,0,3.711790393,1.746724891,1.310043668,3.27510917,88.86462882,1.091703057
夷南文集,1840,1923,1881,역대문집DB,0,29,8,118,9,32,30,226,,13.27433628,0,3.982300885,3.539823009,12.83185841,52.21238938,14.15929204
艮齋集,1841,1922,1881,문집총간,3,2503,284,1829,70,679,83,5451,1927,1.522656393,0.055035773,1.284168043,5.210053201,45.91818015,33.55347643,12.45643001
鶴山文集,1841,1921,1881,역대문집DB,2,69,21,341,24,35,23,515,,4.466019417,0.388349515,4.660194175,4.077669903,13.39805825,66.21359223,6.796116505
少滄遺稿,1843,1919,1881,역대문집DB,0,0,0,56,0,0,0,56,,0,0,0,0,0,100,0
恒窩集,1843,1920,1881,역대문집DB,0,46,13,217,5,10,0,291,,0,0,1.718213058,4.467353952,15.80756014,74.57044674,3.436426117
悔窩遺稿,1843,1920,1881,역대문집DB,0,1,6,154,1,3,1,166,,0.602409639,0,0.602409639,3.614457831,0.602409639,92.77108434,1.807228916
松潭遺稿,1844,1918,1881,역대문집DB,0,10,0,46,5,0,0,61,,0,0,8.196721311,0,16.39344262,75.40983607,0
松沙集,1846,1916,1881,문집총간,5,1035,413,209,53,736,1041,3492,1931,29.81099656,0.143184422,1.517754868,11.82703322,29.63917526,5.98510882,21.07674685
松沙先生文集,1846,1916,1881,역대문집DB,3,802,426,262,44,469,1066,3072,,34.70052083,0.09765625,1.432291667,13.8671875,26.10677083,8.528645833,15.26692708
枕山文集,1846,1917,1881,역대문집DB,0,24,1,94,18,32,4,173,,2.312138728,0,10.40462428,0.578034682,13.87283237,54.33526012,18.49710983
大溪集,1847,1916,1881,문집총간,7,878,82,471,86,123,67,1714,1927,3.908984831,0.4084014,5.017502917,4.784130688,51.2252042,27.47957993,7.176196033
海初集,1848,1915,1881,역대문집DB,0,18,5,2044,16,24,6,2113,,0.28395646,0,0.757217227,0.236630383,0.85186938,96.73450071,1.13582584
霞山遺稿,1852,1911,1881,역대문집DB,0,11,9,164,3,0,0,187,,0,0,1.604278075,4.812834225,5.882352941,87.70053476,0
修堂遺集,1855,1907,1881,문집총간,39,84,52,109,30,107,51,472,,10.80508475,8.262711864,6.355932203,11.01694915,17.79661017,23.09322034,22.66949153
西坡先生文集,1841,1924,1882,역대문집DB,4,233,131,364,43,69,189,1033,,18.29622459,0.387221684,4.162633107,12.68151016,22.55566312,35.23717328,6.679574056
果齋文集,1841,1923,1882,역대문집DB,12,51,56,271,15,94,98,597,,16.41541039,2.010050251,2.512562814,9.380234506,8.542713568,45.39363484,15.74539363
後凋先生文集,1842,1922,1882,역대문집DB,0,91,21,38,20,12,14,196,,7.142857143,0,10.20408163,10.71428571,46.42857143,19.3877551,6.12244898
貞齋集,1843,1921,1882,역대문집DB,6,41,44,186,14,24,13,328,,3.963414634,1.829268293,4.268292683,13.41463415,12.5,56.70731707,7.317073171
晩翠集,1844,1921,1882,역대문집DB,0,12,1,117,6,0,1,137,,0.729927007,0,4.379562044,0.729927007,8.759124088,85.40145985,0
潁濱遺稿,1844,1921,1882,역대문집DB,6,13,23,238,3,57,7,347,,2.017291066,1.729106628,0.864553314,6.628242075,3.746397695,68.58789625,16.42651297
俛宇集,1846,1919,1882,문집총간,25,3583,183,1092,69,363,373,5688,1925,6.55766526,0.4395218,1.213080169,3.217299578,62.99226442,19.19831224,6.38185654
竹史集,1847,1918,1882,역대문집DB,0,18,2,100,9,10,2,141,,1.418439716,0,6.382978723,1.418439716,12.76595745,70.92198582,7.092198582
尼谷集,1848,1916,1882,역대문집DB,0,31,2,223,1,3,0,260,,0,0,0.384615385,0.769230769,11.92307692,85.76923077,1.153846154
小溪遺稿,1850,1915,1882,역대문집DB,0,43,7,153,14,9,4,230,,1.739130435,0,6.086956522,3.043478261,18.69565217,66.52173913,3.913043478
石愚文集,1851,1913,1882,역대문집DB,0,40,12,113,14,4,6,189,,3.174603175,0,7.407407407,6.349206349,21.16402116,59.78835979,2.116402116
竹塢集,1852,1913,1882,역대문집DB,0,18,7,304,6,3,2,340,,0.588235294,0,1.764705882,2.058823529,5.294117647,89.41176471,0.882352941
忍菴遺稿,1852,1912,1882,역대문집DB,0,2,12,170,2,16,0,202,,0,0,0.99009901,5.940594059,0.99009901,84.15841584,7.920792079
顧堂集,1853,1912,1882,역대문집DB,9,32,14,227,10,5,3,300,,1,3,3.333333333,4.666666667,10.66666667,75.66666667,1.666666667
錦坡遺稿,1853,1912,1882,역대문집DB,0,0,5,132,0,0,1,138,,0.724637681,0,0,3.623188406,0,95.65217391,0
梅泉集,1855,1910,1882,문집총간,1,21,20,436,9,46,18,551,1913,3.266787659,0.181488203,1.633393829,3.629764065,3.811252269,79.12885662,8.34845735
勇菴遺稿,1857,1907,1882,역대문집DB,0,153,8,91,10,10,0,272,,0,0,3.676470588,2.941176471,56.25,33.45588235,3.676470588
普山先生遺稿,1858,1907,1882,역대문집DB,0,107,7,19,5,5,0,143,,0,0,3.496503497,4.895104895,74.82517483,13.28671329,3.496503497
鳳岡集,1861,1904,1882,역대문집DB,0,23,3,16,9,2,1,54,,1.851851852,0,16.66666667,5.555555556,42.59259259,29.62962963,3.703703704
潁水全集,1841,1925,1883,역대문집DB,0,75,5,56,11,2,3,152,,1.973684211,0,7.236842105,3.289473684,49.34210526,36.84210526,1.315789474
持菴遺稿,1841,1926,1883,역대문집DB,0,511,30,127,44,58,15,785,,1.910828025,0,5.605095541,3.821656051,65.0955414,16.17834395,7.388535032
艮窩文集,1843,1923,1883,역대문집DB,0,123,14,214,21,30,10,412,,2.427184466,0,5.097087379,3.398058252,29.85436893,51.94174757,7.281553398
蘭室遺稿,1845,1922,1883,역대문집DB,0,9,13,402,1,13,7,445,,1.573033708,0,0.224719101,2.921348315,2.02247191,90.33707865,2.921348315
碧棲遺稿,1846,1920,1883,역대문집DB,0,51,24,474,11,19,7,586,,1.194539249,0,1.877133106,4.09556314,8.703071672,80.88737201,3.242320819
志齋集,1846,1921,1883,역대문집DB,7,57,7,107,1,5,2,186,,1.075268817,3.76344086,0.537634409,3.76344086,30.64516129,57.52688172,2.688172043
三素遺稿,1846,1920,1883,역대문집DB,0,30,16,469,25,30,0,570,,0,0,4.385964912,2.807017544,5.263157895,82.28070175,5.263157895
石愚集,1846,1921,1883,역대문집DB,1,57,7,169,14,5,1,254,,0.393700787,0.393700787,5.511811024,2.755905512,22.44094488,66.53543307,1.968503937
晦山遺藁,1847,1920,1883,역대문집DB,0,0,1,279,2,0,4,286,,1.398601399,0,0.699300699,0.34965035,0,97.55244755,0
尤山文集,1848,1918,1883,역대문집DB,4,45,9,56,13,8,12,147,,8.163265306,2.721088435,8.843537415,6.12244898,30.6122449,38.0952381,5.442176871
石庭文集,1848,1919,1883,역대문집DB,3,4,7,38,3,2,0,57,,0,5.263157895,5.263157895,12.28070175,7.01754386,66.66666667,3.50877193
栗山稿,1849,1917,1883,역대문집DB,0,8,20,179,32,20,10,269,,3.717472119,0,11.89591078,7.434944238,2.973977695,66.54275093,7.434944238
白隱遺稿,1851,1915,1883,역대문집DB,0,0,0,60,0,0,0,60,,0,0,0,0,0,100,0
菊圃遺稿,1851,1915,1883,역대문집DB,0,0,2,58,0,0,0,60,,0,0,0,3.333333333,0,96.66666667,0
遯軒遺稿,1851,1916,1883,역대문집DB,3,21,2,254,0,26,0,306,,0,0.980392157,0,0.653594771,6.862745098,83.00653595,8.496732026
碧山先生文集,1852,1914,1883,역대문집DB,2,4,1,48,2,3,10,70,,14.28571429,2.857142857,2.857142857,1.428571429,5.714285714,68.57142857,4.285714286
竹坡遺集,1852,1914,1883,역대문집DB,0,0,1,374,0,0,0,375,,0,0,0,0.266666667,0,99.73333333,0
思軒遺稿,1852,1915,1883,역대문집DB,0,18,1,30,3,4,0,56,,0,0,5.357142857,1.785714286,32.14285714,53.57142857,7.142857143
昭山遺稿,1870,1897,1883,역대문집DB,0,35,2,59,1,0,0,97,,0,0,1.030927835,2.06185567,36.08247423,60.82474227,0
竹宇遺稿,1843,1926,1884,역대문집DB,0,30,1,75,11,5,0,122,,0,0,9.016393443,0.819672131,24.59016393,61.47540984,4.098360656
弦窩遺稿,1845,1924,1884,역대문집DB,0,167,36,88,5,102,87,485,,17.93814433,0,1.030927835,7.422680412,34.43298969,18.1443299,21.03092784
恒山文集,1846,1922,1884,역대문집DB,0,28,16,233,15,16,15,323,,4.643962848,0,4.643962848,4.953560372,8.66873065,72.13622291,4.953560372
?亭集,1847,1922,1884,역대문집DB,0,6,47,255,5,32,25,370,,6.756756757,0,1.351351351,12.7027027,1.621621622,68.91891892,8.648648649
渼江集,1847,1922,1884,역대문집DB,1,104,49,235,19,90,54,552,,9.782608696,0.18115942,3.442028986,8.876811594,18.84057971,42.57246377,16.30434783
晩雲遺稿,1847,1921,1884,역대문집DB,0,13,10,97,7,6,0,133,,0,0,5.263157895,7.518796992,9.77443609,72.93233083,4.511278195
月潭遺稿,1848,1921,1884,역대문집DB,1,19,1,194,23,1,1,240,,0.416666667,0.416666667,9.583333333,0.416666667,7.916666667,80.83333333,0.416666667
蘿碧堂遺稿,1848,1921,1884,역대문집DB,0,10,5,32,0,12,0,59,,0,0,0,8.474576271,16.94915254,54.23728814,20.33898305
壺亭遺稿,1850,1918,1884,역대문집DB,0,70,5,179,5,5,2,266,,0.751879699,0,1.879699248,1.879699248,26.31578947,67.29323308,1.879699248
警庵集,1851,1918,1884,역대문집DB,0,37,8,70,15,3,1,134,,0.746268657,0,11.19402985,5.970149254,27.6119403,52.23880597,2.23880597
洗心軒遺集,1851,1918,1884,역대문집DB,0,38,12,78,19,14,6,167,,3.592814371,0,11.37724551,7.185628743,22.75449102,46.70658683,8.383233533
東溪先生文集,1855,1914,1884,역대문집DB,1,10,8,585,8,5,7,624,,1.121794872,0.16025641,1.282051282,1.282051282,1.602564103,93.75,0.801282051
一軒集,1855,1914,1884,역대문집DB,0,78,7,183,25,4,5,302,,1.655629139,0,8.278145695,2.317880795,25.82781457,60.59602649,1.324503311
稼隱集,1855,1913,1884,역대문집DB,4,35,13,97,11,4,0,164,,0,2.43902439,6.707317073,7.926829268,21.34146341,59.14634146,2.43902439
?田集,1855,1913,1884,역대문집DB,13,25,42,215,19,33,7,354,,1.97740113,3.672316384,5.367231638,11.86440678,7.062146893,60.73446328,9.322033898
錦里文集,1856,1913,1884,역대문집DB,0,20,4,113,11,5,1,154,,0.649350649,0,7.142857143,2.597402597,12.98701299,73.37662338,3.246753247
淳菴遺稿,1857,1911,1884,역대문집DB,0,62,31,59,22,8,7,189,,3.703703704,0,11.64021164,16.4021164,32.8042328,31.21693122,4.232804233
碧窩遺稿,1857,1912,1884,역대문집DB,1,2,2,112,0,4,0,121,,0,0.826446281,0,1.652892562,1.652892562,92.56198347,3.305785124
蘇山遺稿,1858,1911,1884,역대문집DB,0,100,10,154,2,8,3,277,,1.083032491,0,0.722021661,3.610108303,36.10108303,55.59566787,2.888086643
碧峰遺稿,1859,1909,1884,역대문집DB,0,6,2,132,0,0,0,140,,0,0,0,1.428571429,4.285714286,94.28571429,0
明岡遺稿,1859,1909,1884,역대문집DB,0,17,5,199,4,7,3,235,,1.276595745,0,1.70212766,2.127659574,7.234042553,84.68085106,2.978723404
杞岡文集,1860,1909,1884,역대문집DB,0,34,8,137,5,2,0,186,,0,0,2.688172043,4.301075269,18.27956989,73.65591398,1.075268817
東溪遺集,1861,1907,1884,역대문집DB,0,0,0,151,0,0,0,151,,0,0,0,0,0,100,0
臨齋遺稿,1861,1908,1884,역대문집DB,0,42,7,50,7,0,0,106,,0,0,6.603773585,6.603773585,39.62264151,47.16981132,0
柳下聯芳集,1862,1907,1884,역대문집DB,3,171,63,421,15,15,6,694,,0.864553314,0.432276657,2.161383285,9.077809798,24.63976945,60.66282421,2.161383285
觀齋遺稿,1864,1905,1884,역대문집DB,0,10,0,134,1,1,0,146,,0,0,0.684931507,0,6.849315068,91.78082192,0.684931507
畏菴文集,1865,1903,1884,역대문집DB,0,12,5,69,2,3,4,95,,4.210526316,0,2.105263158,5.263157895,12.63157895,72.63157895,3.157894737
桂陽遺稿,1842,1928,1885,역대문집DB,2,64,30,161,0,30,12,299,,4.013377926,0.668896321,0,10.03344482,21.40468227,53.84615385,10.03344482
士笑遺藁,1846,1924,1885,역대문집DB,0,3,1,672,5,0,0,681,,0,0,0.734214391,0.146842878,0.440528634,98.6784141,0
藏窩文集,1847,1924,1885,역대문집DB,0,40,6,90,19,8,0,163,,0,0,11.65644172,3.680981595,24.5398773,55.21472393,4.90797546
隱巖遺稿,1847,1923,1885,역대문집DB,0,0,3,147,0,6,7,163,,4.294478528,0,0,1.840490798,0,90.18404908,3.680981595
蘭圃文集,1850,1921,1885,역대문집DB,0,68,8,247,18,8,5,354,,1.412429379,0,5.084745763,2.259887006,19.20903955,69.7740113,2.259887006
晩浦文集,1851,1920,1885,역대문집DB,0,21,8,267,21,5,6,328,,1.829268293,0,6.402439024,2.43902439,6.402439024,81.40243902,1.524390244
槐亭集,1852,1919,1885,역대문집DB,9,2,20,305,2,27,0,365,,0,2.465753425,0.547945205,5.479452055,0.547945205,83.56164384,7.397260274
東山集,1852,1918,1885,역대문집DB,0,51,5,84,6,6,7,159,,4.402515723,0,3.773584906,3.144654088,32.0754717,52.83018868,3.773584906
可川遺稿,1852,1919,1885,역대문집DB,0,10,3,74,10,0,0,97,,0,0,10.30927835,3.092783505,10.30927835,76.28865979,0
雲籃集,1852,1918,1885,역대문집DB,0,144,128,473,20,138,50,953,,5.246589717,0,2.098635887,13.43126967,15.11017838,49.63273872,14.48058762
雲庭遺集,1853,1917,1885,역대문집DB,16,59,2,181,12,4,3,277,,1.083032491,5.776173285,4.332129964,0.722021661,21.29963899,65.34296029,1.444043321
春江遺稿,1853,1918,1885,역대문집DB,0,17,1,80,2,0,7,107,,6.542056075,0,1.869158879,0.934579439,15.88785047,74.76635514,0
?齋集,1854,1917,1885,역대문집DB,8,6,54,200,1,14,2,285,,0.701754386,2.807017544,0.350877193,18.94736842,2.105263158,70.1754386,4.912280702
老柏齋遺稿,1858,1912,1885,역대문집DB,0,76,13,0,0,5,12,106,,11.32075472,0,0,12.26415094,71.69811321,0,4.716981132
靑蓮齋遺集,1860,1910,1885,역대문집DB,28,12,17,163,8,52,0,280,,0,10,2.857142857,6.071428571,4.285714286,58.21428571,18.57142857
龜溪集,1861,1910,1885,역대문집DB,0,4,3,74,3,1,0,85,,0,0,3.529411765,3.529411765,4.705882353,87.05882353,1.176470588
晶山稿,1866,1904,1885,역대문집DB,0,0,1,82,0,0,0,83,,0,0,0,1.204819277,0,98.79518072,0
梅史文集,1866,1905,1885,역대문집DB,0,24,4,24,2,0,0,54,,0,0,3.703703704,7.407407407,44.44444444,44.44444444,0
晩圃文集,1844,1928,1886,역대문집DB,0,34,5,145,21,4,5,214,,2.336448598,0,9.813084112,2.336448598,15.88785047,67.75700935,1.869158879
雪峰文集,1845,1928,1886,역대문집DB,0,26,6,259,13,4,6,314,,1.910828025,0,4.140127389,1.910828025,8.280254777,82.48407643,1.27388535
東旅文集,1847,1925,1886,역대문집DB,2,69,11,405,14,8,15,524,,2.86259542,0.381679389,2.671755725,2.099236641,13.16793893,77.29007634,1.526717557
綺園文集,1848,1924,1886,역대문집DB,1,49,10,407,14,11,2,494,,0.4048583,0.20242915,2.834008097,2.024291498,9.91902834,82.38866397,2.226720648
睡軒集,1848,1924,1886,역대문집DB,10,69,3,42,5,5,19,153,,12.41830065,6.535947712,3.267973856,1.960784314,45.09803922,27.45098039,3.267973856
淸隱遺稿,1849,1923,1886,역대문집DB,0,21,4,57,1,4,2,89,,2.247191011,0,1.123595506,4.494382022,23.59550562,64.04494382,4.494382022
紫陰集,1851,1922,1886,역대문집DB,0,118,13,244,12,8,1,396,,0.252525253,0,3.03030303,3.282828283,29.7979798,61.61616162,2.02020202
西川集,1853,1920,1886,역대문집DB,0,57,16,226,24,25,12,360,,3.333333333,0,6.666666667,4.444444444,15.83333333,62.77777778,6.944444444
勤齋遺稿,1853,1920,1886,역대문집DB,0,19,12,106,2,9,2,150,,1.333333333,0,1.333333333,8,12.66666667,70.66666667,6
約軒文集,1854,1919,1886,역대문집DB,0,94,12,398,6,14,3,527,,0.569259962,0,1.138519924,2.277039848,17.83681214,75.52182163,2.65654649
常敬軒文集,1854,1919,1886,역대문집DB,0,112,10,138,6,15,6,287,,2.090592334,0,2.090592334,3.484320557,39.02439024,48.08362369,5.226480836
月洲存稿,1857,1916,1886,역대문집DB,0,0,4,102,0,0,0,106,,0,0,0,3.773584906,0,96.22641509,0
春史集,1857,1915,1886,역대문집DB,0,13,8,168,1,0,2,192,,1.041666667,0,0.520833333,4.166666667,6.770833333,87.5,0
雲溪集,1858,1915,1886,역대문집DB,0,21,1,104,7,3,6,142,,4.225352113,0,4.929577465,0.704225352,14.78873239,73.23943662,2.112676056
近庵遺集,1862,1911,1886,역대문집DB,0,46,7,187,12,13,4,269,,1.486988848,0,4.460966543,2.602230483,17.10037175,69.51672862,4.832713755
松岡集,1863,1909,1886,역대문집DB,0,97,4,72,10,0,4,187,,2.139037433,0,5.347593583,2.139037433,51.87165775,38.5026738,0
溪齋集,1865,1907,1886,역대문집DB,0,60,13,252,12,8,5,350,,1.428571429,0,3.428571429,3.714285714,17.14285714,72,2.285714286
篁溪遺稿,1846,1928,1887,역대문집DB,0,45,8,148,11,3,6,221,,2.714932127,0,4.977375566,3.619909502,20.36199095,66.96832579,1.357466063
愚隱集,1847,1927,1887,역대문집DB,0,11,1,89,16,11,2,130,,1.538461538,0,12.30769231,0.769230769,8.461538462,68.46153846,8.461538462
愚堂文集,1849,1926,1887,역대문집DB,0,33,3,203,9,3,0,251,,0,0,3.585657371,1.195219124,13.14741036,80.87649402,1.195219124
龍樵遺稿,1849,1926,1887,역대문집DB,0,41,10,52,4,9,2,118,,1.694915254,0,3.389830508,8.474576271,34.74576271,44.06779661,7.627118644
石?文集,1850,1925,1887,역대문집DB,0,49,10,88,20,4,29,200,,14.5,0,10,5,24.5,44,2
栗山集,1851,1924,1887,역대문집DB,0,53,12,212,8,3,7,295,,2.372881356,0,2.711864407,4.06779661,17.96610169,71.86440678,1.016949153
信菴文集,1851,1924,1887,역대문집DB,0,75,16,195,11,20,21,338,,6.213017751,0,3.25443787,4.733727811,22.18934911,57.69230769,5.917159763
植齋集,1854,1921,1887,역대문집DB,0,174,31,126,13,41,47,432,,10.87962963,0,3.009259259,7.175925926,40.27777778,29.16666667,9.490740741
海沙遺稿,1855,1919,1887,역대문집DB,0,21,21,126,1,16,3,188,,1.595744681,0,0.531914894,11.17021277,11.17021277,67.0212766,8.510638298
弘窩文集,1856,1918,1887,역대문집DB,0,193,15,293,51,9,44,605,,7.272727273,0,8.429752066,2.479338843,31.90082645,48.42975207,1.487603306
南谷遺稿,1856,1919,1887,역대문집DB,2,6,9,321,7,6,1,352,,0.284090909,0.568181818,1.988636364,2.556818182,1.704545455,91.19318182,1.704545455
潁溪集,1857,1918,1887,역대문집DB,0,33,2,225,4,0,2,266,,0.751879699,0,1.503759398,0.751879699,12.40601504,84.58646617,0
醒石遺稿,1857,1918,1887,역대문집DB,0,45,2,155,1,6,2,211,,0.947867299,0,0.473933649,0.947867299,21.32701422,73.45971564,2.843601896
伊山文集,1858,1916,1887,역대문집DB,0,52,0,243,11,15,0,321,,0,0,3.426791277,0,16.19937695,75.70093458,4.672897196
順窩文集,1859,1916,1887,역대문집DB,0,30,2,52,17,0,7,108,,6.481481481,0,15.74074074,1.851851852,27.77777778,48.14814815,0
愛山文集,1861,1914,1887,역대문집DB,1,109,5,116,40,14,0,285,,0,0.350877193,14.03508772,1.754385965,38.24561404,40.70175439,4.912280702
持敬齋遺稿,1864,1910,1887,역대문집DB,1,33,16,60,7,18,3,138,,2.173913043,0.724637681,5.072463768,11.5942029,23.91304348,43.47826087,13.04347826
强齋文集,1866,1909,1887,역대문집DB,0,47,13,92,6,12,2,172,,1.162790698,0,3.488372093,7.558139535,27.3255814,53.48837209,6.976744186
廉窩集,1872,1903,1887,역대문집DB,0,29,2,95,0,15,0,141,,0,0,0,1.418439716,20.56737589,67.37588652,10.63829787
白坡遺稿,1846,1931,1888,역대문집DB,0,0,2,228,0,0,0,230,,0,0,0,0.869565217,0,99.13043478,0
警菴詩集,1847,1929,1888,역대문집DB,0,0,1,272,0,0,0,273,,0,0,0,0.366300366,0,99.63369963,0
素窩遺稿,1848,1928,1888,역대문집DB,0,0,1,175,1,1,0,178,,0,0,0.561797753,0.561797753,0,98.31460674,0.561797753
梅菴遺稿,1848,1928,1888,역대문집DB,0,11,2,136,1,4,1,155,,0.64516129,0,0.64516129,1.290322581,7.096774194,87.74193548,2.580645161
紫南遺稿,1849,1927,1888,역대문집DB,0,0,3,110,0,0,0,113,,0,0,0,2.654867257,0,97.34513274,0
韶濩堂集,1850,1927,1888,문집총간,3,28,98,657,11,139,140,1076,1927,13.01115242,0.278810409,1.022304833,9.107806691,2.602230483,61.05947955,12.91821561
潛齋集,1850,1927,1888,역대문집DB,0,19,3,69,10,4,1,106,,0.943396226,0,9.433962264,2.830188679,17.9245283,65.09433962,3.773584906
晦堂集,1851,1926,1888,문집총간,0,666,168,304,64,317,307,1826,1932,16.81270537,0,3.504928806,9.200438116,36.47316539,16.64841183,17.36035049
一菴文集,1853,1923,1888,역대문집DB,0,74,5,260,23,26,2,390,,0.512820513,0,5.897435897,1.282051282,18.97435897,66.66666667,6.666666667
竹圃遺稿,1853,1923,1888,역대문집DB,0,34,4,108,7,5,6,164,,3.658536585,0,4.268292683,2.43902439,20.73170732,65.85365854,3.048780488
新溪集,1854,1923,1888,역대문집DB,0,63,6,304,4,1,1,379,,0.263852243,0,1.055408971,1.583113456,16.62269129,80.21108179,0.263852243
龍塢集,1857,1920,1888,역대문집DB,0,57,18,165,13,13,8,274,,2.919708029,0,4.744525547,6.569343066,20.80291971,60.2189781,4.744525547
竹軒集,1858,1919,1888,역대문집DB,18,83,25,54,10,28,44,262,,16.79389313,6.870229008,3.816793893,9.541984733,31.67938931,20.61068702,10.6870229
希庵遺稿,1859,1918,1888,역대문집DB,2,140,36,99,27,43,22,369,,5.962059621,0.54200542,7.317073171,9.756097561,37.9403794,26.82926829,11.65311653
玉硏集,1860,1917,1888,역대문집DB,0,27,5,150,0,10,0,192,,0,0,0,2.604166667,14.0625,78.125,5.208333333
咸齋遺稿,1862,1915,1888,역대문집DB,1,16,4,38,6,3,3,71,,4.225352113,1.408450704,8.450704225,5.633802817,22.53521127,53.52112676,4.225352113
素窩文集,1863,1913,1888,역대문집DB,0,84,6,176,16,8,7,297,,2.356902357,0,5.387205387,2.02020202,28.28282828,59.25925926,2.693602694
木山文集,1871,1906,1888,역대문집DB,0,46,3,44,3,2,6,104,,5.769230769,0,2.884615385,2.884615385,44.23076923,42.30769231,1.923076923
聾隱集,1850,1928,1889,역대문집DB,0,21,5,581,14,7,6,634,,0.94637224,0,2.208201893,0.788643533,3.312302839,91.64037855,1.104100946
桂窩集,1850,1929,1889,역대문집DB,0,30,2,242,5,2,0,281,,0,0,1.779359431,0.711743772,10.67615658,86.12099644,0.711743772
寅巖遺集,1851,1927,1889,역대문집DB,0,8,1,44,4,5,0,62,,0,0,6.451612903,1.612903226,12.90322581,70.96774194,8.064516129
薇庵遺稿,1852,1926,1889,역대문집DB,0,19,2,117,8,0,2,148,,1.351351351,0,5.405405405,1.351351351,12.83783784,79.05405405,0
石谷散稿,1855,1923,1889,역대문집DB,0,5,0,102,10,6,0,123,,0,0,8.130081301,0,4.06504065,82.92682927,4.87804878
德菴集,1855,1923,1889,역대문집DB,0,19,11,48,12,5,5,100,,5,0,12,11,19,48,5
錘山文集,1856,1923,1889,역대문집DB,0,57,20,252,29,22,13,393,,3.307888041,0,7.37913486,5.089058524,14.50381679,64.1221374,5.597964377
?隱遺稿,1856,1922,1889,역대문집DB,0,45,4,101,11,0,0,161,,0,0,6.832298137,2.48447205,27.95031056,62.73291925,0
養蒙齋先生文集,1858,1920,1889,역대문집DB,0,14,20,59,2,34,2,131,,1.526717557,0,1.526717557,15.26717557,10.6870229,45.03816794,25.95419847
春潭文集,1860,1918,1889,역대문집DB,1,259,73,234,18,76,31,692,,4.479768786,0.144508671,2.601156069,10.54913295,37.42774566,33.8150289,10.98265896
南岡遺稿,1861,1918,1889,역대문집DB,2,68,0,46,8,0,0,124,,0,1.612903226,6.451612903,0,54.83870968,37.09677419,0
靖窩集,1846,1934,1890,역대문집DB,1,101,14,244,43,11,18,432,,4.166666667,0.231481481,9.953703704,3.240740741,23.37962963,56.48148148,2.546296296
沙村先生文集,1850,1930,1890,역대문집DB,0,75,15,233,13,11,43,390,,11.02564103,0,3.333333333,3.846153846,19.23076923,59.74358974,2.820512821
谷圃文集,1850,1930,1890,역대문집DB,0,66,31,90,37,28,21,273,,7.692307692,0,13.55311355,11.35531136,24.17582418,32.96703297,10.25641026
錦石文集,1851,1929,1890,역대문집DB,0,66,6,387,21,7,13,500,,2.6,0,4.2,1.2,13.2,77.4,1.4
晩窩先生文集,1851,1929,1890,역대문집DB,1,129,37,550,31,43,11,802,,1.371571072,0.124688279,3.865336658,4.613466334,16.08478803,68.57855362,5.36159601
鼎厓先生文集,1852,1928,1890,역대문집DB,0,36,14,241,14,3,5,313,,1.597444089,0,4.47284345,4.47284345,11.50159744,76.99680511,0.958466454
西山文集,1855,1926,1890,역대문집DB,0,9,2,205,3,1,0,220,,0,0,1.363636364,0.909090909,4.090909091,93.18181818,0.454545455
春菴遺稿,1858,1922,1890,역대문집DB,0,6,5,178,3,2,0,194,,0,0,1.546391753,2.577319588,3.092783505,91.75257732,1.030927835
月湖集,1858,1922,1890,역대문집DB,1,35,7,115,4,24,6,192,,3.125,0.520833333,2.083333333,3.645833333,18.22916667,59.89583333,12.5
槐庭集,1858,1922,1890,역대문집DB,18,0,24,250,9,27,55,383,,14.36031332,4.699738903,2.349869452,6.266318538,0,65.27415144,7.049608355
克齋先生遺集,1859,1921,1890,역대문집DB,0,52,8,120,14,5,2,201,,0.995024876,0,6.965174129,3.980099502,25.87064677,59.70149254,2.487562189
韓齋集,1860,1921,1890,역대문집DB,0,106,6,564,18,14,9,717,,1.255230126,0,2.510460251,0.836820084,14.78382148,78.66108787,1.952580195
梧堂遺集,1862,1919,1890,역대문집DB,0,24,4,265,3,1,1,298,,0.33557047,0,1.006711409,1.342281879,8.053691275,88.9261745,0.33557047
晴溪集,1868,1912,1890,역대문집DB,0,107,15,274,9,3,24,432,,5.555555556,0,2.083333333,3.472222222,24.76851852,63.42592593,0.694444444
後石遺稿,1851,1931,1891,역대문집DB,0,331,135,351,15,195,271,1298,,20.87827427,0,1.155624037,10.40061633,25.50077042,27.04160247,15.02311248
鷲南文集,1851,1931,1891,역대문집DB,0,11,4,133,6,2,0,156,,0,0,3.846153846,2.564102564,7.051282051,85.25641026,1.282051282
晩隱先生文集,1851,1931,1891,역대문집DB,2,8,2,107,3,0,1,123,,0.81300813,1.62601626,2.43902439,1.62601626,6.504065041,86.99186992,0
思誠齋先生文集,1852,1930,1891,역대문집DB,3,93,30,202,35,81,16,460,,3.47826087,0.652173913,7.608695652,6.52173913,20.2173913,43.91304348,17.60869565
?菴詩稿,1852,1930,1891,역대문집DB,0,0,1,366,0,0,0,367,,0,0,0,0.272479564,0,99.72752044,0
鷹樵遺集,1853,1929,1891,역대문집DB,0,11,5,164,3,2,0,185,,0,0,1.621621622,2.702702703,5.945945946,88.64864865,1.081081081
?窩遺集,1854,1928,1891,역대문집DB,0,75,5,250,18,10,5,363,,1.377410468,0,4.958677686,1.377410468,20.66115702,68.87052342,2.754820937
蒼皐文集,1855,1927,1891,역대문집DB,0,101,1,237,18,3,3,363,,0.826446281,0,4.958677686,0.275482094,27.82369146,65.2892562,0.826446281
小庵先生文集,1855,1927,1891,역대문집DB,0,176,21,253,24,11,9,494,,1.821862348,0,4.858299595,4.251012146,35.62753036,51.2145749,2.226720648
樗田遺稿,1857,1925,1891,역대문집DB,1,4,4,821,0,13,0,843,,0,0.118623962,0,0.474495848,0.474495848,97.39027284,1.542111507
希巖遺稿,1857,1925,1891,역대문집DB,0,54,5,61,11,4,1,136,,0.735294118,0,8.088235294,3.676470588,39.70588235,44.85294118,2.941176471
小隱遺集,1858,1924,1891,역대문집DB,0,37,1,156,2,0,0,196,,0,0,1.020408163,0.510204082,18.87755102,79.59183673,0
晴峰集,1858,1924,1891,역대문집DB,0,1,2,66,0,0,6,75,,8,0,0,2.666666667,1.333333333,88,0
誠庵遺稿,1859,1923,1891,역대문집DB,0,55,8,27,12,46,2,150,,1.333333333,0,8,5.333333333,36.66666667,18,30.66666667
錦山詩稿,1860,1922,1891,역대문집DB,0,0,0,119,0,0,0,119,,0,0,0,0,0,100,0
毅齋文集,1863,1919,1891,역대문집DB,1,148,30,245,24,48,24,520,,4.615384615,0.192307692,4.615384615,5.769230769,28.46153846,47.11538462,9.230769231
愚山遺稿,1864,1919,1891,역대문집DB,0,43,5,143,7,7,1,206,,0.485436893,0,3.398058252,2.427184466,20.87378641,69.41747573,3.398058252
希齋文集,1865,1918,1891,역대문집DB,0,83,15,136,18,12,6,270,,2.222222222,0,6.666666667,5.555555556,30.74074074,50.37037037,4.444444444
訥軒文集,1868,1915,1891,역대문집DB,0,21,1,87,7,0,2,118,,1.694915254,0,5.93220339,0.847457627,17.79661017,73.72881356,0
愚亭文集,1868,1914,1891,역대문집DB,1,45,10,320,8,16,3,403,,0.744416873,0.248138958,1.985111663,2.481389578,11.1662531,79.4044665,3.970223325
曉庵文集,1848,1937,1892,역대문집DB,1,194,19,210,45,76,216,761,,28.38370565,0.131406045,5.913272011,2.496714849,25.49277267,27.59526938,9.986859396
小明遺稿,1852,1932,1892,역대문집DB,0,0,1,96,1,0,0,98,,0,0,1.020408163,1.020408163,0,97.95918367,0
龜峰遺稿,1853,1932,1892,역대문집DB,0,3,4,138,6,9,1,161,,0.621118012,0,3.726708075,2.48447205,1.863354037,85.71428571,5.590062112
雙石遺稿,1853,1931,1892,역대문집DB,0,52,2,21,5,6,0,86,,0,0,5.813953488,2.325581395,60.46511628,24.41860465,6.976744186
輪山集,1854,1930,1892,역대문집DB,0,23,5,154,4,10,3,199,,1.507537688,0,2.010050251,2.512562814,11.55778894,77.38693467,5.025125628
約軒遺稿,1855,1930,1892,역대문집DB,0,24,15,198,2,2,4,245,,1.632653061,0,0.816326531,6.12244898,9.795918367,80.81632653,0.816326531
靑皐集,1857,1928,1892,역대문집DB,1,18,9,143,15,20,0,206,,0,0.485436893,7.281553398,4.368932039,8.737864078,69.41747573,9.708737864
滄庵集,1858,1927,1892,역대문집DB,0,180,53,171,37,38,40,519,,7.707129094,0,7.129094412,10.21194605,34.68208092,32.94797688,7.32177264
志山集,1860,1924,1892,역대문집DB,6,84,45,126,39,29,184,513,,35.86744639,1.169590643,7.602339181,8.771929825,16.37426901,24.56140351,5.653021442
淸石文集,1860,1924,1892,역대문집DB,0,213,24,368,39,5,28,677,,4.135893648,0,5.76070901,3.545051699,31.46233383,54.35745938,0.738552437
月谷文集,1861,1923,1892,역대문집DB,0,100,19,147,19,36,13,334,,3.892215569,0,5.688622754,5.688622754,29.94011976,44.01197605,10.77844311
?軒文集,1861,1923,1892,역대문집DB,0,24,1,84,6,7,0,122,,0,0,4.918032787,0.819672131,19.67213115,68.85245902,5.737704918
小齋集,1865,1919,1892,역대문집DB,0,24,29,521,6,19,4,603,,0.663349917,0,0.995024876,4.809286899,3.980099502,86.4013267,3.150912106
曙山詩集,1865,1920,1892,역대문집DB,0,0,1,147,0,1,0,149,,0,0,0,0.67114094,0,98.65771812,0.67114094
信山文集,1867,1918,1892,역대문집DB,0,59,0,220,8,2,0,289,,0,0,2.76816609,0,20.41522491,76.12456747,0.692041522
晩翠逸稿,1871,1914,1892,역대문집DB,0,7,2,59,3,1,2,74,,2.702702703,0,4.054054054,2.702702703,9.459459459,79.72972973,1.351351351
天山齋文集,1851,1936,1893,역대문집DB,0,40,7,50,17,6,5,125,,4,0,13.6,5.6,32,40,4.8
汎庵集,1853,1933,1893,역대문집DB,0,73,25,179,43,35,58,413,,14.04358354,0,10.41162228,6.053268765,17.67554479,43.34140436,8.474576271
小塘集,1854,1933,1893,역대문집DB,0,24,13,175,0,1,7,220,,3.181818182,0,0,5.909090909,10.90909091,79.54545455,0.454545455
?菴遺稿,1854,1932,1893,역대문집DB,0,11,2,77,12,1,1,104,,0.961538462,0,11.53846154,1.923076923,10.57692308,74.03846154,0.961538462
小訥集,1855,1931,1893,문집총간,1,746,114,549,67,228,276,1981,1933,13.9323574,0.050479556,3.382130237,5.754669359,37.65774861,27.71327612,11.50933872
南谷遺稿,1855,1932,1893,역대문집DB,0,31,17,705,6,21,7,787,,0.889453621,0,0.762388818,2.160101652,3.939008895,89.58068615,2.668360864
裕山集,1855,1932,1893,역대문집DB,1,116,23,252,24,11,13,440,,2.954545455,0.227272727,5.454545455,5.227272727,26.36363636,57.27272727,2.5
訥菴集,1855,1931,1893,역대문집DB,0,14,6,300,5,7,0,332,,0,0,1.506024096,1.807228916,4.21686747,90.36144578,2.108433735
鹿東文集,1856,1931,1893,역대문집DB,2,12,2,243,0,3,0,262,,0,0.763358779,0,0.763358779,4.580152672,92.7480916,1.145038168
溪窩遺稿,1856,1931,1893,역대문집DB,0,3,3,101,12,5,2,126,,1.587301587,0,9.523809524,2.380952381,2.380952381,80.15873016,3.968253968
陶川先生文集,1857,1929,1893,역대문집DB,0,49,17,192,14,16,13,301,,4.318936877,0,4.651162791,5.647840532,16.27906977,63.78737542,5.315614618
于石遺稿,1857,1929,1893,역대문집DB,0,23,2,156,22,2,1,206,,0.485436893,0,10.67961165,0.970873786,11.16504854,75.72815534,0.970873786
晩悟遺稿,1859,1927,1893,역대문집DB,0,18,2,79,11,1,1,112,,0.892857143,0,9.821428571,1.785714286,16.07142857,70.53571429,0.892857143
雲齋集,1859,1927,1893,역대문집DB,0,184,0,663,0,0,0,847,,0,0,0,0,21.72373081,78.27626919,0
謙山文集,1861,1926,1893,역대문집DB,0,93,11,289,19,22,10,444,,2.252252252,0,4.279279279,2.477477477,20.94594595,65.09009009,4.954954955
憂齋文集,1861,1926,1893,역대문집DB,0,48,1,62,15,2,1,129,,0.775193798,0,11.62790698,0.775193798,37.20930233,48.0620155,1.550387597
一菴文集,1862,1925,1893,역대문집DB,0,0,1,54,0,0,0,55,,0,0,0,1.818181818,0,98.18181818,0
晩山文集,1862,1925,1893,역대문집DB,1,42,3,193,15,4,4,262,,1.526717557,0.381679389,5.72519084,1.145038168,16.03053435,73.66412214,1.526717557
伊溪遺稿,1867,1920,1893,역대문집DB,0,35,4,216,1,1,0,257,,0,0,0.389105058,1.556420233,13.61867704,84.04669261,0.389105058
恒齋遺稿,1869,1917,1893,역대문집DB,0,28,1,32,7,2,0,70,,0,0,10,1.428571429,40,45.71428571,2.857142857
玉圃遺稿,1871,1916,1893,역대문집DB,4,18,5,66,4,22,0,119,,0,3.361344538,3.361344538,4.201680672,15.12605042,55.46218487,18.48739496
智隱集,1850,1938,1894,역대문집DB,3,50,14,178,6,15,22,288,,7.638888889,1.041666667,2.083333333,4.861111111,17.36111111,61.80555556,5.208333333
方谷遺稿,1851,1937,1894,역대문집DB,0,25,3,64,18,1,4,115,,3.47826087,0,15.65217391,2.608695652,21.73913043,55.65217391,0.869565217
德樵藁,1854,1935,1894,역대문집DB,0,9,4,302,4,10,2,331,,0.604229607,0,1.208459215,1.208459215,2.719033233,91.23867069,3.021148036
鹿峰集,1854,1935,1894,역대문집DB,0,90,14,186,13,8,8,319,,2.507836991,0,4.07523511,4.388714734,28.21316614,58.30721003,2.507836991
志巖遺稿,1855,1934,1894,역대문집DB,0,54,11,154,23,15,5,262,,1.908396947,0,8.778625954,4.198473282,20.61068702,58.77862595,5.72519084
一玉遺稿,1857,1932,1894,역대문집DB,2,2,1,658,1,9,0,673,,0,0.29717682,0.14858841,0.14858841,0.29717682,97.77117385,1.337295691
晩圃文集,1857,1931,1894,역대문집DB,4,74,24,151,29,22,20,324,,6.172839506,1.234567901,8.950617284,7.407407407,22.83950617,46.60493827,6.790123457
訥菴文集,1858,1931,1894,역대문집DB,0,22,6,139,8,4,1,180,,0.555555556,0,4.444444444,3.333333333,12.22222222,77.22222222,2.222222222
我石遺稿,1859,1929,1894,역대문집DB,0,63,8,111,7,9,6,204,,2.941176471,0,3.431372549,3.921568627,30.88235294,54.41176471,4.411764706
鶴山文集,1860,1929,1894,역대문집DB,0,100,23,276,41,11,1,452,,0.221238938,0,9.07079646,5.088495575,22.12389381,61.0619469,2.433628319
我泉逸稿,1860,1929,1894,역대문집DB,0,8,2,142,11,17,2,182,,1.098901099,0,6.043956044,1.098901099,4.395604396,78.02197802,9.340659341
唐川集,1862,1926,1894,역대문집DB,0,4,56,238,2,36,22,358,,6.145251397,0,0.558659218,15.6424581,1.117318436,66.48044693,10.05586592
玉淡遺稿,1864,1925,1894,역대문집DB,0,36,6,369,0,2,1,414,,0.241545894,0,0,1.449275362,8.695652174,89.13043478,0.483091787
三畏齋集,1865,1923,1894,역대문집DB,0,218,26,400,13,45,16,718,,2.228412256,0,1.810584958,3.621169916,30.36211699,55.71030641,6.267409471
晦峰集,1873,1915,1894,역대문집DB,1,27,12,99,2,2,7,150,,4.666666667,0.666666667,1.333333333,8,18,66,1.333333333
?齋文集,1874,1914,1894,역대문집DB,0,39,1,39,2,0,2,83,,2.409638554,0,2.409638554,1.204819277,46.98795181,46.98795181,0
希菴文集,1852,1938,1895,역대문집DB,0,28,5,187,24,14,16,274,,5.839416058,0,8.759124088,1.824817518,10.2189781,68.24817518,5.109489051
松南遺稿,1852,1938,1895,역대문집DB,0,3,9,80,9,4,0,105,,0,0,8.571428571,8.571428571,2.857142857,76.19047619,3.80952381
學巖集,1853,1938,1895,역대문집DB,19,54,13,79,22,16,5,208,,2.403846154,9.134615385,10.57692308,6.25,25.96153846,37.98076923,7.692307692
澹溪遺稿,1854,1937,1895,역대문집DB,0,3,9,189,14,3,2,220,,0.909090909,0,6.363636364,4.090909091,1.363636364,85.90909091,1.363636364
竹逸集,1855,1935,1895,역대문집DB,0,4,10,90,3,17,3,127,,2.362204724,0,2.362204724,7.874015748,3.149606299,70.86614173,13.38582677
愚川文集,1856,1934,1895,역대문집DB,0,54,11,397,14,21,16,513,,3.118908382,0,2.729044834,2.144249513,10.52631579,77.38791423,4.093567251
可山遺稿,1856,1934,1895,역대문집DB,0,35,6,74,6,1,2,124,,1.612903226,0,4.838709677,4.838709677,28.22580645,59.67741935,0.806451613
檣山遺稿,1856,1935,1895,역대문집DB,0,13,1,67,5,1,2,89,,2.247191011,0,5.617977528,1.123595506,14.60674157,75.28089888,1.123595506
水西文集,1857,1933,1895,역대문집DB,0,60,22,276,43,13,21,435,,4.827586207,0,9.885057471,5.057471264,13.79310345,63.44827586,2.988505747
林坡文集,1858,1932,1895,역대문집DB,0,152,8,199,40,16,4,419,,0.954653938,0,9.546539379,1.909307876,36.27684964,47.49403341,3.818615752
西岡集,1860,1930,1895,역대문집DB,0,56,4,205,16,12,4,297,,1.346801347,0,5.387205387,1.346801347,18.85521886,69.02356902,4.04040404
魯菴遺稿,1860,1931,1895,역대문집DB,0,82,1,23,8,4,2,120,,1.666666667,0,6.666666667,0.833333333,68.33333333,19.16666667,3.333333333
松隱遺集,1863,1927,1895,역대문집DB,0,25,4,32,5,3,0,69,,0,0,7.246376812,5.797101449,36.23188406,46.37681159,4.347826087
認齋遺稿,1864,1927,1895,역대문집DB,0,14,10,56,0,9,7,96,,7.291666667,0,0,10.41666667,14.58333333,58.33333333,9.375
尤雅堂稿,1868,1922,1895,역대문집DB,1,17,35,75,3,21,14,166,,8.43373494,0.602409639,1.807228916,21.08433735,10.24096386,45.18072289,12.65060241
愚山遺稿,1868,1923,1895,역대문집DB,0,41,0,52,9,0,3,105,,2.857142857,0,8.571428571,0,39.04761905,49.52380952,0
愚齋遺稿,1876,1914,1895,역대문집DB,0,1,3,107,1,0,0,112,,0,0,0.892857143,2.678571429,0.892857143,95.53571429,0
二山集,1850,1943,1896,역대문집DB,0,7,20,169,18,19,18,251,,7.171314741,0,7.171314741,7.96812749,2.788844622,67.33067729,7.569721116
東湖先生文集,1853,1939,1896,역대문집DB,0,56,13,145,5,20,20,259,,7.722007722,0,1.930501931,5.019305019,21.62162162,55.98455598,7.722007722
蘭谷遺稿,1857,1935,1896,역대문집DB,0,6,5,43,0,0,0,54,,0,0,0,9.259259259,11.11111111,79.62962963,0
栢後遺集,1857,1935,1896,역대문집DB,4,44,15,290,13,29,6,401,,1.496259352,0.997506234,3.241895262,3.740648379,10.97256858,72.319202,7.2319202
小心齋遺稿,1858,1935,1896,역대문집DB,0,33,3,22,0,1,0,59,,0,0,0,5.084745763,55.93220339,37.28813559,1.694915254
蒼溪遺稿,1858,1934,1896,역대문집DB,0,14,14,37,0,0,2,67,,2.985074627,0,0,20.89552239,20.89552239,55.2238806,0
弦齋集,1859,1934,1896,역대문집DB,0,50,11,266,22,7,7,363,,1.928374656,0,6.060606061,3.03030303,13.77410468,73.27823691,1.928374656
金溪集,1861,1931,1896,역대문집DB,0,27,5,291,11,33,5,372,,1.344086022,0,2.956989247,1.344086022,7.258064516,78.22580645,8.870967742
玉峰文集,1862,1930,1896,역대문집DB,0,29,6,263,22,4,8,332,,2.409638554,0,6.626506024,1.807228916,8.734939759,79.21686747,1.204819277
晦山文集,1863,1930,1896,역대문집DB,0,30,4,79,1,6,1,121,,0.826446281,0,0.826446281,3.305785124,24.79338843,65.2892562,4.958677686
石汀集,1863,1930,1896,역대문집DB,0,101,59,245,17,48,44,514,,8.560311284,0,3.307392996,11.47859922,19.64980545,47.66536965,9.338521401
定山集,1864,1928,1896,역대문집DB,0,37,3,79,9,2,1,131,,0.763358779,0,6.870229008,2.290076336,28.24427481,60.30534351,1.526717557
曉堂文集,1864,1928,1896,역대문집DB,0,68,12,211,32,21,51,395,,12.91139241,0,8.101265823,3.037974684,17.21518987,53.41772152,5.316455696
希菴遺稿,1864,1928,1896,역대문집DB,0,53,9,150,5,15,12,244,,4.918032787,0,2.049180328,3.68852459,21.72131148,61.47540984,6.147540984
東山文稿,1865,1928,1896,역대문집DB,0,24,1,24,14,0,1,64,,1.5625,0,21.875,1.5625,37.5,37.5,0
省菴遺稿,1865,1927,1896,역대문집DB,0,35,7,83,6,12,9,152,,5.921052632,0,3.947368421,4.605263158,23.02631579,54.60526316,7.894736842
竹軒散稿,1866,1927,1896,역대문집DB,0,126,9,154,18,13,8,328,,2.43902439,0,5.487804878,2.743902439,38.41463415,46.95121951,3.963414634
于堂詩?,1867,1926,1896,역대문집DB,0,0,0,362,0,0,0,362,,0,0,0,0,0,100,0
復齋集,1869,1923,1896,역대문집DB,3,31,3,39,0,1,1,78,,1.282051282,3.846153846,0,3.846153846,39.74358974,50,1.282051282
靑旅文集,1853,1941,1897,역대문집DB,0,3,2,64,1,29,1,100,,1,0,1,2,3,64,29
跡隱遺稿,1856,1939,1897,역대문집DB,0,2,4,33,14,7,0,60,,0,0,23.33333333,6.666666667,3.333333333,55,11.66666667
蘭石遺稿,1857,1938,1897,역대문집DB,0,3,6,579,2,4,0,594,,0,0,0.336700337,1.01010101,0.505050505,97.47474747,0.673400673
兢齋文集,1858,1937,1897,역대문집DB,1,185,16,215,0,35,0,452,,0,0.221238938,0,3.539823009,40.92920354,47.56637168,7.743362832
?臨川遺稿,1860,1935,1897,역대문집DB,0,29,6,358,6,3,1,403,,0.248138958,0,1.488833747,1.488833747,7.196029777,88.8337469,0.744416873
一?先生逸稿,1861,1934,1897,역대문집DB,0,0,6,175,1,2,0,184,,0,0,0.543478261,3.260869565,0,95.10869565,1.086956522
雙石遺稿,1863,1932,1897,역대문집DB,0,12,0,265,9,0,0,286,,0,0,3.146853147,0,4.195804196,92.65734266,0
翫月遺稿,1863,1931,1897,역대문집DB,9,2,1,166,0,0,0,178,,0,5.056179775,0,0.561797753,1.123595506,93.25842697,0
時齋文集,1864,1931,1897,역대문집DB,0,33,4,240,10,4,0,291,,0,0,3.436426117,1.374570447,11.34020619,82.4742268,1.374570447
靖山文集,1865,1930,1897,역대문집DB,0,211,36,167,30,68,102,614,,16.61237785,0,4.885993485,5.863192182,34.36482085,27.19869707,11.07491857
玉澗集,1867,1928,1897,역대문집DB,0,53,8,164,13,14,6,258,,2.325581395,0,5.03875969,3.100775194,20.54263566,63.56589147,5.426356589
養窩遺稿,1867,1928,1897,역대문집DB,0,86,6,22,7,2,6,129,,4.651162791,0,5.426356589,4.651162791,66.66666667,17.05426357,1.550387597
小峰遺稿,1868,1927,1897,역대문집DB,0,14,5,688,10,11,0,728,,0,0,1.373626374,0.686813187,1.923076923,94.50549451,1.510989011
山谷遺稿,1869,1925,1897,역대문집DB,0,38,18,152,0,21,0,229,,0,0,0,7.860262009,16.59388646,66.37554585,9.170305677
韋堂遺稿,1870,1925,1897,역대문집DB,0,35,5,212,3,2,1,258,,0.387596899,0,1.162790698,1.937984496,13.56589147,82.17054264,0.775193798
篤山文集,1872,1922,1897,역대문집DB,0,33,6,145,6,6,5,201,,2.487562189,0,2.985074627,2.985074627,16.41791045,72.13930348,2.985074627
西岡文集,1875,1920,1897,역대문집DB,0,48,1,160,10,5,0,224,,0,0,4.464285714,0.446428571,21.42857143,71.42857143,2.232142857
海史遺稿,1855,1941,1898,역대문집DB,0,5,1,148,5,0,1,160,,0.625,0,3.125,0.625,3.125,92.5,0
筠軒山隱兩世遺稿,1858,1939,1898,역대문집DB,0,0,4,306,0,0,0,310,,0,0,0,1.290322581,0,98.70967742,0
省軒先生文集,1859,1938,1898,역대문집DB,0,175,9,146,37,21,14,402,,3.482587065,0,9.2039801,2.23880597,43.53233831,36.31840796,5.223880597
柏坡遺稿,1859,1937,1898,역대문집DB,0,21,9,72,0,4,0,106,,0,0,0,8.490566038,19.81132075,67.9245283,3.773584906
脩軒文集,1860,1937,1898,역대문집DB,0,96,77,436,83,90,143,925,,15.45945946,0,8.972972973,8.324324324,10.37837838,47.13513514,9.72972973
韶山集,1861,1936,1898,역대문집DB,0,23,10,508,10,17,3,571,,0.525394046,0,1.751313485,1.751313485,4.028021016,88.96672504,2.977232925
克復齋私稿,1862,1934,1898,역대문집DB,0,36,13,113,6,11,17,196,,8.673469388,0,3.06122449,6.632653061,18.36734694,57.65306122,5.612244898
東溪堂遺稿,1862,1935,1898,역대문집DB,0,73,22,55,16,13,12,191,,6.282722513,0,8.376963351,11.51832461,38.21989529,28.79581152,6.806282723
杏樵遺稿,1863,1934,1898,역대문집DB,0,13,1,173,9,2,3,201,,1.492537313,0,4.47761194,0.497512438,6.467661692,86.06965174,0.995024876
果齋文集,1864,1932,1898,역대문집DB,0,45,10,109,19,15,21,219,,9.589041096,0,8.675799087,4.566210046,20.54794521,49.7716895,6.849315068
魯下遺稿,1864,1932,1898,역대문집DB,0,18,0,30,8,0,0,56,,0,0,14.28571429,0,32.14285714,53.57142857,0
然石遺稿,1865,1931,1898,역대문집DB,0,8,0,84,2,2,0,96,,0,0,2.083333333,0,8.333333333,87.5,2.083333333
晩圃遺稿,1865,1932,1898,역대문집DB,0,4,5,115,3,2,5,134,,3.731343284,0,2.23880597,3.731343284,2.985074627,85.82089552,1.492537313
蒙軒遺稿,1866,1930,1898,역대문집DB,0,135,6,58,22,7,2,230,,0.869565217,0,9.565217391,2.608695652,58.69565217,25.2173913,3.043478261
愚隱遺稿,1866,1931,1898,역대문집DB,0,24,3,90,6,1,3,127,,2.362204724,0,4.724409449,2.362204724,18.8976378,70.86614173,0.787401575
松隱遺稿,1866,1931,1898,역대문집DB,2,56,1,64,5,0,1,129,,0.775193798,1.550387597,3.875968992,0.775193798,43.41085271,49.6124031,0
晩山遺稿,1866,1930,1898,역대문집DB,1,42,8,126,9,17,2,205,,0.975609756,0.487804878,4.390243902,3.902439024,20.48780488,61.46341463,8.292682927
學泉文集,1868,1928,1898,역대문집DB,0,45,29,168,19,27,9,297,,3.03030303,0,6.397306397,9.764309764,15.15151515,56.56565657,9.090909091
小岡集,1869,1927,1898,역대문집DB,0,39,11,100,10,8,10,178,,5.617977528,0,5.617977528,6.179775281,21.91011236,56.17977528,4.494382022
德庵遺稿,1883,1913,1898,역대문집DB,0,32,6,70,0,8,0,116,,0,0,0,5.172413793,27.5862069,60.34482759,6.896551724
義堂先生文集,1859,1939,1899,역대문집DB,5,56,36,428,32,16,23,596,,3.859060403,0.838926174,5.369127517,6.040268456,9.395973154,71.81208054,2.684563758
蓮汀遺稿,1860,1938,1899,역대문집DB,0,54,12,48,6,15,3,138,,2.173913043,0,4.347826087,8.695652174,39.13043478,34.7826087,10.86956522
懼齋先生文集,1862,1936,1899,역대문집DB,2,180,42,331,25,28,11,619,,1.777059774,0.323101777,4.038772213,6.785137318,29.07915994,53.4733441,4.523424879
省齋集,1863,1935,1899,역대문집DB,0,175,47,190,22,38,108,580,,18.62068966,0,3.793103448,8.103448276,30.17241379,32.75862069,6.551724138
敦齋文集,1864,1935,1899,역대문집DB,0,229,12,291,31,28,30,621,,4.830917874,0,4.99194847,1.93236715,36.87600644,46.85990338,4.508856683
西岡文集,1865,1934,1899,역대문집DB,0,52,9,169,8,10,1,249,,0.401606426,0,3.212851406,3.614457831,20.88353414,67.87148594,4.016064257
紫下遺稿,1865,1933,1899,역대문집DB,0,3,1,110,3,0,0,117,,0,0,2.564102564,0.854700855,2.564102564,94.01709402,0
顧軒集,1869,1929,1899,역대문집DB,0,69,19,138,31,11,7,275,,2.545454545,0,11.27272727,6.909090909,25.09090909,50.18181818,4
省窩文集,1870,1929,1899,역대문집DB,0,37,12,194,7,8,4,262,,1.526717557,0,2.671755725,4.580152672,14.1221374,74.04580153,3.053435115
松溪文集,1870,1928,1899,역대문집DB,0,107,9,194,13,9,14,346,,4.046242775,0,3.757225434,2.601156069,30.92485549,56.06936416,2.601156069
靜窩遺稿,1871,1927,1899,역대문집DB,0,29,3,63,12,5,1,113,,0.884955752,0,10.61946903,2.654867257,25.66371681,55.75221239,4.424778761
湖巖文集,1881,1918,1899,역대문집DB,0,34,0,125,5,0,0,164,,0,0,3.048780488,0,20.73170732,76.2195122,0
安愚遺稿,1857,1944,1900,역대문집DB,0,5,2,146,1,10,0,164,,0,0,0.609756098,1.219512195,3.048780488,89.02439024,6.097560976
竹塢集,1857,1944,1900,역대문집DB,0,57,13,47,11,6,3,137,,2.189781022,0,8.02919708,9.489051095,41.60583942,34.30656934,4.379562044
南岡遺稿,1859,1942,1900,역대문집DB,0,16,2,190,6,2,1,217,,0.460829493,0,2.764976959,0.921658986,7.373271889,87.55760369,0.921658986
晩山遺稿,1860,1940,1900,역대문집DB,0,11,14,157,5,5,1,193,,0.518134715,0,2.590673575,7.25388601,5.699481865,81.34715026,2.590673575
沂?遺藁,1861,1939,1900,역대문집DB,0,173,7,775,73,10,2,1040,,0.192307692,0,7.019230769,0.673076923,16.63461538,74.51923077,0.961538462
晩最文集,1861,1939,1900,역대문집DB,0,50,12,290,18,14,11,395,,2.784810127,0,4.556962025,3.037974684,12.65822785,73.41772152,3.544303797
采山遺稿,1861,1940,1900,역대문집DB,0,11,6,85,5,2,1,110,,0.909090909,0,4.545454545,5.454545455,10,77.27272727,1.818181818
晩悔遺稿,1861,1940,1900,역대문집DB,1,23,6,147,5,1,3,186,,1.612903226,0.537634409,2.688172043,3.225806452,12.3655914,79.03225806,0.537634409
訥齋先生文集,1861,1940,1900,역대문집DB,0,201,36,268,33,50,62,650,,9.538461538,0,5.076923077,5.538461538,30.92307692,41.23076923,7.692307692
溫齋集,1862,1939,1900,역대문집DB,0,30,4,155,5,38,2,234,,0.854700855,0,2.136752137,1.709401709,12.82051282,66.23931624,16.23931624
海陰文集,1862,1939,1900,역대문집DB,0,7,5,145,0,7,12,176,,6.818181818,0,0,2.840909091,3.977272727,82.38636364,3.977272727
竹塢遺集,1862,1938,1900,역대문집DB,0,6,1,81,4,0,0,92,,0,0,4.347826087,1.086956522,6.52173913,88.04347826,0
鳳岡遺稿,1863,1937,1900,역대문집DB,0,8,3,199,3,8,0,221,,0,0,1.357466063,1.357466063,3.619909502,90.04524887,3.619909502
紫山先生遺稿,1864,1936,1900,역대문집DB,0,147,15,217,23,15,18,435,,4.137931034,0,5.287356322,3.448275862,33.79310345,49.88505747,3.448275862
蕉溪遺稿,1864,1936,1900,역대문집DB,0,30,1,133,9,0,0,173,,0,0,5.202312139,0.578034682,17.34104046,76.87861272,0
素窩遺稿,1865,1935,1900,역대문집DB,0,2,2,84,1,1,2,92,,2.173913043,0,1.086956522,2.173913043,2.173913043,91.30434783,1.086956522
顧窩文集,1867,1934,1900,역대문집DB,0,15,9,119,0,26,2,171,,1.169590643,0,0,5.263157895,8.771929825,69.59064327,15.20467836
竹圃遺稿,1867,1933,1900,역대문집DB,0,2,2,84,1,1,0,90,,0,0,1.111111111,2.222222222,2.222222222,93.33333333,1.111111111
聽江集,1868,1932,1900,역대문집DB,0,138,24,168,36,11,24,401,,5.985037406,0,8.97755611,5.985037406,34.41396509,41.89526185,2.743142145
弦齋集,1870,1930,1900,역대문집DB,0,110,8,76,17,1,2,214,,0.934579439,0,7.943925234,3.738317757,51.40186916,35.51401869,0.46728972
柏谷詩稿,1875,1925,1900,역대문집DB,0,0,0,232,0,0,0,232,,0,0,0,0,0,100,0
鶴皐遺稿,1878,1923,1900,역대문집DB,0,10,1,93,18,1,4,127,,3.149606299,0,14.17322835,0.787401575,7.874015748,73.22834646,0.787401575
石塢文集,1854,1949,1901,역대문집DB,0,84,36,386,76,49,36,667,,5.397301349,0,11.39430285,5.397301349,12.59370315,57.87106447,7.346326837
養浩齋遺稿,1864,1938,1901,역대문집DB,0,50,11,90,17,17,22,207,,10.62801932,0,8.212560386,5.314009662,24.15458937,43.47826087,8.212560386
愚堂稿,1864,1938,1901,역대문집DB,0,4,10,59,16,20,6,115,,5.217391304,0,13.91304348,8.695652174,3.47826087,51.30434783,17.39130435
篤守齋遺稿,1864,1939,1901,역대문집DB,2,34,8,7,4,3,1,59,,1.694915254,3.389830508,6.779661017,13.55932203,57.62711864,11.86440678,5.084745763
尋源遺稿,1865,1938,1901,역대문집DB,0,31,2,44,14,2,1,94,,1.063829787,0,14.89361702,2.127659574,32.9787234,46.80851064,2.127659574
見山文集,1865,1937,1901,역대문집DB,0,53,19,72,13,19,17,193,,8.808290155,0,6.735751295,9.844559585,27.4611399,37.30569948,9.844559585
國樵遺稿,1865,1937,1901,역대문집DB,0,0,1,99,1,0,0,101,,0,0,0.99009901,0.99009901,0,98.01980198,0
龍岡遺稿,1866,1937,1901,역대문집DB,0,7,10,185,7,3,3,215,,1.395348837,0,3.255813953,4.651162791,3.255813953,86.04651163,1.395348837
醉山遺稿,1866,1936,1901,역대문집DB,0,3,1,114,1,3,2,124,,1.612903226,0,0.806451613,0.806451613,2.419354839,91.93548387,2.419354839
退山遺稿,1867,1936,1901,역대문집DB,0,5,4,47,3,3,0,62,,0,0,4.838709677,6.451612903,8.064516129,75.80645161,4.838709677
滄樊集,1868,1934,1901,역대문집DB,3,147,16,199,54,4,10,433,,2.309468822,0.692840647,12.47113164,3.695150115,33.94919169,45.95842956,0.923787529
止山文集,1869,1933,1901,역대문집DB,0,18,2,168,9,9,5,211,,2.369668246,0,4.265402844,0.947867299,8.530805687,79.62085308,4.265402844
甁山先生文集,1869,1933,1901,역대문집DB,0,135,17,397,25,27,3,604,,0.496688742,0,4.139072848,2.814569536,22.35099338,65.72847682,4.470198675
秀山文集,1871,1931,1901,역대문집DB,0,148,25,243,36,19,23,494,,4.655870445,0,7.287449393,5.060728745,29.95951417,49.1902834,3.846153846
誠齋遺稿,1873,1930,1901,역대문집DB,0,10,0,221,8,5,0,244,,0,0,3.278688525,0,4.098360656,90.57377049,2.049180328
雪嶽集,1876,1926,1901,역대문집DB,0,44,13,103,7,10,11,188,,5.85106383,0,3.723404255,6.914893617,23.40425532,54.78723404,5.319148936
菊齋遺稿,1884,1919,1901,역대문집DB,0,18,3,82,3,4,0,110,,0,0,2.727272727,2.727272727,16.36363636,74.54545455,3.636363636
蒙溪遺稿,1888,1914,1901,역대문집DB,0,21,4,30,4,0,1,60,,1.666666667,0,6.666666667,6.666666667,35,50,0
明庵集,1860,1944,1902,역대문집DB,1,101,42,80,25,35,50,334,,14.97005988,0.299401198,7.48502994,12.5748503,30.23952096,23.95209581,10.47904192
竹軒先生遺稿,1861,1943,1902,역대문집DB,0,21,4,313,6,15,29,388,,7.474226804,0,1.546391753,1.030927835,5.412371134,80.67010309,3.865979381
信古堂遺輯逸藁,1863,1941,1902,역대문집DB,9,51,4,193,0,2,17,276,,6.15942029,3.260869565,0,1.449275362,18.47826087,69.92753623,0.724637681
苟齋文集,1863,1941,1902,역대문집DB,1,102,32,708,33,29,65,970,,6.701030928,0.103092784,3.402061856,3.298969072,10.51546392,72.98969072,2.989690722
艮庵文集,1863,1942,1902,역대문집DB,0,38,7,212,10,7,1,275,,0.363636364,0,3.636363636,2.545454545,13.81818182,77.09090909,2.545454545
奈山文集,1864,1940,1902,역대문집DB,0,61,3,138,27,10,3,242,,1.239669421,0,11.15702479,1.239669421,25.20661157,57.02479339,4.132231405
東山遺稿,1866,1938,1902,역대문집DB,0,40,4,118,16,0,1,179,,0.558659218,0,8.938547486,2.234636872,22.34636872,65.92178771,0
直窩文集,1867,1938,1902,역대문집DB,0,124,16,231,24,26,9,430,,2.093023256,0,5.581395349,3.720930233,28.8372093,53.72093023,6.046511628
愼庵遺稿,1868,1937,1902,역대문집DB,0,50,14,316,16,12,1,409,,0.244498778,0,3.91198044,3.422982885,12.22493888,77.26161369,2.93398533
琴岡遺稿,1868,1936,1902,역대문집DB,0,64,12,196,25,13,12,322,,3.726708075,0,7.763975155,3.726708075,19.8757764,60.86956522,4.037267081
危齋遺稿,1869,1936,1902,역대문집DB,0,103,28,119,7,50,36,343,,10.49562682,0,2.040816327,8.163265306,30.02915452,34.69387755,14.57725948
朗山先生文集,1870,1934,1902,역대문집DB,1,421,52,935,29,73,59,1570,,3.757961783,0.063694268,1.847133758,3.312101911,26.81528662,59.55414013,4.649681529
惺堂遺稿,1871,1933,1902,역대문집DB,0,18,5,88,5,6,0,122,,0,0,4.098360656,4.098360656,14.75409836,72.13114754,4.918032787
東洲文集,1874,1930,1902,역대문집DB,0,38,1,39,29,1,0,108,,0,0,26.85185185,0.925925926,35.18518519,36.11111111,0.925925926
晦窩集,1880,1925,1902,역대문집DB,0,15,1,169,3,2,1,191,,0.523560209,0,1.570680628,0.523560209,7.853403141,88.48167539,1.047120419
夢晦集,1883,1922,1902,역대문집DB,2,109,17,81,7,40,1,257,,0.389105058,0.778210117,2.723735409,6.614785992,42.41245136,31.51750973,15.56420233
省齋文集,1861,1946,1903,역대문집DB,0,58,28,195,0,9,8,298,,2.684563758,0,0,9.395973154,19.46308725,65.43624161,3.020134228
小溪文集,1862,1945,1903,역대문집DB,0,1,0,217,2,0,0,220,,0,0,0.909090909,0,0.454545455,98.63636364,0
菊圃文集,1863,1943,1903,역대문집DB,0,14,3,308,6,1,0,332,,0,0,1.807228916,0.903614458,4.21686747,92.77108434,0.301204819
某溪文集,1863,1943,1903,역대문집DB,0,30,35,117,24,45,117,368,,31.79347826,0,6.52173913,9.510869565,8.152173913,31.79347826,12.22826087
?齋遺稿,1865,1942,1903,역대문집DB,5,54,19,170,5,40,46,339,,13.56932153,1.474926254,1.474926254,5.604719764,15.92920354,50.14749263,11.79941003
遂吾齋先生文集,1867,1939,1903,역대문집DB,0,292,73,185,13,85,49,697,,7.030129125,0,1.865136298,10.47345768,41.8938307,26.54232425,12.19512195
中溪遺藁,1867,1939,1903,역대문집DB,3,22,10,83,3,1,4,126,,3.174603175,2.380952381,2.380952381,7.936507937,17.46031746,65.87301587,0.793650794
賢山遺稿,1868,1938,1903,역대문집DB,0,0,1,69,0,0,0,70,,0,0,0,1.428571429,0,98.57142857,0
浦西文集,1868,1938,1903,역대문집DB,0,28,3,260,15,5,1,312,,0.320512821,0,4.807692308,0.961538462,8.974358974,83.33333333,1.602564103
省菴集,1869,1937,1903,역대문집DB,0,71,24,633,28,136,21,913,,2.300109529,0,3.066812705,2.628696605,7.776560789,69.33187295,14.89594743
晦窩遺稿,1870,1936,1903,역대문집DB,0,20,2,81,3,9,6,121,,4.958677686,0,2.479338843,1.652892562,16.52892562,66.94214876,7.438016529
忍堂文集,1870,1936,1903,역대문집DB,0,0,1,66,13,3,1,84,,1.19047619,0,15.47619048,1.19047619,0,78.57142857,3.571428571
七悔堂文集,1871,1936,1903,역대문집DB,3,35,9,186,14,13,5,265,,1.886792453,1.132075472,5.283018868,3.396226415,13.20754717,70.18867925,4.905660377
巖棲集,1873,1933,1903,문집총간,0,255,99,523,46,164,148,1235,,11.98380567,0,3.724696356,8.016194332,20.64777328,42.34817814,13.27935223
海山遺稿,1873,1933,1903,역대문집DB,0,0,2,111,0,0,0,113,,0,0,0,1.769911504,0,98.2300885,0
巖西先生文集,1873,1933,1903,역대문집DB,1,441,195,943,69,201,292,2142,,13.63211951,0.046685341,3.221288515,9.103641457,20.58823529,44.02427638,9.383753501
近菴文集,1873,1934,1903,역대문집DB,0,240,57,293,8,57,26,681,,3.817914831,0,1.174743025,8.370044053,35.24229075,43.02496329,8.370044053
說齋集,1859,1950,1904,역대문집DB,0,124,40,626,19,110,129,1048,,12.30916031,0,1.812977099,3.816793893,11.83206107,59.73282443,10.49618321
月雲文集,1862,1947,1904,역대문집DB,0,0,16,245,27,60,9,357,,2.521008403,0,7.56302521,4.481792717,0,68.62745098,16.80672269
鶴溪遺輯,1862,1947,1904,역대문집DB,0,5,1,104,22,2,6,140,,4.285714286,0,15.71428571,0.714285714,3.571428571,74.28571429,1.428571429
二柳齋文集,1863,1946,1904,역대문집DB,0,72,19,195,22,16,25,349,,7.163323782,0,6.303724928,5.444126074,20.63037249,55.8739255,4.584527221
?魚山館集,1863,1945,1904,역대문집DB,0,4,20,0,6,18,23,71,,32.3943662,0,8.450704225,28.16901408,5.633802817,0,25.35211268
湖隱遺稿,1863,1945,1904,역대문집DB,0,23,5,92,6,2,2,130,,1.538461538,0,4.615384615,3.846153846,17.69230769,70.76923077,1.538461538
芝山遺稿,1863,1945,1904,역대문집DB,0,66,2,13,0,1,3,85,,3.529411765,0,0,2.352941176,77.64705882,15.29411765,1.176470588
晦隱集,1864,1945,1904,역대문집DB,0,51,25,580,2,35,12,705,,1.70212766,0,0.283687943,3.546099291,7.234042553,82.26950355,4.964539007
藥泉文集,1866,1942,1904,역대문집DB,0,3,2,69,1,12,5,92,,5.434782609,0,1.086956522,2.173913043,3.260869565,75,13.04347826
勉窩文集,1867,1942,1904,역대문집DB,0,71,12,282,26,15,9,415,,2.168674699,0,6.265060241,2.891566265,17.10843373,67.95180723,3.614457831
一和先生文集,1867,1942,1904,역대문집DB,14,27,26,1206,11,9,10,1303,,0.767459708,1.074443592,0.844205679,1.995395242,2.072141213,92.55564083,0.690713738
老溪遺藁,1868,1940,1904,역대문집DB,0,4,2,467,6,2,0,481,,0,0,1.247401247,0.415800416,0.831600832,97.08939709,0.415800416
南汀遺稿,1869,1939,1904,역대문집DB,0,8,1,101,0,0,0,110,,0,0,0,0.909090909,7.272727273,91.81818182,0
道峰先生遺集,1869,1939,1904,역대문집DB,0,202,55,364,18,127,36,802,,4.488778055,0,2.244389027,6.857855362,25.18703242,45.38653367,15.83541147
史謂遺稿,1870,1938,1904,역대문집DB,0,10,26,0,0,39,137,212,,64.62264151,0,0,12.26415094,4.716981132,0,18.39622642
敬齋遺稿,1870,1938,1904,역대문집DB,0,4,1,48,0,13,0,66,,0,0,0,1.515151515,6.060606061,72.72727273,19.6969697
華東私稿,1871,1937,1904,역대문집DB,2,43,9,217,0,14,0,285,,0,0.701754386,0,3.157894737,15.0877193,76.14035088,4.912280702
梧岡文集,1872,1936,1904,역대문집DB,0,182,15,403,28,7,3,638,,0.470219436,0,4.388714734,2.351097179,28.52664577,63.1661442,1.097178683
無聞軒文集,1874,1934,1904,역대문집DB,0,88,8,112,16,5,1,230,,0.434782609,0,6.956521739,3.47826087,38.26086957,48.69565217,2.173913043
愼庭文集,1875,1933,1904,역대문집DB,0,12,3,143,3,2,6,169,,3.550295858,0,1.775147929,1.775147929,7.100591716,84.61538462,1.183431953
守岡文集,1876,1933,1904,역대문집DB,0,30,4,181,19,0,2,236,,0.847457627,0,8.050847458,1.694915254,12.71186441,76.69491525,0
琴皐遺集,1878,1930,1904,역대문집DB,0,22,3,270,7,2,4,308,,1.298701299,0,2.272727273,0.974025974,7.142857143,87.66233766,0.649350649
愼軒遺稿,1878,1930,1904,역대문집DB,7,91,32,598,20,16,16,780,,2.051282051,0.897435897,2.564102564,4.102564103,11.66666667,76.66666667,2.051282051
謙窩遺藁,1881,1927,1904,역대문집DB,0,54,12,19,10,0,5,100,,5,0,10,12,54,19,0
南坡遺稿,1883,1925,1904,역대문집DB,0,0,2,87,6,4,0,99,,0,0,6.060606061,2.02020202,0,87.87878788,4.04040404
修菴遺集,1864,1946,1905,역대문집DB,0,10,2,32,10,3,2,59,,3.389830508,0,16.94915254,3.389830508,16.94915254,54.23728814,5.084745763
小溪遺稿,1866,1945,1905,역대문집DB,0,44,19,117,5,34,5,224,,2.232142857,0,2.232142857,8.482142857,19.64285714,52.23214286,15.17857143
裕齋遺稿,1870,1941,1905,역대문집DB,0,13,4,240,10,8,2,277,,0.722021661,0,3.610108303,1.444043321,4.693140794,86.64259928,2.888086643
陶庵文集,1870,1941,1905,역대문집DB,0,26,0,111,15,25,0,177,,0,0,8.474576271,0,14.68926554,62.71186441,14.12429379
晦山先生文集,1871,1939,1905,역대문집DB,0,150,42,186,24,54,72,528,,13.63636364,0,4.545454545,7.954545455,28.40909091,35.22727273,10.22727273
龜川遺集,1872,1939,1905,역대문집DB,0,78,4,212,39,9,13,355,,3.661971831,0,10.98591549,1.126760563,21.97183099,59.71830986,2.535211268
恒齋集,1872,1939,1905,역대문집DB,0,27,1,74,21,2,0,125,,0,0,16.8,0.8,21.6,59.2,1.6
畜庵遺稿,1874,1937,1905,역대문집DB,0,24,3,111,23,1,1,163,,0.613496933,0,14.11042945,1.840490798,14.72392638,68.09815951,0.613496933
寬寮集,1875,1936,1905,역대문집DB,0,65,8,199,19,13,6,310,,1.935483871,0,6.129032258,2.580645161,20.96774194,64.19354839,4.193548387
?堂遺稿,1876,1935,1905,역대문집DB,0,52,1,258,11,1,1,324,,0.308641975,0,3.395061728,0.308641975,16.04938272,79.62962963,0.308641975
農西遺稿,1876,1935,1905,역대문집DB,0,75,29,105,0,7,7,223,,3.139013453,0,0,13.0044843,33.632287,47.08520179,3.139013453
景菴先生文集,1877,1934,1905,역대문집DB,5,45,25,54,12,9,24,174,,13.79310345,2.873563218,6.896551724,14.36781609,25.86206897,31.03448276,5.172413793
重軒文集,1878,1932,1905,역대문집DB,0,214,10,112,20,21,22,399,,5.513784461,0,5.012531328,2.506265664,53.63408521,28.07017544,5.263157895
梅溪集,1878,1932,1905,역대문집DB,0,18,3,75,5,2,2,105,,1.904761905,0,4.761904762,2.857142857,17.14285714,71.42857143,1.904761905
拜軒集,1879,1931,1905,역대문집DB,0,46,13,120,11,5,14,209,,6.698564593,0,5.263157895,6.220095694,22.00956938,57.41626794,2.392344498
春潭集,1889,1922,1905,역대문집DB,0,65,4,35,0,4,7,115,,6.086956522,0,0,3.47826087,56.52173913,30.43478261,3.47826087
悳泉續集補遺,1867,1946,1906,역대문집DB,0,377,53,120,36,51,125,762,,16.40419948,0,4.724409449,6.955380577,49.47506562,15.7480315,6.692913386
愼?堂遺稿,1867,1945,1906,역대문집DB,0,12,3,76,0,0,0,91,,0,0,0,3.296703297,13.18681319,83.51648352,0
惺菴文集,1868,1945,1906,역대문집DB,0,68,7,192,24,8,12,311,,3.8585209,0,7.717041801,2.250803859,21.86495177,61.73633441,2.572347267
川黎稿,1870,1943,1906,역대문집DB,0,6,3,110,7,4,1,131,,0.763358779,0,5.34351145,2.290076336,4.580152672,83.96946565,3.053435115
竹師遺稿,1871,1941,1906,역대문집DB,3,129,7,50,8,19,3,219,,1.369863014,1.369863014,3.652968037,3.196347032,58.90410959,22.83105023,8.675799087
雲坡遺稿,1871,1942,1906,역대문집DB,0,30,0,163,12,6,1,212,,0.471698113,0,5.660377358,0,14.1509434,76.88679245,2.830188679
毅齋遺稿,1872,1940,1906,역대문집DB,0,55,15,119,18,33,3,243,,1.234567901,0,7.407407407,6.172839506,22.63374486,48.97119342,13.58024691
芝村遺稿,1872,1940,1906,역대문집DB,0,0,6,186,10,0,6,208,,2.884615385,0,4.807692308,2.884615385,0,89.42307692,0
石灘遺稿,1872,1941,1906,역대문집DB,0,12,1,60,5,2,0,80,,0,0,6.25,1.25,15,75,2.5
惺齋文集,1880,1933,1906,역대문집DB,0,54,9,66,14,9,3,155,,1.935483871,0,9.032258065,5.806451613,34.83870968,42.58064516,5.806451613
樂川遺稿,1882,1931,1906,역대문집DB,0,154,20,91,7,15,13,300,,4.333333333,0,2.333333333,6.666666667,51.33333333,30.33333333,5
竹谷遺稿,1890,1922,1906,역대문집DB,0,4,1,85,1,0,1,92,,1.086956522,0,1.086956522,1.086956522,4.347826087,92.39130435,0
易堂稿,1893,1919,1906,역대문집DB,0,40,21,212,0,6,0,279,,0,0,0,7.52688172,14.33691756,75.98566308,2.150537634
立窩遺稿,1868,1946,1907,역대문집DB,0,7,2,56,6,2,1,74,,1.351351351,0,8.108108108,2.702702703,9.459459459,75.67567568,2.702702703
海山集,1868,1946,1907,역대문집DB,0,15,1,376,10,0,1,403,,0.248138958,0,2.481389578,0.248138958,3.722084367,93.30024814,0
吾山文集,1870,1945,1907,역대문집DB,0,36,3,111,7,1,13,171,,7.602339181,0,4.093567251,1.754385965,21.05263158,64.9122807,0.584795322
農谷文集,1870,1944,1907,역대문집DB,4,15,26,213,12,21,4,295,,1.355932203,1.355932203,4.06779661,8.813559322,5.084745763,72.20338983,7.118644068
夷川集,1870,1945,1907,역대문집DB,0,348,23,264,45,13,28,721,,3.883495146,0,6.241331484,3.19001387,48.26629681,36.61581137,1.803051318
竹下遺稿,1871,1944,1907,역대문집DB,0,0,3,63,0,0,0,66,,0,0,0,4.545454545,0,95.45454545,0
耕庵遺稿,1871,1944,1907,역대문집DB,0,9,6,196,2,3,0,216,,0,0,0.925925926,2.777777778,4.166666667,90.74074074,1.388888889
石我文集,1872,1943,1907,역대문집DB,4,21,3,124,5,7,1,165,,0.606060606,2.424242424,3.03030303,1.818181818,12.72727273,75.15151515,4.242424242
敬齋遺稿,1872,1943,1907,역대문집DB,0,5,0,142,0,14,0,161,,0,0,0,0,3.105590062,88.19875776,8.695652174
家鄕彙儀,1879,1936,1907,역대문집DB,0,123,16,234,41,36,21,471,,4.458598726,0,8.704883227,3.397027601,26.11464968,49.68152866,7.643312102
晦山文集,1880,1935,1907,역대문집DB,0,68,12,218,7,8,17,330,,5.151515152,0,2.121212121,3.636363636,20.60606061,66.06060606,2.424242424
守齋遺稿,1883,1932,1907,역대문집DB,0,90,9,176,9,3,3,290,,1.034482759,0,3.103448276,3.103448276,31.03448276,60.68965517,1.034482759
斗南私稿,1890,1925,1907,역대문집DB,0,31,16,186,11,6,20,270,,7.407407407,0,4.074074074,5.925925926,11.48148148,68.88888889,2.222222222
城隱遺稿,1868,1948,1908,역대문집DB,0,0,6,99,0,7,0,112,,0,0,0,5.357142857,0,88.39285714,6.25
蘇眉遺稿,1868,1948,1908,역대문집DB,0,31,2,550,10,1,0,594,,0,0,1.683501684,0.336700337,5.218855219,92.59259259,0.168350168
石蕉遺稿,1868,1949,1908,역대문집DB,1,0,4,195,0,0,3,203,,1.477832512,0.492610837,0,1.97044335,0,96.0591133,0
思軒遺稿,1869,1947,1908,역대문집DB,0,40,23,127,10,7,46,253,,18.18181818,0,3.95256917,9.090909091,15.81027668,50.19762846,2.766798419
畿軒集,1869,1947,1908,역대문집DB,0,68,10,387,44,9,9,527,,1.707779886,0,8.34914611,1.897533207,12.90322581,73.4345351,1.707779886
立巖集,1869,1947,1908,역대문집DB,0,513,47,768,50,45,72,1495,,4.816053512,0,3.344481605,3.143812709,34.31438127,51.37123746,3.010033445
正谷遺集,1870,1947,1908,역대문집DB,0,10,4,250,3,9,3,279,,1.075268817,0,1.075268817,1.433691756,3.584229391,89.60573477,3.225806452
止齋遺稿,1871,1946,1908,역대문집DB,0,56,5,112,26,3,6,208,,2.884615385,0,12.5,2.403846154,26.92307692,53.84615385,1.442307692
湖雲遺稿,1872,1945,1908,역대문집DB,0,0,1,134,0,2,0,137,,0,0,0,0.729927007,0,97.81021898,1.459854015
屛巢遺稿,1873,1944,1908,역대문집DB,0,14,4,103,0,3,1,125,,0.8,0,0,3.2,11.2,82.4,2.4
心守軒遺稿,1875,1941,1908,역대문집DB,0,18,1,84,7,0,0,110,,0,0,6.363636364,0.909090909,16.36363636,76.36363636,0
悔窩文集,1875,1942,1908,역대문집DB,0,68,5,165,11,7,6,262,,2.290076336,0,4.198473282,1.908396947,25.95419847,62.97709924,2.671755725
學山遺稿,1876,1940,1908,역대문집DB,0,15,3,82,9,1,4,114,,3.50877193,0,7.894736842,2.631578947,13.15789474,71.92982456,0.877192982
龜村集,1876,1941,1908,역대문집DB,0,88,29,511,23,21,29,701,,4.136947218,0,3.281027104,4.136947218,12.55349501,72.89586305,2.995720399
稽岡遺輯,1878,1938,1908,역대문집DB,0,30,5,107,6,0,0,148,,0,0,4.054054054,3.378378378,20.27027027,72.2972973,0
畸堂集,1879,1937,1908,역대문집DB,0,17,3,142,6,0,2,170,,1.176470588,0,3.529411765,1.764705882,10,83.52941176,0
耳山文集,1885,1931,1908,역대문집DB,0,6,5,116,21,2,0,150,,0,0,14,3.333333333,4,77.33333333,1.333333333
堅菴集,1887,1930,1908,역대문집DB,0,50,4,56,4,15,1,130,,0.769230769,0,3.076923077,3.076923077,38.46153846,43.07692308,11.53846154
野隱遺稿,1869,1950,1909,역대문집DB,0,14,9,95,16,7,9,150,,6,0,10.66666667,6,9.333333333,63.33333333,4.666666667
偶齋文集,1869,1949,1909,역대문집DB,0,38,12,127,22,14,13,226,,5.752212389,0,9.734513274,5.309734513,16.81415929,56.19469027,6.194690265
復菴先生文集,1871,1947,1909,역대문집DB,0,147,31,349,14,16,7,564,,1.241134752,0,2.482269504,5.496453901,26.06382979,61.87943262,2.836879433
百愧集,1871,1948,1909,역대문집DB,0,148,17,415,43,15,7,645,,1.085271318,0,6.666666667,2.635658915,22.94573643,64.34108527,2.325581395
元谷集,1872,1947,1909,역대문집DB,0,27,8,386,15,12,2,450,,0.444444444,0,3.333333333,1.777777778,6,85.77777778,2.666666667
春巖私稿,1874,1944,1909,역대문집DB,0,46,17,73,10,11,40,197,,20.30456853,0,5.076142132,8.629441624,23.35025381,37.05583756,5.583756345
后南文集,1875,1943,1909,역대문집DB,0,45,3,159,5,6,4,222,,1.801801802,0,2.252252252,1.351351351,20.27027027,71.62162162,2.702702703
性菴集,1875,1943,1909,역대문집DB,0,72,5,387,10,5,3,482,,0.622406639,0,2.074688797,1.037344398,14.93775934,80.29045643,1.037344398
澹山集,1875,1943,1909,역대문집DB,0,132,26,253,25,15,19,470,,4.042553191,0,5.319148936,5.531914894,28.08510638,53.82978723,3.191489362
止齋文集,1876,1943,1909,역대문집DB,0,54,20,147,24,13,7,265,,2.641509434,0,9.056603774,7.547169811,20.37735849,55.47169811,4.905660377
尤堂集拾遺,1876,1943,1909,역대문집DB,0,9,5,91,1,3,5,114,,4.385964912,0,0.877192982,4.385964912,7.894736842,79.8245614,2.631578947
希齋文集,1881,1938,1909,역대문집DB,0,75,5,249,23,2,3,357,,0.840336134,0,6.442577031,1.400560224,21.00840336,69.74789916,0.56022409
內山遺稿,1882,1937,1909,역대문집DB,0,37,2,286,9,1,0,335,,0,0,2.686567164,0.597014925,11.04477612,85.37313433,0.298507463
松溪文集,1865,1956,1910,역대문집DB,1,174,25,434,36,66,11,747,,1.472556894,0.133868809,4.819277108,3.346720214,23.29317269,58.09906292,8.835341365
滄皐集,1868,1953,1910,역대문집DB,6,17,15,202,12,17,15,284,,5.281690141,2.112676056,4.225352113,5.281690141,5.985915493,71.12676056,5.985915493
畏山文集,1869,1951,1910,역대문집DB,0,12,9,276,6,10,23,336,,6.845238095,0,1.785714286,2.678571429,3.571428571,82.14285714,2.976190476
致齋集,1869,1951,1910,역대문집DB,0,148,18,513,17,22,9,727,,1.237964237,0,2.338376891,2.475928473,20.35763411,70.56396149,3.026134801
虞山文集,1869,1951,1910,역대문집DB,0,33,24,76,41,16,20,210,,9.523809524,0,19.52380952,11.42857143,15.71428571,36.19047619,7.619047619
翠庵遺稿,1871,1950,1910,역대문집DB,0,0,0,201,0,0,0,201,,0,0,0,0,0,100,0
學稼遺稿,1871,1949,1910,역대문집DB,21,27,4,141,8,6,5,212,,2.358490566,9.905660377,3.773584906,1.886792453,12.73584906,66.50943396,2.830188679
愚齋文集,1872,1949,1910,역대문집DB,0,35,14,221,0,5,9,284,,3.169014085,0,0,4.929577465,12.32394366,77.81690141,1.76056338
石泉續稿,1872,1948,1910,역대문집DB,0,293,12,223,10,19,4,561,,0.713012478,0,1.782531194,2.139037433,52.22816399,39.75044563,3.386809269
伊山集,1873,1948,1910,역대문집DB,0,116,4,270,40,3,1,434,,0.230414747,0,9.216589862,0.921658986,26.7281106,62.21198157,0.69124424
石隱文集,1874,1947,1910,역대문집DB,0,39,10,106,22,15,0,192,,0,0,11.45833333,5.208333333,20.3125,55.20833333,7.8125
松塢遺稿,1875,1945,1910,역대문집DB,0,57,4,312,10,4,1,388,,0.257731959,0,2.577319588,1.030927835,14.69072165,80.41237113,1.030927835
克齋集,1875,1945,1910,역대문집DB,4,174,74,188,50,103,264,857,,30.80513419,0.466744457,5.834305718,8.634772462,20.3033839,21.9369895,12.01866978
可軒文集,1876,1945,1910,역대문집DB,0,45,9,263,16,0,3,336,,0.892857143,0,4.761904762,2.678571429,13.39285714,78.27380952,0
來山遺稿,1878,1943,1910,역대문집DB,0,0,1,103,0,0,0,104,,0,0,0,0.961538462,0,99.03846154,0
畏堂遺稿,1878,1942,1910,역대문집DB,0,4,1,140,7,0,0,152,,0,0,4.605263158,0.657894737,2.631578947,92.10526316,0
松岡遺稿,1881,1939,1910,역대문집DB,0,5,0,61,3,1,1,71,,1.408450704,0,4.225352113,0,7.042253521,85.91549296,1.408450704
?巖集,1888,1933,1910,역대문집DB,0,21,2,220,8,4,3,258,,1.162790698,0,3.100775194,0.775193798,8.139534884,85.27131783,1.550387597
沙陽遺稿,1867,1955,1911,역대문집DB,0,25,0,94,11,2,0,132,,0,0,8.333333333,0,18.93939394,71.21212121,1.515151515
古齋文集,1870,1953,1911,역대문집DB,0,44,21,199,7,34,6,311,,1.92926045,0,2.250803859,6.752411576,14.14790997,63.98713826,10.93247588
雲林逸稿,1870,1953,1911,역대문집DB,0,14,0,173,14,1,0,202,,0,0,6.930693069,0,6.930693069,85.64356436,0.495049505
後松遺稿,1871,1952,1911,역대문집DB,0,35,9,68,6,6,4,128,,3.125,0,4.6875,7.03125,27.34375,53.125,4.6875
百泉集,1871,1951,1911,역대문집DB,0,63,20,191,19,33,48,374,,12.8342246,0,5.080213904,5.347593583,16.84491979,51.06951872,8.823529412
華山文集,1875,1947,1911,역대문집DB,0,41,8,184,4,7,15,259,,5.791505792,0,1.544401544,3.088803089,15.83011583,71.04247104,2.702702703
溪軒遺稿,1875,1947,1911,역대문집DB,0,1,0,49,0,0,0,50,,0,0,0,0,2,98,0
雲樵遺稿,1876,1947,1911,역대문집DB,0,23,2,118,34,0,7,184,,3.804347826,0,18.47826087,1.086956522,12.5,64.13043478,0
雷山遺稿,1876,1946,1911,역대문집DB,0,29,9,280,5,13,7,343,,2.040816327,0,1.457725948,2.623906706,8.454810496,81.63265306,3.790087464
剛窩集,1876,1946,1911,역대문집DB,0,43,10,226,20,5,7,311,,2.250803859,0,6.430868167,3.215434084,13.82636656,72.66881029,1.607717042
履道齋遺稿,1877,1946,1911,역대문집DB,0,2,1,55,8,0,0,66,,0,0,12.12121212,1.515151515,3.03030303,83.33333333,0
活菴遺稿,1878,1944,1911,역대문집DB,0,81,11,189,24,16,30,351,,8.547008547,0,6.837606838,3.133903134,23.07692308,53.84615385,4.558404558
湖庵文集,1881,1941,1911,역대문집DB,0,67,9,148,18,11,3,256,,1.171875,0,7.03125,3.515625,26.171875,57.8125,4.296875
心菴遺稿,1882,1941,1911,역대문집DB,0,112,35,133,0,54,24,358,,6.703910615,0,0,9.776536313,31.2849162,37.15083799,15.08379888
石田遺稿,1883,1940,1911,역대문집DB,0,26,3,41,4,1,4,79,,5.063291139,0,5.063291139,3.797468354,32.91139241,51.89873418,1.265822785
稼隱逸稿,1883,1940,1911,역대문집DB,0,0,2,115,0,0,0,117,,0,0,0,1.709401709,0,98.29059829,0
約齋文集,1885,1937,1911,역대문집DB,0,109,15,189,36,18,13,380,,3.421052632,0,9.473684211,3.947368421,28.68421053,49.73684211,4.736842105
紹塘遺稿,1889,1933,1911,역대문집DB,0,47,24,69,9,13,23,185,,12.43243243,0,4.864864865,12.97297297,25.40540541,37.2972973,7.027027027
月洲遺稿,1895,1928,1911,역대문집DB,1,32,8,70,12,3,2,128,,1.5625,0.78125,9.375,6.25,25,54.6875,2.34375
惺軒先生文集,1871,1954,1912,역대문집DB,0,35,35,191,4,61,42,368,,11.41304348,0,1.086956522,9.510869565,9.510869565,51.90217391,16.57608696
魯齋文集,1871,1953,1912,역대문집DB,0,51,3,277,31,6,4,372,,1.075268817,0,8.333333333,0.806451613,13.70967742,74.46236559,1.612903226
錦西遺稿,1871,1954,1912,역대문집DB,0,39,3,292,34,4,2,374,,0.534759358,0,9.090909091,0.802139037,10.42780749,78.07486631,1.069518717
愼小齋遺稿,1872,1952,1912,역대문집DB,0,32,14,95,0,0,2,143,,1.398601399,0,0,9.79020979,22.37762238,66.43356643,0
小波詩文選稿,1872,1953,1912,역대문집DB,0,8,28,825,5,15,12,893,,1.343784994,0,0.559910414,3.13549832,0.895856663,92.38521837,1.679731243
可林文集,1875,1950,1912,역대문집DB,0,64,14,266,48,4,8,404,,1.98019802,0,11.88118812,3.465346535,15.84158416,65.84158416,0.99009901
槐庵逸稿,1877,1948,1912,역대문집DB,0,0,4,77,4,4,0,89,,0,0,4.494382022,4.494382022,0,86.51685393,4.494382022
後菴文集,1878,1947,1912,역대문집DB,0,164,63,285,22,93,176,803,,21.91780822,0,2.739726027,7.845579078,20.4234122,35.49190535,11.58156912
鳳山文集,1878,1947,1912,역대문집DB,0,18,14,42,20,12,22,128,,17.1875,0,15.625,10.9375,14.0625,32.8125,9.375
和軒文集,1880,1945,1912,역대문집DB,0,91,12,367,35,26,17,548,,3.102189781,0,6.386861314,2.189781022,16.60583942,66.97080292,4.744525547
濯淸遺稿,1880,1944,1912,역대문집DB,0,40,4,34,10,6,0,94,,0,0,10.63829787,4.255319149,42.55319149,36.17021277,6.382978723
誠齋文集,1881,1944,1912,역대문집DB,0,141,39,82,14,120,14,410,,3.414634146,0,3.414634146,9.512195122,34.3902439,20,29.26829268
景陽齋遺稿,1883,1941,1912,역대문집DB,0,69,8,137,14,10,19,257,,7.392996109,0,5.447470817,3.112840467,26.84824903,53.307393,3.891050584
修堂遺稿,1885,1940,1912,역대문집DB,0,74,12,151,11,25,19,292,,6.506849315,0,3.767123288,4.109589041,25.34246575,51.71232877,8.561643836
月峰遺稿,1890,1935,1912,역대문집DB,0,4,4,353,4,15,2,382,,0.523560209,0,1.047120419,1.047120419,1.047120419,92.40837696,3.926701571
草盧遺稿,1894,1930,1912,역대문집DB,0,20,1,54,5,0,0,80,,0,0,6.25,1.25,25,67.5,0
雲岡集,1870,1956,1913,역대문집DB,0,26,1,206,14,3,4,254,,1.57480315,0,5.511811024,0.393700787,10.23622047,81.1023622,1.181102362
玉山集,1873,1953,1913,역대문집DB,1,34,27,109,15,61,0,247,,0,0.4048583,6.072874494,10.93117409,13.76518219,44.12955466,24.69635628
松川集,1875,1952,1913,역대문집DB,1,114,53,433,22,73,56,752,,7.446808511,0.132978723,2.925531915,7.04787234,15.15957447,57.57978723,9.707446809
明溪遺稿,1875,1951,1913,역대문집DB,0,67,24,260,45,12,11,419,,2.625298329,0,10.7398568,5.727923628,15.99045346,62.05250597,2.863961814
小庵文集,1875,1951,1913,역대문집DB,0,45,1,56,27,3,3,135,,2.222222222,0,20,0.740740741,33.33333333,41.48148148,2.222222222
笑窩文集,1876,1950,1913,역대문집DB,0,11,5,203,11,0,0,230,,0,0,4.782608696,2.173913043,4.782608696,88.26086957,0
恥堂文集,1876,1951,1913,역대문집DB,0,101,26,425,34,26,26,638,,4.07523511,0,5.329153605,4.07523511,15.830721,66.61442006,4.07523511
海窓文集,1878,1949,1913,역대문집DB,0,116,18,355,43,67,57,656,,8.68902439,0,6.554878049,2.743902439,17.68292683,54.11585366,10.21341463
東菴集,1879,1948,1913,역대문집DB,0,67,28,335,20,45,50,545,,9.174311927,0,3.669724771,5.137614679,12.29357798,61.46788991,8.256880734
西澗文集,1879,1948,1913,역대문집DB,0,1,7,44,12,6,13,83,,15.6626506,0,14.45783133,8.43373494,1.204819277,53.01204819,7.228915663
石齋遺稿,1879,1947,1913,역대문집DB,0,0,3,307,2,2,3,317,,0.94637224,0,0.630914826,0.94637224,0,96.84542587,0.630914826
弘庵遺藁,1880,1947,1913,역대문집DB,0,38,6,106,11,3,14,178,,7.865168539,0,6.179775281,3.370786517,21.34831461,59.5505618,1.685393258
敬軒遺稿,1880,1946,1913,역대문집DB,0,0,0,49,0,0,4,53,,7.547169811,0,0,0,0,92.45283019,0
敬菴集,1883,1944,1913,역대문집DB,1,131,23,367,10,41,30,603,,4.975124378,0.165837479,1.658374793,3.814262023,21.72470978,60.86235489,6.79933665
?齋遺稿,1890,1936,1913,역대문집DB,0,16,2,23,9,2,0,52,,0,0,17.30769231,3.846153846,30.76923077,44.23076923,3.846153846
謹庵遺稿,1898,1928,1913,역대문집DB,0,7,1,48,1,0,0,57,,0,0,1.754385965,1.754385965,12.28070175,84.21052632,0
稽樵文集,1870,1958,1914,역대문집DB,2,132,17,288,20,33,61,553,,11.03074141,0.361663653,3.616636528,3.074141049,23.86980108,52.079566,5.967450271
樂吾齋遺稿,1871,1957,1914,역대문집DB,0,46,1,223,0,0,0,270,,0,0,0,0.37037037,17.03703704,82.59259259,0
何山文集,1873,1956,1914,역대문집DB,0,8,34,56,10,34,69,211,,32.7014218,0,4.739336493,16.11374408,3.791469194,26.54028436,16.11374408
懶齋遺稿,1874,1955,1914,역대문집DB,0,2,8,158,34,29,31,262,,11.83206107,0,12.97709924,3.053435115,0.763358779,60.30534351,11.06870229
廬隱遺稿,1875,1953,1914,역대문집DB,0,35,8,81,21,3,4,152,,2.631578947,0,13.81578947,5.263157895,23.02631579,53.28947368,1.973684211
湖隱文集,1876,1953,1914,역대문집DB,0,5,4,111,9,2,1,132,,0.757575758,0,6.818181818,3.03030303,3.787878788,84.09090909,1.515151515
性菴遺稿,1877,1952,1914,역대문집DB,0,1,2,536,3,17,0,559,,0,0,0.53667263,0.357781753,0.178890877,95.88550984,3.041144902
琢窩先生文集,1877,1952,1914,역대문집DB,0,256,27,324,29,23,11,670,,1.641791045,0,4.328358209,4.029850746,38.20895522,48.35820896,3.432835821
及愚齋集,1878,1950,1914,역대문집DB,2,100,213,1789,35,174,440,2753,,15.98256448,0.07264802,1.271340356,7.737014166,3.632401017,64.9836542,6.32037777
愚堂遺稿,1878,1951,1914,역대문집DB,0,4,4,75,6,7,0,96,,0,0,6.25,4.166666667,4.166666667,78.125,7.291666667
退山文集,1879,1949,1914,역대문집DB,0,149,2,167,41,3,4,366,,1.092896175,0,11.20218579,0.546448087,40.71038251,45.6284153,0.819672131
定軒遺稿,1879,1949,1914,역대문집DB,0,8,1,137,7,2,8,163,,4.90797546,0,4.294478528,0.613496933,4.90797546,84.04907975,1.226993865
圭窩文集,1879,1950,1914,역대문집DB,0,53,2,347,21,3,3,429,,0.699300699,0,4.895104895,0.466200466,12.35431235,80.88578089,0.699300699
學岡遺稿,1881,1948,1914,역대문집DB,0,43,34,133,14,44,16,284,,5.633802817,0,4.929577465,11.97183099,15.14084507,46.83098592,15.49295775
彌堂文集,1883,1946,1914,역대문집DB,0,67,9,357,12,11,7,463,,1.51187905,0,2.591792657,1.943844492,14.47084233,77.10583153,2.375809935
眞齋私稿,1890,1939,1914,역대문집DB,0,98,8,81,18,4,13,222,,5.855855856,0,8.108108108,3.603603604,44.14414414,36.48648649,1.801801802
健齋文集,1873,1958,1915,역대문집DB,0,65,4,305,14,3,9,400,,2.25,0,3.5,1,16.25,76.25,0.75
誠齋文集,1876,1954,1915,역대문집DB,0,77,22,563,14,22,5,703,,0.711237553,0,1.991465149,3.129445235,10.95305832,80.08534851,3.129445235
玉涯遺稿,1878,1952,1915,역대문집DB,0,84,9,77,24,5,8,207,,3.8647343,0,11.5942029,4.347826087,40.57971014,37.19806763,2.415458937
誠庵先生文集,1878,1952,1915,역대문집DB,3,86,12,1311,31,44,19,1506,,1.261620186,0.199203187,2.058432935,0.796812749,5.710491368,87.05179283,2.921646746
愚圃文集,1879,1951,1915,역대문집DB,0,48,15,270,17,58,19,427,,4.449648712,0,3.981264637,3.512880562,11.2412178,63.23185012,13.58313817
心汕遺藁,1879,1952,1915,역대문집DB,0,4,7,262,3,0,0,276,,0,0,1.086956522,2.536231884,1.449275362,94.92753623,0
石山遺稿,1880,1951,1915,역대문집DB,0,3,5,141,3,5,0,157,,0,0,1.910828025,3.184713376,1.910828025,89.8089172,3.184713376
澤齋集,1880,1951,1915,역대문집DB,0,84,39,734,37,51,60,1005,,5.970149254,0,3.68159204,3.880597015,8.358208955,73.03482587,5.074626866
欽齋文集,1881,1949,1915,역대문집DB,0,21,9,193,6,7,5,241,,2.074688797,0,2.489626556,3.734439834,8.713692946,80.08298755,2.904564315
智山遺稿,1881,1949,1915,역대문집DB,0,11,3,167,5,5,2,193,,1.03626943,0,2.590673575,1.554404145,5.699481865,86.52849741,2.590673575
宜庵文集,1882,1948,1915,역대문집DB,0,134,17,259,36,15,41,502,,8.167330677,0,7.171314741,3.386454183,26.69322709,51.5936255,2.988047809
愚石文集,1882,1949,1915,역대문집DB,3,90,9,287,25,9,5,428,,1.168224299,0.700934579,5.841121495,2.102803738,21.02803738,67.05607477,2.102803738
省齋遺稿,1882,1948,1915,역대문집DB,0,19,0,48,14,0,7,88,,7.954545455,0,15.90909091,0,21.59090909,54.54545455,0
退修齋集,1882,1948,1915,역대문집DB,0,137,26,265,30,24,22,504,,4.365079365,0,5.952380952,5.158730159,27.18253968,52.57936508,4.761904762
玄山文集,1882,1948,1915,역대문집DB,0,59,32,36,15,34,68,244,,27.86885246,0,6.147540984,13.1147541,24.18032787,14.75409836,13.93442623
幾宇集,1883,1948,1915,역대문집DB,0,74,28,658,26,29,10,825,,1.212121212,0,3.151515152,3.393939394,8.96969697,79.75757576,3.515151515
直庵遺集,1887,1944,1915,역대문집DB,0,24,5,601,14,9,6,659,,0.91047041,0,2.124430956,0.758725341,3.641881639,91.19878604,1.365705615
謙受齋遺稿,1891,1940,1915,역대문집DB,0,54,2,99,8,2,1,166,,0.602409639,0,4.819277108,1.204819277,32.53012048,59.63855422,1.204819277
成窩遺稿,1892,1938,1915,역대문집DB,0,70,5,52,19,0,0,146,,0,0,13.01369863,3.424657534,47.94520548,35.61643836,0
欽齋文藁,1873,1960,1916,역대문집DB,0,65,29,179,14,31,35,353,,9.915014164,0,3.966005666,8.21529745,18.41359773,50.7082153,8.781869688
立庵文集,1873,1959,1916,역대문집DB,0,78,20,351,19,26,22,516,,4.263565891,0,3.682170543,3.875968992,15.11627907,68.02325581,5.03875969
晦峰遺稿,1873,1959,1916,역대문집DB,0,263,35,318,23,30,89,758,,11.7414248,0,3.034300792,4.617414248,34.69656992,41.9525066,3.957783641
古庵文集,1874,1958,1916,역대문집DB,0,86,18,148,31,33,35,351,,9.971509972,0,8.831908832,5.128205128,24.5014245,42.16524217,9.401709402
止菴文集,1876,1957,1916,역대문집DB,0,50,9,588,9,22,11,689,,1.596516691,0,1.306240929,1.306240929,7.256894049,85.34107402,3.193033382
春塘遺稿,1879,1953,1916,역대문집DB,0,2,1,35,5,1,7,51,,13.7254902,0,9.803921569,1.960784314,3.921568627,68.62745098,1.960784314
兢庵遺稿,1880,1952,1916,역대문집DB,0,0,0,74,3,1,0,78,,0,0,3.846153846,0,0,94.87179487,1.282051282
河山文集,1881,1951,1916,역대문집DB,0,55,30,225,36,24,12,382,,3.141361257,0,9.42408377,7.853403141,14.39790576,58.90052356,6.282722513
厚菴遺稿續編,1883,1950,1916,역대문집DB,0,170,26,471,32,56,11,766,,1.436031332,0,4.177545692,3.394255875,22.19321149,61.48825065,7.310704961
友石遺稿,1884,1949,1916,역대문집DB,0,4,2,132,1,2,2,143,,1.398601399,0,0.699300699,1.398601399,2.797202797,92.30769231,1.398601399
?東逸稿,1889,1944,1916,역대문집DB,0,3,3,105,4,2,1,118,,0.847457627,0,3.389830508,2.542372881,2.542372881,88.98305085,1.694915254
固菴集,1889,1943,1916,역대문집DB,0,131,46,275,42,63,103,660,,15.60606061,0,6.363636364,6.96969697,19.84848485,41.66666667,9.545454545
平窩文集,1892,1940,1916,역대문집DB,0,33,3,129,18,0,1,184,,0.543478261,0,9.782608696,1.630434783,17.93478261,70.10869565,0
忍庵先生文集,1874,1961,1917,역대문집DB,0,204,161,624,65,193,408,1655,,24.65256798,0,3.927492447,9.728096677,12.32628399,37.70392749,11.66163142
畏齋文集,1876,1959,1917,역대문집DB,0,6,0,183,0,0,0,189,,0,0,0,0,3.174603175,96.82539683,0
海難文集,1878,1956,1917,역대문집DB,0,25,10,70,11,14,14,144,,9.722222222,0,7.638888889,6.944444444,17.36111111,48.61111111,9.722222222
溪隱遺稿,1880,1954,1917,역대문집DB,0,25,3,135,10,11,6,190,,3.157894737,0,5.263157895,1.578947368,13.15789474,71.05263158,5.789473684
兢庵文集,1881,1954,1917,역대문집DB,0,36,8,105,39,16,16,220,,7.272727273,0,17.72727273,3.636363636,16.36363636,47.72727273,7.272727273
蒼溪遺稿,1881,1953,1917,역대문집DB,1,176,20,654,84,68,6,1009,,0.594648167,0.099108028,8.325074331,1.982160555,17.44301288,64.81665015,6.739345887
岳陽集,1882,1952,1917,역대문집DB,0,135,36,438,24,41,66,740,,8.918918919,0,3.243243243,4.864864865,18.24324324,59.18918919,5.540540541
陶村遺集,1884,1950,1917,역대문집DB,0,38,4,150,6,1,1,200,,0.5,0,3,2,19,75,0.5
巽軒先生文集,1886,1948,1917,역대문집DB,0,49,7,153,22,3,3,237,,1.265822785,0,9.282700422,2.953586498,20.67510549,64.55696203,1.265822785
惺軒集,1888,1947,1917,역대문집DB,0,33,15,216,34,4,26,328,,7.926829268,0,10.36585366,4.573170732,10.06097561,65.85365854,1.219512195
止齋遺稿,1878,1958,1918,역대문집DB,0,101,10,267,21,7,6,412,,1.45631068,0,5.097087379,2.427184466,24.51456311,64.80582524,1.699029126
愚堂文集,1879,1957,1918,역대문집DB,0,167,18,354,34,18,4,595,,0.672268908,0,5.714285714,3.025210084,28.06722689,59.49579832,3.025210084
靖山文集,1880,1957,1918,역대문집DB,0,11,1,210,0,3,4,229,,1.746724891,0,0,0.436681223,4.80349345,91.70305677,1.310043668
雪軒遺稿,1880,1957,1918,역대문집DB,0,17,2,107,4,7,5,142,,3.521126761,0,2.816901408,1.408450704,11.97183099,75.35211268,4.929577465
?溪先生續集,1881,1956,1918,역대문집DB,0,34,0,28,0,5,2,69,,2.898550725,0,0,0,49.27536232,40.57971014,7.246376812
玉田文集,1881,1956,1918,역대문집DB,0,60,3,257,37,18,8,383,,2.088772846,0,9.660574413,0.783289817,15.66579634,67.10182768,4.699738903
平齋遺稿,1886,1950,1918,역대문집DB,0,89,8,128,24,4,3,256,,1.171875,0,9.375,3.125,34.765625,50,1.5625
栗隱遺稿,1887,1949,1918,역대문집DB,0,2,1,40,5,0,11,59,,18.6440678,0,8.474576271,1.694915254,3.389830508,67.79661017,0
華雲遺稿,1888,1949,1918,역대문집DB,1,35,8,412,20,11,15,502,,2.988047809,0.199203187,3.984063745,1.593625498,6.972111554,82.07171315,2.19123506
梨堂遺稿,1898,1939,1918,역대문집DB,0,32,3,143,7,6,4,195,,2.051282051,0,3.58974359,1.538461538,16.41025641,73.33333333,3.076923077
雪舟遺稿,1874,1965,1919,역대문집DB,0,29,2,464,1,0,0,496,,0,0,0.201612903,0.403225806,5.846774194,93.5483871,0
耕山遺稿,1875,1963,1919,역대문집DB,1,111,23,861,49,28,12,1085,,1.105990783,0.092165899,4.516129032,2.119815668,10.23041475,79.35483871,2.580645161
曙山遺稿,1879,1959,1919,역대문집DB,0,60,12,382,12,22,25,513,,4.873294347,0,2.339181287,2.339181287,11.69590643,74.46393762,4.288499025
汶岡先生文集,1879,1959,1919,역대문집DB,0,63,4,141,22,14,2,246,,0.81300813,0,8.943089431,1.62601626,25.6097561,57.31707317,5.691056911
弘菴集,1881,1957,1919,역대문집DB,0,28,17,154,11,10,30,250,,12,0,4.4,6.8,11.2,61.6,4
東山遺稿,1882,1956,1919,역대문집DB,1,87,26,238,39,68,124,583,,21.26929674,0.171526587,6.689536878,4.459691252,14.92281304,40.82332762,11.66380789
學南齋遺稿,1883,1956,1919,역대문집DB,0,107,19,250,14,49,51,490,,10.40816327,0,2.857142857,3.87755102,21.83673469,51.02040816,10
後滄先生文集,1884,1954,1919,역대문집DB,0,336,73,1358,38,68,100,1973,,5.06842372,0,1.926001014,3.699949316,17.0299037,68.82919412,3.44652813
松隱先生遺稿,1871,1970,1920,역대문집DB,0,0,2,76,0,0,1,79,,1.265822785,0,0,2.53164557,0,96.20253165,0
春汀遺稿,1878,1963,1920,역대문집DB,0,44,27,768,16,28,33,916,,3.602620087,0,1.746724891,2.947598253,4.80349345,83.84279476,3.056768559
寓農遺稿,1881,1959,1920,역대문집DB,0,0,2,57,0,0,0,59,,0,0,0,3.389830508,0,96.61016949,0
鰲南遺稿,1881,1959,1920,역대문집DB,0,12,26,43,0,50,59,190,,31.05263158,0,0,13.68421053,6.315789474,22.63157895,26.31578947
松齋遺稿,1883,1958,1920,역대문집DB,0,28,2,128,11,2,4,175,,2.285714286,0,6.285714286,1.142857143,16,73.14285714,1.142857143
蒙軒集,1883,1958,1920,역대문집DB,0,9,2,134,6,0,0,151,,0,0,3.973509934,1.324503311,5.960264901,88.74172185,0
南竹遺稿,1884,1956,1920,역대문집DB,1,55,14,231,4,12,13,330,,3.939393939,0.303030303,1.212121212,4.242424242,16.66666667,70,3.636363636
吾岡文集,1884,1957,1920,역대문집DB,0,64,16,301,43,46,39,509,,7.662082515,0,8.447937132,3.143418468,12.57367387,59.13555992,9.037328094
有齋遺稿,1885,1955,1920,역대문집DB,0,44,4,267,13,3,5,336,,1.488095238,0,3.869047619,1.19047619,13.0952381,79.46428571,0.892857143
韋堂遺藁,1885,1956,1920,역대문집DB,0,39,4,217,15,1,1,277,,0.36101083,0,5.415162455,1.444043321,14.07942238,78.33935018,0.36101083
直齋文集,1887,1954,1920,역대문집DB,0,95,10,145,13,14,5,282,,1.773049645,0,4.609929078,3.546099291,33.68794326,51.41843972,4.964539007
克齋遺稿,1887,1953,1920,역대문집DB,0,34,1,270,2,1,0,308,,0,0,0.649350649,0.324675325,11.03896104,87.66233766,0.324675325
梧山遺稿,1889,1952,1920,역대문집DB,6,11,12,98,0,26,2,155,,1.290322581,3.870967742,0,7.741935484,7.096774194,63.22580645,16.77419355
醒齋遺稿,1892,1949,1920,역대문집DB,0,62,13,236,10,20,1,342,,0.292397661,0,2.923976608,3.801169591,18.12865497,69.00584795,5.847953216
松浦遺稿,1877,1965,1921,역대문집DB,0,45,33,268,8,51,48,453,,10.59602649,0,1.766004415,7.284768212,9.933774834,59.1611479,11.25827815
緩齋集,1880,1963,1921,역대문집DB,0,7,16,330,5,32,8,398,,2.010050251,0,1.256281407,4.020100503,1.75879397,82.91457286,8.040201005
重窩遺稿,1881,1961,1921,역대문집DB,0,102,5,445,14,12,10,588,,1.700680272,0,2.380952381,0.850340136,17.34693878,75.68027211,2.040816327
吾山文集,1882,1961,1921,역대문집DB,0,66,46,272,14,49,52,499,,10.42084168,0,2.805611222,9.218436874,13.22645291,54.50901804,9.819639279
石蓮遺稿,1884,1958,1921,역대문집DB,0,86,27,348,7,36,16,520,,3.076923077,0,1.346153846,5.192307692,16.53846154,66.92307692,6.923076923
月谷集,1887,1956,1921,역대문집DB,0,43,12,263,13,34,40,405,,9.87654321,0,3.209876543,2.962962963,10.61728395,64.9382716,8.395061728
山隱遺稿,1888,1954,1921,역대문집DB,0,0,3,164,0,0,0,167,,0,0,0,1.796407186,0,98.20359281,0
志仁齋遺稿,1890,1952,1921,역대문집DB,0,24,1,75,7,0,2,109,,1.834862385,0,6.422018349,0.917431193,22.01834862,68.80733945,0
後琴遺藁,1896,1946,1921,역대문집DB,0,18,1,93,2,4,1,119,,0.840336134,0,1.680672269,0.840336134,15.12605042,78.1512605,3.361344538
梅峰遺稿,1897,1946,1921,역대문집DB,0,73,13,199,22,11,6,324,,1.851851852,0,6.790123457,4.012345679,22.5308642,61.41975309,3.395061728
聾石文集,1876,1969,1922,역대문집DB,0,49,22,160,20,22,64,337,,18.99109792,0,5.934718101,6.528189911,14.54005935,47.47774481,6.528189911
一峰遺稿,1878,1967,1922,역대문집DB,0,19,8,65,22,3,10,127,,7.874015748,0,17.32283465,6.299212598,14.96062992,51.18110236,2.362204724
東湄文集,1880,1964,1922,역대문집DB,0,41,32,182,0,7,6,268,,2.23880597,0,0,11.94029851,15.29850746,67.91044776,2.611940299
松潭遺稿,1881,1964,1922,역대문집DB,0,7,4,281,16,11,2,321,,0.62305296,0,4.984423676,1.246105919,2.180685358,87.53894081,3.426791277
愚軒遺稿,1881,1963,1922,역대문집DB,0,0,5,291,7,13,0,316,,0,0,2.215189873,1.582278481,0,92.08860759,4.113924051
農窩遺稿,1881,1964,1922,역대문집DB,0,25,10,107,0,2,108,252,,42.85714286,0,0,3.968253968,9.920634921,42.46031746,0.793650794
正齋集,1884,1961,1922,역대문집DB,0,254,124,618,23,111,181,1311,,13.80625477,0,1.754385965,9.45842868,19.37452326,47.1395881,8.466819222
吾廬遺稿,1884,1960,1922,역대문집DB,0,24,0,106,20,0,2,152,,1.315789474,0,13.15789474,0,15.78947368,69.73684211,0
醒巖文稿,1884,1960,1922,역대문집DB,0,27,14,69,32,14,6,162,,3.703703704,0,19.75308642,8.641975309,16.66666667,42.59259259,8.641975309
三守堂遺稿,1885,1960,1922,역대문집DB,0,43,4,138,3,0,1,189,,0.529100529,0,1.587301587,2.116402116,22.75132275,73.01587302,0
松石齋遺稿,1886,1959,1922,역대문집DB,0,31,11,138,17,25,35,257,,13.61867704,0,6.614785992,4.280155642,12.06225681,53.69649805,9.727626459
?堂集,1889,1955,1922,역대문집DB,0,63,9,387,17,14,13,503,,2.584493042,0,3.37972167,1.789264414,12.52485089,76.93836978,2.783300199
石堂文集,1890,1955,1922,역대문집DB,0,71,5,115,21,2,1,215,,0.465116279,0,9.76744186,2.325581395,33.02325581,53.48837209,0.930232558
石西遺稿,1891,1954,1922,역대문집DB,0,46,2,143,0,5,3,199,,1.507537688,0,0,1.005025126,23.11557789,71.85929648,2.512562814
包堂文集,1894,1950,1922,역대문집DB,3,67,5,138,44,7,1,265,,0.377358491,1.132075472,16.60377358,1.886792453,25.28301887,52.0754717,2.641509434
古庵文集,1896,1948,1922,역대문집DB,0,87,6,295,20,7,1,416,,0.240384615,0,4.807692308,1.442307692,20.91346154,70.91346154,1.682692308
錦洲文集,1875,1972,1923,역대문집DB,0,8,29,388,10,29,85,549,,15.48269581,0,1.821493625,5.282331512,1.4571949,70.67395264,5.282331512
陽田文集,1883,1963,1923,역대문집DB,0,46,31,227,41,31,79,455,,17.36263736,0,9.010989011,6.813186813,10.10989011,49.89010989,6.813186813
石川遺稿,1884,1962,1923,역대문집DB,0,8,1,87,10,0,0,106,,0,0,9.433962264,0.943396226,7.547169811,82.0754717,0
良谷遺稿(一),1886,1961,1923,역대문집DB,0,6,6,49,7,37,6,111,,5.405405405,0,6.306306306,5.405405405,5.405405405,44.14414414,33.33333333
四友亭閔先生遺稿,1887,1960,1923,역대문집DB,4,4,6,243,5,7,6,275,,2.181818182,1.454545455,1.818181818,2.181818182,1.454545455,88.36363636,2.545454545
惺齋遺稿,1897,1950,1923,역대문집DB,0,77,11,79,25,12,5,209,,2.392344498,0,11.96172249,5.263157895,36.84210526,37.79904306,5.741626794
靖齋遺稿,1898,1948,1923,역대문집DB,0,67,1,99,10,1,2,180,,1.111111111,0,5.555555556,0.555555556,37.22222222,55,0.555555556
竹逸遺稿,1881,1968,1924,역대문집DB,0,15,17,293,12,16,5,358,,1.396648045,0,3.351955307,4.748603352,4.189944134,81.84357542,4.469273743
東隱遺稿,1883,1965,1924,역대문집DB,0,4,13,173,2,7,4,203,,1.97044335,0,0.985221675,6.403940887,1.97044335,85.22167488,3.448275862
?山遺稿,1885,1963,1924,역대문집DB,0,15,10,179,8,9,2,223,,0.896860987,0,3.587443946,4.484304933,6.726457399,80.2690583,4.035874439
東山遺集,1886,1962,1924,역대문집DB,0,45,7,84,10,1,3,150,,2,0,6.666666667,4.666666667,30,56,0.666666667
小溪遺稿,1886,1962,1924,역대문집DB,0,39,5,356,10,4,3,417,,0.71942446,0,2.398081535,1.199040767,9.352517986,85.37170264,0.959232614
壤山遺集,1887,1961,1924,역대문집DB,0,28,19,205,2,19,27,300,,9,0,0.666666667,6.333333333,9.333333333,68.33333333,6.333333333
石荷遺稿,1893,1955,1924,역대문집DB,0,1,3,90,2,3,4,103,,3.883495146,0,1.941747573,2.912621359,0.970873786,87.37864078,2.912621359
溪齋集,1882,1968,1925,역대문집DB,0,56,13,253,6,13,9,350,,2.571428571,0,1.714285714,3.714285714,16,72.28571429,3.714285714
顧吾軒遺稿,1885,1965,1925,역대문집DB,0,24,23,476,6,38,14,581,,2.409638554,0,1.032702238,3.95869191,4.13080895,81.92771084,6.540447504
杏園遺稿,1886,1964,1925,역대문집DB,0,60,3,140,10,5,2,220,,0.909090909,0,4.545454545,1.363636364,27.27272727,63.63636364,2.272727273
松石遺稿,1887,1963,1925,역대문집DB,0,12,1,196,8,2,0,219,,0,0,3.652968037,0.456621005,5.479452055,89.49771689,0.913242009
竹下先生文集,1890,1960,1925,역대문집DB,0,0,3,591,0,0,0,594,,0,0,0,0.505050505,0,99.49494949,0
竹菴集,1890,1961,1925,역대문집DB,0,12,1,54,2,3,2,74,,2.702702703,0,2.702702703,1.351351351,16.21621622,72.97297297,4.054054054
?庵文集,1891,1959,1925,역대문집DB,0,67,18,268,16,23,7,399,,1.754385965,0,4.010025063,4.511278195,16.79197995,67.1679198,5.764411028
鈍庵遺稿,1896,1954,1925,역대문집DB,0,26,6,23,7,2,9,73,,12.32876712,0,9.589041096,8.219178082,35.61643836,31.50684932,2.739726027
午山遺稿,1903,1948,1925,역대문집DB,0,36,4,64,6,0,2,112,,1.785714286,0,5.357142857,3.571428571,32.14285714,57.14285714,0
愼庵文集,1883,1970,1926,역대문집DB,0,66,6,194,9,3,17,295,,5.762711864,0,3.050847458,2.033898305,22.37288136,65.76271186,1.016949153
晦窩遺稿,1884,1968,1926,역대문집DB,0,27,10,181,18,12,11,259,,4.247104247,0,6.94980695,3.861003861,10.42471042,69.88416988,4.633204633
晦堂文集,1890,1962,1926,역대문집DB,0,40,14,185,0,3,8,250,,3.2,0,0,5.6,16,74,1.2
克庵遺稿,1890,1963,1926,역대문집DB,0,23,4,207,16,9,1,260,,0.384615385,0,6.153846154,1.538461538,8.846153846,79.61538462,3.461538462
一齋遺集,1891,1961,1926,역대문집DB,0,5,2,58,10,7,3,85,,3.529411765,0,11.76470588,2.352941176,5.882352941,68.23529412,8.235294118
草堂遺稿,1891,1961,1926,역대문집DB,0,20,9,375,0,5,1,410,,0.243902439,0,0,2.195121951,4.87804878,91.46341463,1.219512195
健齋遺稿,1892,1960,1926,역대문집DB,0,15,3,47,10,5,2,82,,2.43902439,0,12.19512195,3.658536585,18.29268293,57.31707317,6.097560976
雲石遺稿,1892,1961,1926,역대문집DB,0,14,24,257,22,12,24,353,,6.798866856,0,6.232294618,6.798866856,3.966005666,72.80453258,3.399433428
强齋遺稿,1886,1969,1927,역대문집DB,7,50,29,155,20,21,25,307,,8.143322476,2.280130293,6.51465798,9.446254072,16.28664495,50.48859935,6.840390879
艮菴遺稿,1887,1967,1927,역대문집DB,0,35,5,169,6,14,9,238,,3.781512605,0,2.521008403,2.100840336,14.70588235,71.00840336,5.882352941
學田遺稿,1889,1965,1927,역대문집DB,0,59,13,248,21,9,18,368,,4.891304348,0,5.706521739,3.532608696,16.0326087,67.39130435,2.445652174
學圃遺稿,1890,1964,1927,역대문집DB,0,13,0,156,28,0,0,197,,0,0,14.21319797,0,6.598984772,79.18781726,0
玄谷集續編,1893,1961,1927,역대문집DB,30,617,190,697,44,174,394,2146,,18.35973905,1.397949674,2.050326188,8.853681267,28.75116496,32.47903075,8.108108108
一庵遺稿,1893,1961,1927,역대문집DB,0,30,6,147,25,7,6,221,,2.714932127,0,11.31221719,2.714932127,13.57466063,66.5158371,3.167420814
欽窩遺稿,1896,1958,1927,역대문집DB,0,54,8,105,11,4,1,183,,0.546448087,0,6.010928962,4.371584699,29.50819672,57.37704918,2.18579235
東谷集,1888,1969,1928,역대문집DB,20,173,57,177,10,121,126,684,,18.42105263,2.923976608,1.461988304,8.333333333,25.29239766,25.87719298,17.69005848
弘堂文集,1892,1964,1928,역대문집DB,2,50,14,126,31,12,18,253,,7.114624506,0.790513834,12.25296443,5.533596838,19.76284585,49.80237154,4.743083004
樊窩文集,1892,1964,1928,역대문집DB,0,40,22,89,39,15,15,220,,6.818181818,0,17.72727273,10,18.18181818,40.45454545,6.818181818
吾雲實記,1893,1963,1928,역대문집DB,0,0,2,87,2,0,0,91,,0,0,2.197802198,2.197802198,0,95.6043956,0
春泉堂集,1893,1964,1928,역대문집DB,0,60,7,402,13,2,6,490,,1.224489796,0,2.653061224,1.428571429,12.24489796,82.04081633,0.408163265
河山遺稿,1894,1963,1928,역대문집DB,0,28,1,91,12,11,0,143,,0,0,8.391608392,0.699300699,19.58041958,63.63636364,7.692307692
秋岡遺稿,1898,1959,1928,역대문집DB,0,25,7,160,5,8,13,218,,5.963302752,0,2.293577982,3.211009174,11.46788991,73.39449541,3.669724771
溪菴文集,1884,1974,1929,역대문집DB,1,133,59,250,53,90,186,772,,24.09326425,0.129533679,6.865284974,7.642487047,17.22797927,32.38341969,11.65803109
石齋遺稿,1889,1970,1929,역대문집DB,0,19,3,145,4,0,3,174,,1.724137931,0,2.298850575,1.724137931,10.91954023,83.33333333,0
南隱遺稿,1890,1968,1929,역대문집DB,0,2,12,31,4,0,3,52,,5.769230769,0,7.692307692,23.07692308,3.846153846,59.61538462,0
尋齋遺稿,1891,1967,1929,역대문집DB,1,41,28,114,36,27,43,290,,14.82758621,0.344827586,12.4137931,9.655172414,14.13793103,39.31034483,9.310344828
巖廬遺稿,1896,1962,1929,역대문집DB,0,8,2,104,11,2,1,128,,0.78125,0,8.59375,1.5625,6.25,81.25,1.5625
梅堂文稿,1886,1975,1930,역대문집DB,0,95,14,314,28,13,29,493,,5.882352941,0,5.679513185,2.839756592,19.26977688,63.69168357,2.636916836
南谷遺集,1888,1973,1930,역대문집DB,0,43,6,272,11,8,9,349,,2.578796562,0,3.151862464,1.719197708,12.32091691,77.93696275,2.29226361
勉軒遺集,1895,1966,1930,역대문집DB,0,1,8,61,0,4,3,77,,3.896103896,0,0,10.38961039,1.298701299,79.22077922,5.194805195
松塢遺稿,1895,1966,1930,역대문집DB,0,7,2,142,0,2,0,153,,0,0,0,1.307189542,4.575163399,92.81045752,1.307189542
曉堂文集,1901,1960,1930,역대문집DB,0,206,141,469,20,112,191,1139,,16.7690957,0,1.755926251,12.37928007,18.08604039,41.17647059,9.833187006
藝堂稿,1905,1956,1930,역대문집DB,0,5,2,94,4,0,5,110,,4.545454545,0,3.636363636,1.818181818,4.545454545,85.45454545,0
愉軒文集,1906,1955,1930,역대문집DB,0,29,1,22,14,0,0,66,,0,0,21.21212121,1.515151515,43.93939394,33.33333333,0
?齋文集,1889,1973,1931,역대문집DB,0,65,22,366,24,3,24,504,,4.761904762,0,4.761904762,4.365079365,12.8968254,72.61904762,0.595238095
晩隱遺稿,1894,1968,1931,역대문집DB,0,9,6,98,4,1,5,123,,4.06504065,0,3.25203252,4.87804878,7.317073171,79.67479675,0.81300813
玄沙文集,1894,1968,1931,역대문집DB,0,68,56,190,22,30,33,399,,8.270676692,0,5.513784461,14.03508772,17.04260652,47.61904762,7.518796992
晩庵遺稿,1895,1967,1931,역대문집DB,0,0,2,176,9,0,0,187,,0,0,4.812834225,1.069518717,0,94.11764706,0
硯溪文集,1895,1968,1931,역대문집DB,0,30,21,296,39,16,25,427,,5.854800937,0,9.133489461,4.918032787,7.025761124,69.32084309,3.7470726
中巖遺稿,1899,1964,1931,역대문집DB,0,25,3,218,30,4,13,293,,4.436860068,0,10.23890785,1.023890785,8.532423208,74.40273038,1.365187713
南坡遺稿,1894,1971,1932,역대문집DB,0,3,0,194,3,1,0,201,,0,0,1.492537313,0,1.492537313,96.51741294,0.497512438
靜軒文集,1895,1970,1932,역대문집DB,0,68,9,333,54,48,85,597,,14.23785595,0,9.045226131,1.507537688,11.39028476,55.77889447,8.040201005
小溪遺稿,1895,1969,1932,역대문집DB,0,34,6,291,12,2,7,352,,1.988636364,0,3.409090909,1.704545455,9.659090909,82.67045455,0.568181818
向菴遺稿,1908,1956,1932,역대문집DB,0,10,8,28,0,15,5,66,,7.575757576,0,0,12.12121212,15.15151515,42.42424242,22.72727273
念齋集,1888,1978,1933,역대문집DB,0,143,70,908,9,102,198,1430,,13.84615385,0,0.629370629,4.895104895,10,63.4965035,7.132867133
述菴遺集,1891,1975,1933,역대문집DB,0,59,38,416,36,13,57,619,,9.208400646,0,5.815831987,6.138933764,9.531502423,67.20516963,2.100161551
德庵遺稿,1894,1972,1933,역대문집DB,0,17,3,170,12,0,0,202,,0,0,5.940594059,1.485148515,8.415841584,84.15841584,0
月潭遺稿,1895,1971,1933,역대문집DB,0,54,46,237,14,37,163,551,,29.58257713,0,2.540834846,8.34845735,9.800362976,43.01270417,6.715063521
守庵遺藁,1895,1971,1933,역대문집DB,0,85,11,513,24,21,20,674,,2.96735905,0,3.560830861,1.632047478,12.61127596,76.11275964,3.115727003
隱圃文集,1896,1970,1933,역대문집DB,0,94,18,263,12,43,73,503,,14.51292247,0,2.385685885,3.578528827,18.68787276,52.28628231,8.548707753
東雲遺稿,1898,1968,1933,역대문집DB,0,106,34,208,27,17,44,436,,10.09174312,0,6.19266055,7.798165138,24.31192661,47.70642202,3.899082569
蓬山遺稿,1898,1968,1933,역대문집DB,0,61,33,98,18,38,48,296,,16.21621622,0,6.081081081,11.14864865,20.60810811,33.10810811,12.83783784
守窩集,1902,1965,1933,역대문집DB,0,62,1,232,8,0,0,303,,0,0,2.640264026,0.330033003,20.4620462,76.56765677,0
毅堂遺稿,1903,1964,1933,역대문집DB,0,6,3,134,5,3,3,154,,1.948051948,0,3.246753247,1.948051948,3.896103896,87.01298701,1.948051948
直峰遺稿,1920,1946,1933,역대문집DB,0,41,7,17,0,5,0,70,,0,0,0,10,58.57142857,24.28571429,7.142857143
浩溪先生文集,1892,1977,1934,역대문집DB,0,54,15,40,23,7,33,172,,19.18604651,0,13.37209302,8.720930233,31.39534884,23.25581395,4.069767442
荷堂私稿,1894,1974,1934,역대문집DB,0,191,68,199,53,58,67,636,,10.53459119,0,8.333333333,10.6918239,30.03144654,31.28930818,9.119496855
志軒文集,1897,1971,1934,역대문집DB,0,70,47,277,28,29,63,514,,12.25680934,0,5.447470817,9.143968872,13.61867704,53.89105058,5.642023346
晦堂遺稿,1897,1971,1934,역대문집DB,0,10,30,38,4,16,20,118,,16.94915254,0,3.389830508,25.42372881,8.474576271,32.20338983,13.55932203
儉坡文集,1897,1971,1934,역대문집DB,0,31,11,219,29,29,22,341,,6.451612903,0,8.504398827,3.225806452,9.090909091,64.2228739,8.504398827
愚坡先生續集補遺,1900,1970,1935,역대문집DB,0,51,54,187,23,43,70,428,,16.35514019,0,5.373831776,12.61682243,11.91588785,43.69158879,10.04672897
近菴遺稿,1900,1970,1935,역대문집DB,0,21,1,200,0,0,21,243,,8.641975309,0,0,0.411522634,8.641975309,82.30452675,0
海醒遺稿,1901,1970,1935,역대문집DB,0,29,4,122,7,0,4,166,,2.409638554,0,4.21686747,2.409638554,17.46987952,73.4939759,0
溪黎稿,1907,1963,1935,역대문집DB,0,11,1,178,4,2,6,202,,2.97029703,0,1.98019802,0.495049505,5.445544554,88.11881188,0.99009901
龍湖遺集,1894,1978,1936,역대문집DB,0,10,9,76,4,15,0,114,,0,0,3.50877193,7.894736842,8.771929825,66.66666667,13.15789474
肯堂集,1896,1976,1936,역대문집DB,0,118,87,868,38,45,208,1364,,15.24926686,0,2.785923754,6.37829912,8.651026393,63.63636364,3.299120235
守堂遺稿,1900,1972,1936,역대문집DB,0,47,11,187,17,0,0,262,,0,0,6.488549618,4.198473282,17.9389313,71.3740458,0
愚堂遺稿,1903,1969,1936,역대문집DB,0,38,3,193,8,1,10,253,,3.95256917,0,3.162055336,1.185770751,15.01976285,76.28458498,0.395256917
而軒遺稿,1907,1965,1936,역대문집DB,0,3,2,47,3,0,7,62,,11.29032258,0,4.838709677,3.225806452,4.838709677,75.80645161,0
海琴遺藁,1907,1965,1936,역대문집DB,0,19,5,226,9,2,7,268,,2.611940299,0,3.358208955,1.865671642,7.089552239,84.32835821,0.746268657
悟山遺稿,1908,1965,1936,역대문집DB,0,9,14,261,41,6,3,334,,0.898203593,0,12.2754491,4.191616766,2.694610778,78.14371257,1.796407186
元圃遺稿,1893,1982,1937,역대문집DB,0,8,4,60,10,9,4,95,,4.210526316,0,10.52631579,4.210526316,8.421052632,63.15789474,9.473684211
後集,1896,1978,1937,역대문집DB,0,1580,1006,3332,252,1392,1990,9552,,20.83333333,0,2.638190955,10.5318258,16.54103853,34.88274707,14.57286432
新齋文集,1897,1978,1937,역대문집DB,0,32,14,377,35,1,14,473,,2.959830867,0,7.399577167,2.959830867,6.765327696,79.70401691,0.21141649
一松文稿,1897,1977,1937,역대문집DB,0,0,0,269,0,0,0,269,,0,0,0,0,0,100,0
述菴文集,1902,1972,1937,역대문집DB,0,275,165,215,6,149,568,1378,,41.2191582,0,0.435413643,11.97387518,19.95645864,15.60232221,10.81277213
于亭集,1908,1966,1937,역대문집DB,0,29,28,252,21,36,63,429,,14.68531469,0,4.895104895,6.526806527,6.75990676,58.74125874,8.391608392
宗陽遺稿,1896,1980,1938,역대문집DB,0,18,2,337,4,0,0,361,,0,0,1.108033241,0.55401662,4.986149584,93.35180055,0
?山私稿,1898,1979,1938,역대문집DB,0,59,10,149,17,6,12,253,,4.743083004,0,6.719367589,3.95256917,23.3201581,58.89328063,2.371541502
泗南遺稿,1898,1978,1938,역대문집DB,0,32,5,204,15,2,19,277,,6.859205776,0,5.415162455,1.805054152,11.55234657,73.64620939,0.722021661
心齋文集,1900,1976,1938,역대문집DB,0,61,62,215,55,64,144,601,,23.96006656,0,9.151414309,10.31613977,10.14975042,35.77371048,10.64891847
翠軒遺稿,1901,1976,1938,역대문집DB,0,35,5,44,18,0,0,102,,0,0,17.64705882,4.901960784,34.31372549,43.1372549,0
遜庵文集,1905,1971,1938,역대문집DB,0,34,16,269,22,20,22,383,,5.744125326,0,5.744125326,4.177545692,8.877284595,70.23498695,5.221932115
曙山文集,1898,1980,1939,역대문집DB,0,67,8,248,43,6,47,419,,11.21718377,0,10.26252983,1.909307876,15.99045346,59.18854415,1.431980907
晦岡文集,1906,1972,1939,역대문집DB,0,154,26,262,74,15,71,602,,11.79401993,0,12.2923588,4.318936877,25.58139535,43.52159468,2.491694352
幼堂遺藁,1908,1970,1939,역대문집DB,0,48,7,117,6,3,0,181,,0,0,3.314917127,3.867403315,26.51933702,64.64088398,1.657458564
晩堂遺集,1899,1982,1940,역대문집DB,0,7,0,131,8,3,14,163,,8.588957055,0,4.90797546,0,4.294478528,80.36809816,1.840490798
逸齋遺稿,1901,1981,1941,역대문집DB,0,109,26,96,11,59,127,428,,29.6728972,0,2.570093458,6.074766355,25.46728972,22.42990654,13.78504673
雲齋遺稿,1904,1979,1941,역대문집DB,0,47,10,319,16,1,9,402,,2.23880597,0,3.980099502,2.487562189,11.69154229,79.35323383,0.248756219
松巖遺稿,1911,1972,1941,역대문집DB,0,13,4,191,2,0,0,210,,0,0,0.952380952,1.904761905,6.19047619,90.95238095,0
九峰集,1899,1986,1942,역대문집DB,0,31,20,94,24,17,82,268,,30.59701493,0,8.955223881,7.462686567,11.56716418,35.07462687,6.343283582
芝圃逸稿,1902,1982,1942,역대문집DB,0,4,1,18,35,0,0,58,,0,0,60.34482759,1.724137931,6.896551724,31.03448276,0
重菴集,1905,1979,1942,역대문집DB,0,2,5,336,20,13,35,411,,8.515815085,0,4.866180049,1.216545012,0.486618005,81.75182482,3.163017032
敬齋遺稿,1907,1977,1942,역대문집DB,0,38,11,213,23,22,20,327,,6.116207951,0,7.033639144,3.363914373,11.62079511,65.13761468,6.727828746
誠堂先生文集附錄,1909,1976,1942,역대문집DB,0,174,28,169,4,26,77,478,,16.10878661,0,0.836820084,5.857740586,36.40167364,35.35564854,5.439330544
秋淵先生文集,1899,1988,1943,역대문집DB,0,263,301,248,57,468,1060,2397,,44.2219441,0,2.377972466,12.55736337,10.97204839,10.34626617,19.52440551
陽春遺稿,1907,1981,1944,역대문집DB,0,0,1,140,6,1,3,151,,1.986754967,0,3.973509934,0.662251656,0,92.71523179,0.662251656
?窩遺稿,1903,1987,1945,역대문집DB,0,40,23,724,20,19,30,856,,3.504672897,0,2.336448598,2.686915888,4.672897196,84.57943925,2.219626168
友松遺稿,1904,1987,1945,역대문집DB,0,15,0,96,7,3,3,124,,2.419354839,0,5.64516129,0,12.09677419,77.41935484,2.419354839
訥庵遺集,1910,1981,1945,역대문집DB,0,19,12,119,20,5,18,193,,9.32642487,0,10.3626943,6.21761658,9.844559585,61.65803109,2.590673575
定軒遺集,1912,1979,1945,역대문집DB,0,53,14,319,16,9,41,452,,9.07079646,0,3.539823009,3.097345133,11.72566372,70.57522124,1.991150442
平菴文集,1912,1978,1945,역대문집DB,0,58,18,94,31,16,35,252,,13.88888889,0,12.3015873,7.142857143,23.01587302,37.3015873,6.349206349
毅齋先生文集,1907,1986,1946,역대문집DB,0,171,76,277,34,57,120,735,,16.32653061,0,4.62585034,10.34013605,23.26530612,37.68707483,7.755102041
警窩遺集,1911,1982,1946,역대문집DB,0,77,9,182,6,23,33,330,,10,0,1.818181818,2.727272727,23.33333333,55.15151515,6.96969697
南溪遺稿,1907,1988,1947,역대문집DB,0,12,5,68,8,5,25,123,,20.32520325,0,6.504065041,4.06504065,9.756097561,55.28455285,4.06504065
湖菴遺集,1909,1985,1947,역대문집DB,0,0,0,105,0,0,0,105,,0,0,0,0,0,100,0
中山遺稿,1914,1980,1947,역대문집DB,0,10,2,118,4,3,4,141,,2.836879433,0,2.836879433,1.418439716,7.092198582,83.68794326,2.127659574
起山遺稿,1901,1995,1948,역대문집DB,0,48,5,221,14,8,20,316,,6.329113924,0,4.430379747,1.582278481,15.18987342,69.93670886,2.53164557
又溪遺稿,1910,1988,1949,역대문집DB,0,5,2,300,24,0,6,337,,1.78041543,0,7.121661721,0.59347181,1.483679525,89.02077151,0
洛洲遺稿,1915,1984,1949,역대문집DB,0,18,3,214,2,1,3,241,,1.244813278,0,0.829875519,1.244813278,7.468879668,88.7966805,0.414937759
