Filename,Birth,Death,Publish,ActivityYear,SUM,傳記類_%,公車類_%,公車類_%,哀祭類_%,序跋類_%,書簡類_%,詩類_%,雜著類_%
430. 일암집(一庵集).xml,1648,1711,1865,1679,333,0.0,38.43843843843844,0.0,0.0,0.3003003003003003,17.71771771771772,43.54354354354354,0.0
478. 관봉유고(冠峯遺稿).xml,1673,1731,,1702,202,1.4851485148514851,0.0,0.0,10.891089108910892,1.9801980198019802,57.920792079207914,12.871287128712872,14.85148514851485
472. 내재집(耐齋集).xml,1672,1715,1730,1693,283,2.4734982332155475,0.0,0.0,2.1201413427561837,4.946996466431095,3.180212014134275,80.91872791519434,6.36042402826855
528. 운평집(雲坪集).xml,1710,1758,,1734,268,0.0,6.343283582089552,0.0,4.850746268656716,0.7462686567164178,55.223880597014926,25.37313432835821,7.462686567164178
527. 강한집(江漢集).xml,1709,1787,1790,1748,677,15.5096011816839,9.010339734121123,0.0,4.431314623338257,24.224519940915805,5.465288035450517,30.87149187592319,10.487444608567207
522. 원교집(圓嶠集).xml,1705,1777,,1741,191,13.089005235602095,0.0,0.0,8.900523560209423,0.0,1.5706806282722512,66.49214659685863,9.947643979057592
442. 경연당집(景淵堂集).xml,1654,1710,,1682,600,0.6666666666666667,4.0,0.0,4.833333333333333,0.16666666666666669,0.0,0.16666666666666669,90.16666666666666
526. 소곡유고(素谷遺稿).xml,1708,1786,1915,1747,274,26.277372262773724,9.124087591240876,0.0,12.408759124087592,10.218978102189782,12.043795620437956,8.02919708029197,21.897810218978105
534. 순암집(順菴集).xml,1712,1791,1900,1751,605,15.702479338842975,0.1652892561983471,0.0,4.958677685950414,8.429752066115702,40.16528925619834,22.975206611570247,7.6033057851239665
529. 한정당집(閒靜堂集).xml,1710,1752,1788,1731,263,3.802281368821293,0.0,0.0,3.802281368821293,2.6615969581749046,33.460076045627375,38.78326996197718,17.490494296577946
429. 몽와집(夢窩集).xml,1648,1722,1758,1685,423,0.0,12.529550827423167,0.0,0.0,0.4728132387706856,0.0,86.99763593380615,0.0
515. 월곡집(月谷集).xml,1700,1740,1752,1720,750,2.2666666666666666,6.133333333333333,0.0,3.8666666666666667,2.533333333333333,2.8000000000000003,79.33333333333333,3.0666666666666664
523. 백불암집(百弗菴集).xml,1705,1786,1816,1745,590,1.864406779661017,0.0,0.0,4.406779661016949,0.0,79.49152542372882,9.661016949152543,4.576271186440678
513. 뇌연집(雷淵集).xml,1698,1773,1783,1735,1510,8.27814569536424,5.562913907284768,0.0,3.90728476821192,4.304635761589404,6.225165562913907,64.56953642384106,7.152317880794702
440. 유하집(柳下集).xml,1653,1725,1730,1689,1892,0.42283298097251587,0.15856236786469344,0.0,0.36997885835095135,0.6871035940803383,0.10570824524312897,97.67441860465115,0.5813953488372093
535. 재간집(在澗集).xml,1712,1783,1813,1747,163,18.404907975460123,0.0,0.0,8.588957055214724,4.9079754601226995,4.294478527607362,58.895705521472394,4.9079754601226995
525. 탄만집(____集).xml,1708,1782,,1745,171,0.0,0.0,0.0,1.1695906432748537,27.485380116959064,0.0,35.08771929824561,36.25730994152047
452. 노가재집(老稼齋集).xml,1658,1721,1798,1689,724,0.0,0.0,0.0,0.0,0.2762430939226519,0.0,76.10497237569061,23.61878453038674
443. 창설재집(蒼雪齋集).xml,1654,1725,,1689,933,3.644158628081458,0.0,0.0,4.608788853161844,1.822079314040729,10.932475884244374,69.34619506966774,9.646302250803858
444. 손와유고(損窩遺稿).xml,1654,1724,1933,1689,875,0.9142857142857144,18.285714285714285,0.0,0.6857142857142857,1.2571428571428571,0.6857142857142857,77.25714285714285,0.9142857142857144
447. 옥오재집(玉吾齋集).xml,1657,1723,1760,1690,620,3.387096774193549,18.548387096774192,0.0,4.67741935483871,1.7741935483870968,0.0,69.19354838709677,2.4193548387096775
519. 미호집(渼湖集).xml,1702,1772,1799,1737,818,7.701711491442542,3.4229828850855744,0.0,5.256723716381418,3.7897310513447433,52.567237163814184,22.371638141809292,4.88997555012225
538. 소산집(小山集).xml,1714,1789,,1751,450,9.777777777777779,0.6666666666666667,0.0,5.777777777777778,9.333333333333334,43.55555555555555,27.111111111111114,3.7777777777777777
530. 능호집(凌壺集).xml,1710,1760,1779,1735,312,0.0,0.0,0.0,5.769230769230769,5.448717948717949,5.769230769230769,76.28205128205127,6.730769230769231
465. 희암집(希菴集).xml,1669,1731,1775,1700,2021,0.4453240969816922,0.9896091044037605,0.0,2.127659574468085,1.1875309252845125,0.7916872835230084,84.36417615042059,10.094012864918357
532. 녹문집(鹿門集).xml,1711,1788,1795,1749,514,5.058365758754864,3.3073929961089497,0.0,5.836575875486381,4.085603112840467,64.00778210116731,6.614785992217899,11.089494163424124
531. 대산집(大山集).xml,1711,1781,1802,1746,1263,5.3840063341250985,0.4750593824228029,0.0,3.32541567695962,6.096595407759303,52.810768012668255,27.711797307996832,4.196357878068092
541. 삽교집(霅橋集).xml,1718,1774,1906,1746,398,1.0050251256281406,0.25125628140703515,0.0,4.271356783919598,7.788944723618091,1.507537688442211,74.62311557788944,10.552763819095476
547. 노애집(蘆厓集).xml,1721,1791,,1756,302,5.629139072847682,0.0,0.0,5.960264900662252,1.6556291390728477,32.450331125827816,45.6953642384106,8.609271523178808
448. 회와시고(晦窩詩稿).xml,1656,1710,,1683,385,0.0,0.0,0.0,0.0,0.0,0.0,74.02597402597402,25.97402597402597
501. 강좌집(江左集).xml,1688,1749,,1718,616,2.1103896103896105,0.6493506493506493,0.0,5.681818181818182,2.1103896103896105,10.714285714285714,74.67532467532467,4.058441558441558
517. 계구암집(戒懼菴集).xml,1702,1782,1865,1742,261,0.0,0.0,0.0,1.9157088122605364,0.7662835249042145,18.39080459770115,45.593869731800766,33.33333333333333
441. 정재집(定齋集).xml,1654,1689,1702,1671,799,3.128911138923655,8.1351689612015,0.0,8.385481852315396,2.127659574468085,22.778473091364205,42.30287859824781,13.141426783479348
514. 진암집(晉菴集).xml,1698,1761,1762,1729,525,1.9047619047619049,12.571428571428573,0.0,4.761904761904762,5.523809523809524,1.7142857142857144,68.38095238095238,5.142857142857142
524. 구사당집(九思堂集).xml,1708,1766,1801,1737,360,1.6666666666666667,0.0,0.0,11.944444444444445,1.6666666666666667,31.944444444444443,39.166666666666664,13.61111111111111
536. 여암유고(旅菴遺稿).xml,1712,1781,1910,1746,235,8.936170212765958,2.9787234042553195,0.0,5.531914893617021,15.319148936170212,2.553191489361702,35.319148936170215,29.361702127659573
545. 이참봉집(李參奉集).xml,1720,1783,1805,1751,188,0.0,16.48936170212766,0.0,0.0,1.5957446808510638,0.0,81.91489361702128,0.0
493. 숭악집(崧岳集).xml,1682,1723,,1702,188,5.319148936170213,0.0,0.0,1.0638297872340425,2.127659574468085,5.851063829787234,71.80851063829788,13.829787234042554
434. 간재집(艮齋集).xml,1650,1735,,1692,378,12.698412698412698,30.687830687830687,0.0,6.084656084656085,1.0582010582010581,6.878306878306878,38.88888888888889,3.7037037037037033
516. 춘주유고(春洲遺稿).xml,1699,1733,,1716,223,1.345291479820628,0.0,0.0,1.7937219730941705,2.690582959641256,0.8968609865470852,89.23766816143498,4.0358744394618835
533. 과암집(果菴集).xml,1710,1783,1933,1746,226,21.68141592920354,11.061946902654867,0.0,13.274336283185843,12.389380530973451,15.486725663716813,16.371681415929203,9.734513274336283
487. 서암집(恕菴集).xml,1681,1716,1738,1698,831,0.9626955475330927,2.0457280385078223,0.0,1.9253910950661854,4.0914560770156445,26.594464500601685,60.5294825511432,3.850782190132371
435. 농암집(農巖集).xml,1651,1708,1928,1679,1205,3.2365145228215773,5.892116182572614,0.0,8.879668049792532,4.8962655601659755,24.979253112033195,47.63485477178423,4.481327800829876
521. 역천집(櫟泉集).xml,1705,1768,1805,1736,924,4.761904761904762,3.571428571428571,0.0,5.194805194805195,1.1904761904761905,39.935064935064936,41.01731601731602,4.329004329004329
482. 학암집(鶴巖集).xml,1680,1732,,1706,742,0.0,16.307277628032345,0.0,0.9433962264150944,1.6172506738544474,1.6172506738544474,75.87601078167116,3.638814016172507
485. 도암집(陶菴集).xml,1680,1746,1803,1713,2077,17.76600866634569,2.6480500722195472,0.0,2.0221473278767452,1.2518054886856043,42.802118440057775,31.150698122291764,2.3591718825228694
479. 두타초(頭陀草).xml,1677,1724,,1700,1802,0.0,0.0,0.0,0.0,0.0,0.0,90.4550499445061,9.544950055493896
464. 도곡집(陶谷集).xml,1669,1745,1766,1707,719,30.45897079276773,12.795549374130738,0.0,1.808066759388039,2.920723226703755,1.9471488178025034,47.70514603616133,2.364394993045897
484. 포암집(圃巖集).xml,1680,1761,1767,1720,998,7.515030060120241,5.511022044088176,0.0,3.5070140280561124,4.408817635270541,6.713426853707414,68.6372745490982,3.707414829659319
457. 포음집(圃陰集).xml,1662,1713,1726,1687,200,2.0,0.0,0.0,7.000000000000001,1.0,21.5,62.5,6.0
476. 겸재집(謙齋集).xml,1675,1728,,1701,2814,1.0660980810234542,11.122956645344704,0.0,3.233830845771144,1.1016346837242361,0.0,82.94243070362474,0.5330490405117271
458. 병산집(屛山集).xml,1661,1733,,1697,430,4.4186046511627906,26.51162790697674,0.0,6.976744186046512,1.627906976744186,0.0,59.30232558139535,1.1627906976744187
459. 한포재집(寒圃齋集).xml,1663,1722,1758,1692,479,1.6701461377870561,33.61169102296451,0.0,7.933194154488518,2.0876826722338206,1.0438413361169103,51.356993736951985,2.2964509394572024
456. 수곡집(壽谷集).xml,1661,1721,,1691,166,28.313253012048197,10.240963855421686,0.0,26.506024096385545,4.819277108433735,12.650602409638553,7.228915662650602,10.240963855421686
453. 옥천집(玉川集).xml,1658,1737,1898,1697,457,13.566739606126916,5.908096280087528,0.0,8.096280087527353,3.938730853391685,22.319474835886215,36.542669584245075,9.62800875273523
462. 덕촌집(德村集).xml,1665,1742,1806,1703,140,6.428571428571428,15.714285714285714,0.0,10.714285714285714,5.714285714285714,38.57142857142858,10.0,12.857142857142856
467. 기원집(杞園集).xml,1672,1744,1833,1708,1195,4.01673640167364,4.937238493723849,0.0,5.104602510460251,4.351464435146443,5.439330543933055,72.13389121338912,4.01673640167364
477. 외암유고(巍巖遺稿).xml,1677,1727,1760,1702,371,1.6172506738544474,2.4258760107816713,0.0,3.5040431266846364,1.6172506738544474,40.700808625336926,44.474393530997304,5.660377358490567
451. 죽천집(竹泉集).xml,1658,1716,1773,1687,832,4.927884615384615,29.807692307692307,0.0,8.413461538461538,1.5625,1.8028846153846152,52.16346153846154,1.3221153846153846
436. 만정당집(晩靜堂集).xml,1652,1719,,1685,653,7.656967840735068,56.96784073506891,0.0,3.3690658499234303,6.278713629402756,0.0,22.817764165390507,2.909647779479326
454. 명암집(鳴巖集).xml,1660,1711,,1685,355,0.8450704225352111,4.225352112676056,0.0,1.6901408450704223,0.28169014084507044,0.0,92.67605633802816,0.28169014084507044
475. 경암유고(敬庵遺稿).xml,1674,1739,1916,1706,472,6.991525423728813,4.23728813559322,0.0,4.4491525423728815,1.694915254237288,47.45762711864407,28.389830508474578,6.779661016949152
460. 식산집(息山集).xml,1664,1732,1813,1698,1207,6.4623032311516155,0.0,0.0,9.1963545981773,6.4623032311516155,33.55426677713339,18.55840927920464,25.766362883181444
481. 백하집(白下集).xml,1680,1741,1927,1710,275,8.727272727272728,24.727272727272727,0.0,9.090909090909092,4.363636363636364,6.545454545454546,45.81818181818182,0.7272727272727273
461. 송암집(松巖集).xml,1665,1741,1758,1703,251,3.187250996015936,1.1952191235059761,0.0,3.187250996015936,0.796812749003984,73.30677290836654,7.968127490039841,10.358565737051793
480. 백일헌유집(白日軒遺集).xml,1677,1735,1949,1706,213,2.8169014084507045,46.478873239436616,0.0,6.572769953051644,1.8779342723004695,6.572769953051644,32.863849765258216,2.8169014084507045
407. 지호집(芝湖集).xml,1631,1692,1856,1661,282,12.056737588652481,7.446808510638298,0.0,3.900709219858156,8.51063829787234,9.219858156028367,52.4822695035461,6.382978723404255
110. 읍취헌유고(挹翠軒遺稿).xml,1479,1504,1514,1491,160,3.75,0.0,0.0,0.625,2.5,0.0,92.5,0.625
93. 수헌집(睡軒集).xml,1467,1498,1509,1482,219,0.91324200913242,0.91324200913242,0.0,10.045662100456621,1.82648401826484,0.0,23.28767123287671,63.013698630136986
101. 안분당시집(安分堂詩集).xml,1473,1548,,1510,104,0.0,0.0,0.0,0.0,0.0,0.0,100.0,0.0
425. 명곡집(明谷集).xml,1646,1715,1721,1680,1244,6.270096463022508,9.887459807073954,0.0,3.617363344051447,7.07395498392283,4.260450160771704,59.565916398713824,9.32475884244373
433. 하곡집(霞谷集).xml,1649,1736,,1692,736,2.5815217391304346,3.125,0.0,2.717391304347826,1.6304347826086956,5.570652173913043,81.38586956521739,2.989130434782609
394. 정관재집(靜觀齋集).xml,1628,1669,1682,1648,833,1.2004801920768309,5.5222088835534215,0.0,3.8415366146458583,1.680672268907563,36.25450180072029,44.657863145258105,6.8427370948379345
108. 모재집(慕齋集).xml,1478,1543,1574,1510,1485,3.9057239057239053,5.656565656565657,0.0,0.9427609427609427,1.144781144781145,0.13468013468013468,86.32996632996634,1.8855218855218854
95. 망헌유고(忘軒遺稿).xml,1468,1504,1571,1486,85,0.0,0.0,0.0,0.0,2.3529411764705883,0.0,92.94117647058823,4.705882352941177
103. 우정집(憂亭集).xml,1474,1540,1860,1507,554,1.263537906137184,0.7220216606498195,0.0,4.1516245487364625,0.5415162454873645,0.0,93.14079422382672,0.18050541516245489
495. 봉암집(鳳巖集).xml,1683,1741,1783,1712,458,3.4934497816593884,2.8384279475982535,0.0,7.641921397379912,5.895196506550218,18.340611353711793,46.943231441048034,14.847161572052403
102. 우암고(寓菴稿).xml,1473,1508,,1490,257,0.0,0.0,0.0,0.38910505836575876,0.38910505836575876,0.0,99.22178988326849,0.0
97. 허암유집(虛庵遺集).xml,1469,1502,1897,1485,295,1.694915254237288,0.3389830508474576,0.0,0.0,1.3559322033898304,0.0,94.57627118644068,2.0338983050847457
488. 완암집(浣巖集).xml,1681,1759,1765,1720,514,2.529182879377432,0.0,0.0,2.140077821011673,1.9455252918287937,0.0,89.49416342412452,3.8910505836575875
420. 한수재집(寒水齋集).xml,1641,1721,1761,1681,1183,12.341504649196956,4.057480980557903,0.0,4.142011834319527,4.564666103127641,50.46491969568893,21.80896027049873,2.6204564666103125
502. 몽예집(夢囈集).xml,1689,1714,1723,1701,68,0.0,0.0,0.0,0.0,1.4705882352941175,0.0,82.35294117647058,16.176470588235293
504. 입재유고(立齋遺稿).xml,1689,1756,1912,1722,846,2.4822695035460995,2.0094562647754137,0.0,3.664302600472813,3.664302600472813,1.6548463356973995,71.98581560283688,14.539007092198581
109. 용재집(容齋集).xml,1478,1534,1586,1506,1341,2.087994034302759,0.5219985085756897,0.0,0.8202833706189411,1.342281879194631,0.0,93.95973154362416,1.267710663683818
111. 음애집(陰崖集).xml,1480,1533,1754,1506,158,3.1645569620253164,5.063291139240507,0.0,1.89873417721519,3.1645569620253164,2.5316455696202533,74.68354430379746,9.49367088607595
389. 퇴우당집(退憂堂集).xml,1626,1690,1710,1658,409,1.2224938875305624,27.87286063569682,0.0,0.4889975550122249,1.466992665036675,7.823960880195599,59.168704156479215,1.9559902200488997
412. 우사집(雩沙集).xml,1635,1703,1712,1669,533,1.6885553470919326,79.9249530956848,0.0,2.6266416510318953,0.5628517823639775,7.317073170731707,5.065666041275797,2.8142589118198873
392. 노봉집(老峯集).xml,1628,1692,1734,1660,383,6.527415143603134,26.89295039164491,0.0,4.177545691906006,1.3054830287206265,44.38642297650131,15.143603133159269,1.5665796344647518
483. 치헌집(癡軒集).xml,1680,1748,1870,1714,174,0.5747126436781609,1.1494252873563218,0.0,6.896551724137931,2.8735632183908044,11.494252873563218,73.5632183908046,3.4482758620689653
424. 수곡집(睡谷集).xml,1645,1718,1739,1681,569,5.272407732864675,21.441124780316343,0.0,7.381370826010544,2.10896309314587,18.629173989455182,41.476274165202106,3.690685413005272
506. 회헌집(悔軒集).xml,1691,1757,1762,1724,1191,3.3585222502099077,10.831234256926953,0.0,3.27455919395466,0.9235936188077246,4.030226700251889,75.23089840470193,2.3509655751469354
116. 기재집(企齋集).xml,1484,1555,1573,1519,1315,1.2927756653992395,1.7490494296577948,0.0,1.1406844106463878,0.532319391634981,0.0,93.68821292775665,1.596958174904943
104. 눌재집(訥齋集).xml,1474,1530,1796,1502,661,0.9077155824508321,1.361573373676248,0.0,1.5128593040847202,1.059001512859304,0.0,93.79727685325264,1.361573373676248
92. 탁영집(濯纓集).xml,1464,1498,1512,1481,121,5.785123966942149,17.355371900826448,0.0,12.396694214876034,14.87603305785124,0.8264462809917356,24.793388429752067,23.96694214876033
113. 희락당고(希樂堂稿).xml,1481,1537,,1509,413,6.2953995157385,2.1791767554479415,0.0,2.1791767554479415,2.9055690072639226,0.0,74.09200968523002,12.34866828087167
422. 하당집(荷塘集).xml,1643,1719,1810,1681,264,9.469696969696969,0.0,0.0,15.151515151515152,3.4090909090909087,4.545454545454546,45.83333333333333,21.59090909090909
94. 농암집(聾巖集).xml,1467,1555,1665,1511,244,2.459016393442623,1.2295081967213115,0.0,8.19672131147541,3.6885245901639343,6.967213114754098,74.59016393442623,2.8688524590163933
117. 사재집(思齋集).xml,1485,1541,1591,1513,428,1.4018691588785046,2.102803738317757,0.0,0.7009345794392523,1.8691588785046727,0.9345794392523363,88.78504672897196,4.205607476635514
106. 묵재집(默齋集).xml,1476,1549,1561,1512,395,3.79746835443038,1.2658227848101267,0.0,0.7594936708860759,1.2658227848101267,0.0,91.64556962025317,1.2658227848101267
503. 관양집(冠陽集).xml,1690,1748,,1719,388,3.0927835051546393,13.917525773195877,0.0,3.608247422680412,1.5463917525773196,5.670103092783505,67.78350515463917,4.381443298969072
401. 문정공유고(文貞公遺稿).xml,1630,1687,,1658,1003,0.0,18.843469591226324,0.0,7.876370887337986,0.0,58.32502492522432,14.356929212362912,0.5982053838484547
509. 오천집(梧川集).xml,1692,1759,1937,1725,652,4.754601226993866,39.41717791411043,0.0,7.361963190184049,0.7668711656441718,12.576687116564417,19.478527607361965,15.644171779141105
415. 우재집(迂齋集).xml,1639,1685,1741,1662,358,3.35195530726257,8.100558659217876,0.0,5.865921787709497,0.8379888268156425,0.0,73.46368715083798,8.379888268156424
520. 손재집(損齋集).xml,1702,1762,,1732,358,0.0,23.743016759776538,0.0,0.0,0.0,0.0,76.25698324022346,0.0
411. 성재유고(醒齋遺稿).xml,1634,1697,,1665,1276,0.07836990595611285,12.931034482758621,0.0,1.9592476489028214,1.7241379310344827,0.9404388714733543,82.13166144200626,0.23510971786833856
497. 제산집(霽山集).xml,1684,1747,1860,1715,508,4.52755905511811,5.511811023622047,0.0,9.05511811023622,3.346456692913386,32.28346456692913,41.732283464566926,3.543307086614173
403. 항재집(恒齋集).xml,1631,1698,1808,1664,140,20.0,0.0,0.0,3.571428571428571,2.142857142857143,27.142857142857142,38.57142857142858,8.571428571428571
508. 지수재집(知守齋集).xml,1691,1767,1878,1729,437,20.823798627002287,31.35011441647597,0.0,7.322654462242563,6.864988558352403,13.501144164759726,19.450800915331808,0.6864988558352403
402. 제월당집(霽月堂集).xml,1630,1709,1819,1669,483,2.484472049689441,11.801242236024844,0.0,2.898550724637681,0.6211180124223602,0.0,81.15942028985508,1.0351966873706004
518. 삼산집(三山集).xml,1702,1761,1863,1731,201,3.9800995024875623,13.930348258706468,0.0,11.940298507462686,2.9850746268656714,33.33333333333333,27.860696517412936,5.970149253731343
414. 졸수재집(拙修齋集).xml,1638,1689,1710,1663,366,1.366120218579235,0.0,0.0,4.371584699453552,0.0,24.59016393442623,68.30601092896174,1.366120218579235
400. 명재유고(明齋遺稿).xml,1629,1714,1732,1671,2682,5.29455630126771,5.257270693512305,0.0,3.8404175988068605,1.4914243102162565,60.514541387024614,22.14765100671141,1.45413870246085
510. 동계집(東谿集).xml,1693,1737,1741,1715,342,13.157894736842104,2.631578947368421,0.0,10.818713450292398,23.099415204678362,9.941520467836257,10.23391812865497,30.116959064327485
408. 서하집(西河集).xml,1633,1688,1701,1660,729,2.194787379972565,13.168724279835391,0.0,4.938271604938271,3.5665294924554183,6.310013717421124,67.3525377229081,2.4691358024691357
490. 청천집(靑泉集).xml,1681,1752,1770,1716,586,1.3651877133105803,0.5119453924914675,0.0,6.313993174061433,7.508532423208192,10.238907849829351,54.09556313993175,19.965870307167236
119. 양곡집(陽谷集).xml,1486,1562,1571,1524,1032,3.10077519379845,0.3875968992248062,0.0,0.1937984496124031,1.065891472868217,0.0,94.28294573643412,0.9689922480620154
413. 우헌집(寓軒集).xml,1636,1690,1833,1663,313,2.8753993610223643,5.111821086261981,0.0,6.3897763578274756,3.1948881789137378,9.584664536741213,69.32907348242811,3.5143769968051117
491. 남당집(南塘集).xml,1682,1751,1765,1716,691,3.4732272069464547,3.907380607814761,0.0,1.7366136034732274,5.354558610709118,43.70477568740955,30.96960926193922,10.85383502170767
494. 병계집(屛溪集).xml,1683,1767,1802,1725,1411,9.355067328136075,6.73281360737066,0.0,3.8979447200566972,2.97661233167966,50.673281360737064,21.47413182140326,4.890148830616584
492. 관복암시고(觀復菴詩稿).xml,1682,1700,1709,1691,244,0.4098360655737705,0.0,0.0,0.0,0.4098360655737705,0.0,99.18032786885246,0.0
427. 유재집(游齋集).xml,1647,1703,,1675,1030,2.4271844660194173,2.1359223300970873,0.0,1.4563106796116505,3.8834951456310676,0.9708737864077669,81.45631067961165,7.669902912621359
397. 문곡집(文谷集).xml,1629,1689,1699,1659,1234,4.051863857374392,21.961102106969204,0.0,2.4311183144246353,1.4586709886547813,6.645056726094004,61.50729335494327,1.9448946515397085
391. 갈암집(葛庵集).xml,1627,1704,1909,1665,986,10.446247464503044,13.691683569979714,0.0,8.316430020283976,4.36105476673428,34.27991886409736,26.064908722109532,2.839756592292089
107. 충재집(冲齋集).xml,1478,1548,1671,1513,89,7.865168539325842,7.865168539325842,0.0,10.112359550561797,4.49438202247191,6.741573033707865,40.44943820224719,22.47191011235955
499. 일암유고(一庵遺稿).xml,1685,1741,,1713,108,11.11111111111111,12.962962962962962,0.0,7.4074074074074066,2.7777777777777777,53.70370370370371,0.0,12.037037037037036
426. 후재집(厚齋集).xml,1646,1732,1766,1689,886,3.611738148984198,6.772009029345373,0.0,3.0474040632054176,2.4830699774266365,16.02708803611738,12.641083521444695,55.417607223476296
431. 갑봉유고(甲峰遺稿).xml,1649,1723,1904,1686,242,0.0,35.9504132231405,0.0,0.0,0.8264462809917356,0.0,63.22314049586777,0.0
507. 귀록집(歸鹿集).xml,1691,1752,,1721,2059,6.168042739193783,25.497814473045167,0.0,4.031083050024284,1.3113161728994658,4.662457503642544,54.20106847984458,4.12821758135017
498. 저촌유고(樗村遺稿).xml,1685,1753,1938,1719,3037,0.9219624629568653,0.0,0.0,0.7902535396773133,0.1317089232795522,16.463615409944023,80.67171550872571,1.0207441554165295
396. 약천집(藥泉集).xml,1629,1711,1723,1670,907,16.09702315325248,30.209481808158767,0.0,1.8743109151047408,3.6383682469680267,22.381477398015434,22.05071664829107,3.7486218302094816
99. 이평사집(李評事集).xml,1471,1498,1631,1484,56,0.0,5.357142857142857,0.0,3.571428571428571,5.357142857142857,0.0,71.42857142857143,14.285714285714285
419. 직재집(直齋集).xml,1641,1708,1887,1674,380,3.684210526315789,5.263157894736842,0.0,4.736842105263158,2.8947368421052633,40.26315789473684,40.26315789473684,2.8947368421052633
114. 정암집(靜菴集).xml,1482,1519,1681,1500,237,3.79746835443038,56.540084388185655,0.0,10.126582278481013,2.9535864978902953,0.8438818565400843,16.033755274261605,9.70464135021097
398. 서계집(西溪集).xml,1629,1703,,1666,800,10.0,7.875,0.0,0.375,3.375,7.000000000000001,69.5,1.875
421. 학암집(鶴庵集).xml,1642,1708,1884,1675,113,2.6548672566371683,0.0,0.0,0.8849557522123894,6.1946902654867255,31.858407079646017,4.424778761061947,53.98230088495575
98. 송당집(松堂集).xml,1471,1540,1905,1505,68,5.88235294117647,0.0,0.0,11.76470588235294,14.705882352941178,7.352941176470589,39.705882352941174,20.588235294117645
96. 송재집(松齋集).xml,1469,1517,1584,1493,287,1.3937282229965158,0.6968641114982579,0.0,0.0,1.7421602787456445,0.0,92.33449477351915,3.8327526132404177
405. 수촌집(水村集).xml,1632,1681,1932,1656,348,1.4367816091954022,27.586206896551722,0.0,1.1494252873563218,0.5747126436781609,1.1494252873563218,62.356321839080465,5.747126436781609
409. 서석집(瑞石集).xml,1633,1687,1701,1660,680,4.411764705882353,28.676470588235293,0.0,4.411764705882353,1.4705882352941175,0.0,60.588235294117645,0.4411764705882353
395. 호곡집(壺谷集).xml,1628,1692,1695,1660,1950,1.3333333333333335,1.8461538461538463,0.0,0.8717948717948718,1.0256410256410255,0.0,75.8974358974359,19.025641025641026
500. 화곡집(華谷集).xml,1687,1737,1794,1712,149,0.0,0.0,0.0,0.0,4.697986577181208,0.0,91.2751677852349,4.026845637583892
100. 십청집(十淸集).xml,1473,1533,1748,1503,318,1.8867924528301887,0.3144654088050315,0.0,0.9433962264150944,2.20125786163522,0.0,91.50943396226415,3.1446540880503147
505. 약산만고(藥山漫稿).xml,1689,1745,1924,1717,432,6.712962962962964,6.944444444444445,0.0,4.398148148148148,6.944444444444445,0.0,66.43518518518519,8.564814814814815
423. 서파집(西坡集).xml,1645,1703,1729,1674,1561,0.8968609865470852,9.481101857783472,0.0,3.3311979500320303,2.5624599615631007,5.060858424087124,76.87379884689301,1.7937219730941705
511. 정암집(貞菴集).xml,1694,1756,1799,1725,592,7.4324324324324325,1.0135135135135136,0.0,3.209459459459459,2.027027027027027,57.432432432432435,27.364864864864863,1.5202702702702704
406. 농은유고(農隱遺稿).xml,1632,1707,1916,1669,398,0.5025125628140703,0.0,0.0,0.0,0.25125628140703515,29.145728643216078,65.57788944723619,4.522613065326634
410. 식암유고(息庵遺稿).xml,1634,1684,1680,1659,978,3.476482617586912,20.756646216768917,0.0,3.5787321063394684,0.81799591002045,3.2719836400818,37.423312883435585,30.67484662576687
399. 우헌집(寓軒集).xml,1629,1693,1898,1661,102,1.9607843137254901,0.0,0.0,0.0,0.9803921568627451,49.01960784313725,36.27450980392157,11.76470588235294
496. 노촌집(老村集).xml,1683,1719,1735,1701,266,6.390977443609022,10.150375939849624,0.0,1.5037593984962405,2.2556390977443606,7.894736842105263,51.8796992481203,19.924812030075188
404. 남계집(南溪集).xml,1631,1695,1732,1663,3009,6.247922897972749,16.88268527750083,0.0,3.1904287138584246,3.489531405782652,38.48454636091725,23.33000997008973,8.374875373878366
417. 염헌집(恬軒集).xml,1638,1697,1760,1667,2415,1.6563146997929608,1.9875776397515528,0.0,0.7867494824016562,0.7039337474120083,0.0,93.99585921325053,0.8695652173913043
418. 수촌집(水村集).xml,1640,1724,1760,1682,885,0.5649717514124294,5.084745762711865,0.0,2.598870056497175,2.598870056497175,0.0,83.61581920903954,5.536723163841808
112. 학포집(學圃集).xml,1480,1545,1840,1512,67,17.91044776119403,14.925373134328357,0.0,7.462686567164178,8.955223880597014,1.4925373134328357,29.850746268656714,19.402985074626866
428. 장암집(丈巖集).xml,1648,1736,1756,1692,641,16.22464898595944,21.8408736349454,0.0,4.99219968798752,7.17628705148206,7.644305772230889,35.725429017160685,6.3962558502340086
489. 성호전집(星湖全集).xml,1681,1763,1922,1722,1932,8.333333333333332,0.3105590062111801,0.0,2.639751552795031,10.869565217391305,26.501035196687372,39.02691511387164,12.318840579710146
445. 지촌집(芝村集).xml,1655,1724,1754,1689,624,6.730769230769231,8.173076923076923,0.0,5.6089743589743595,3.8461538461538463,51.60256410256411,19.55128205128205,4.487179487179487
450. 밀암집(密菴集).xml,1657,1730,,1693,833,7.6830732292917165,0.0,0.0,5.042016806722689,3.961584633853541,27.010804321728692,27.971188475390157,28.331332533013203
449. 소재집(疎齋集).xml,1658,1722,1759,1690,535,6.5420560747663545,28.41121495327103,0.0,6.915887850467289,6.16822429906542,20.373831775700936,25.981308411214954,5.607476635514018
439. 삼연집(三淵集).xml,1653,1722,1732,1687,4048,1.6304347826086956,0.0,0.0,2.149209486166008,1.185770750988142,21.294466403162055,71.09683794466403,2.6432806324110674
432. 창계집(滄溪集).xml,1649,1696,1708,1672,928,0.8620689655172413,14.439655172413794,0.0,0.646551724137931,0.9698275862068966,34.69827586206897,36.206896551724135,12.176724137931034
437. 약헌집(約軒集).xml,1652,1720,,1686,386,6.994818652849741,23.83419689119171,0.0,4.145077720207254,12.694300518134716,4.145077720207254,33.160621761658035,15.025906735751295
446. 손재집(遜齋集).xml,1655,1723,1782,1689,222,7.657657657657657,2.7027027027027026,0.0,6.306306306306306,4.054054054054054,21.62162162162162,30.630630630630627,27.027027027027028
512. 직암집(直菴集).xml,1696,1766,1811,1731,324,13.88888888888889,8.641975308641975,0.0,5.864197530864197,14.506172839506174,47.22222222222222,7.4074074074074066,2.4691358024691357
674. 용암집(龍巖集).xml,1493,1562,1778,1527,104,5.769230769230769,0.0,0.0,6.730769230769231,2.8846153846153846,23.076923076923077,54.807692307692314,6.730769230769231
663. 암서집(巖棲集).xml,1873,1933,,1903,1235,11.983805668016194,0.0,0.0,3.724696356275304,8.016194331983806,20.647773279352226,42.34817813765182,13.279352226720647
668. 지지당시집(止止堂詩集).xml,1437,1487,1501,1462,246,0.0,0.0,0.0,0.0,0.8130081300813009,0.0,99.1869918699187,0.0
667. 물재집(勿齋集).xml,1427,1497,1726,1462,66,3.0303030303030303,18.181818181818183,0.0,4.545454545454546,7.575757575757576,1.5151515151515151,54.54545454545454,10.606060606060606
662. 수당유집(修堂遺集).xml,1855,1907,,1881,472,10.805084745762713,8.26271186440678,0.0,6.3559322033898304,11.016949152542372,17.796610169491526,23.093220338983052,22.66949152542373
761. 동호집(東湖集).xml,1566,1651,,1608,132,5.303030303030303,0.7575757575757576,0.0,21.21212121212121,2.272727272727273,12.121212121212121,56.81818181818182,1.5151515151515151
673. 운암일고(雲巖逸稿).xml,1487,1544,1783,1515,26,19.230769230769234,11.538461538461538,0.0,11.538461538461538,7.6923076923076925,0.0,42.30769230769231,7.6923076923076925
757. 낙애유고(洛涯遺稿).xml,1564,1632,1801,1598,75,5.333333333333334,0.0,0.0,5.333333333333334,5.333333333333334,0.0,73.33333333333333,10.666666666666668
659. 양원유집(陽園遺集).xml,1851,1909,,1880,633,6.31911532385466,12.322274881516588,0.0,3.3175355450236967,11.690363349131122,3.6334913112164293,44.23380726698262,18.48341232227488
764. 능허집(凌虛集).xml,1566,1630,1799,1598,223,3.1390134529147984,0.4484304932735426,0.0,0.8968609865470852,1.345291479820628,30.493273542600896,55.60538116591929,8.071748878923767
669. 풍월정집(風月亭集).xml,1454,1488,1727,1471,347,0.2881844380403458,0.0,0.0,0.0,1.729106628242075,0.0,97.40634005763688,0.5763688760806917
754. 구봉집(九峯集).xml,1563,1626,1866,1594,61,8.19672131147541,1.639344262295082,0.0,3.278688524590164,14.754098360655737,32.78688524590164,19.672131147540984,19.672131147540984
758. 양서집(瀼西集).xml,1564,1637,,1600,426,1.4084507042253522,4.460093896713615,0.0,3.286384976525822,0.0,0.4694835680751174,89.2018779342723,1.1737089201877933
655. 면우집(俛宇集).xml,1846,1919,1925,1882,5688,6.557665260196906,0.43952180028129395,0.0,1.2130801687763713,3.217299578059072,62.992264416315045,19.198312236286917,6.381856540084388
756. 월봉집(月峯集).xml,1564,1647,1859,1605,256,3.90625,0.0,0.0,6.25,3.515625,12.890625,73.4375,0.0
656. 송사집(松沙集).xml,1846,1916,1931,1881,3492,29.810996563573884,0.143184421534937,0.0,1.5177548682703321,11.827033218785795,29.63917525773196,5.985108820160367,21.076746849942726
755. 사촌집(沙村集).xml,1563,1609,1822,1586,57,5.263157894736842,0.0,0.0,3.508771929824561,5.263157894736842,0.0,71.9298245614035,14.035087719298245
639. 규재유고(圭齋遺藁).xml,1817,1863,1864,1840,247,0.4048582995951417,12.955465587044534,0.0,4.4534412955465585,9.7165991902834,0.0,63.1578947368421,9.31174089068826
759. 희암유고(希菴遺稿).xml,1564,1627,1902,1595,364,0.5494505494505495,0.27472527472527475,0.0,1.098901098901099,1.6483516483516485,0.5494505494505495,94.23076923076923,1.6483516483516485
671. 관포시집(灌圃詩集).xml,1470,1550,1617,1510,217,0.0,0.0,0.0,0.0,0.9216589861751152,0.0,98.15668202764977,0.9216589861751152
704. 남창잡고(南窓雜藁).xml,1542,1621,1634,1581,139,0.0,0.0,0.0,0.0,0.7194244604316548,0.0,99.28057553956835,0.0
760. 사호집(思湖集).xml,1565,1617,,1591,339,1.1799410029498525,4.129793510324483,0.0,13.569321533923304,5.014749262536873,11.209439528023598,56.932153392330385,7.964601769911504
677. 회산집(檜山集).xml,1497,1540,1765,1518,42,7.142857142857142,9.523809523809524,0.0,2.380952380952381,11.904761904761903,0.0,50.0,19.047619047619047
692. 만헌집(晩軒集).xml,1524,1609,1805,1566,238,5.46218487394958,2.100840336134454,0.0,13.445378151260504,2.941176470588235,2.5210084033613445,67.22689075630252,6.302521008403361
753. 오봉집(梧峯集).xml,1562,1624,1740,1593,519,1.1560693641618496,0.9633911368015413,0.0,3.0828516377649327,1.9267822736030826,2.119460500963391,89.98073217726397,0.7707129094412332
676. 독암유고(獨庵遺稿).xml,1495,1535,1760,1515,214,1.4018691588785046,0.0,0.0,0.46728971962616817,1.8691588785046727,0.0,95.7943925233645,0.46728971962616817
711. 사촌집(沙村集).xml,1547,1615,1824,1581,167,3.592814371257485,0.0,0.0,5.9880239520958085,4.790419161676647,0.5988023952095809,80.23952095808383,4.790419161676647
752. 성옹유고(醒翁遺稿).xml,1562,1636,1706,1599,148,4.054054054054054,13.513513513513514,0.0,5.405405405405405,2.7027027027027026,0.0,72.2972972972973,2.027027027027027
654. 의암집(毅菴集).xml,1842,1915,1917,1878,2202,3.451407811080836,0.2270663033605813,0.0,1.6348773841961852,4.632152588555858,41.09900090826522,31.0172570390554,17.93823796548592
708. 안촌집(安村集).xml,1544,1602,1884,1573,247,0.8097165991902834,0.4048582995951417,0.0,1.6194331983805668,1.214574898785425,2.0242914979757085,90.68825910931174,3.2388663967611335
762. 죽창집(竹窓集).xml,1566,1650,1668,1608,502,0.398406374501992,0.398406374501992,0.0,1.7928286852589643,0.9960159362549801,0.0,95.0199203187251,1.394422310756972
707. 남천집(南川集).xml,1543,1617,1864,1580,219,0.91324200913242,1.36986301369863,0.0,3.1963470319634704,1.82648401826484,1.36986301369863,89.04109589041096,2.28310502283105
700. 송담집(松潭集).xml,1537,1626,1686,1581,328,0.3048780487804878,0.0,0.0,0.3048780487804878,1.524390243902439,0.0,97.2560975609756,0.6097560975609756
749. 소릉집(少陵集).xml,1560,1624,1708,1592,291,1.3745704467353952,10.652920962199312,0.0,0.3436426116838488,1.3745704467353952,5.841924398625429,79.38144329896907,1.0309278350515463
666. 무송헌집(撫松軒集).xml,1416,1464,,1440,106,6.60377358490566,67.9245283018868,0.0,4.716981132075472,4.716981132075472,0.0,9.433962264150944,6.60377358490566
705. 만죽헌집(萬竹軒集).xml,1542,1587,1790,1564,93,4.301075268817205,2.1505376344086025,0.0,1.0752688172043012,2.1505376344086025,0.0,90.32258064516128,0.0
750. 죽헌집(竹軒集).xml,1560,1638,1867,1599,241,1.6597510373443984,0.0,0.0,6.639004149377594,0.8298755186721992,1.6597510373443984,86.30705394190872,2.904564315352697
695. 성재집(惺齋集).xml,1530,1604,1909,1567,148,2.7027027027027026,0.0,0.0,2.7027027027027026,5.405405405405405,15.54054054054054,66.21621621621621,7.4324324324324325
751. 이재집(頤齋集).xml,1561,1625,,1593,311,0.3215434083601286,0.6430868167202572,0.0,0.3215434083601286,2.8938906752411575,0.964630225080386,92.60450160771704,2.2508038585209005
693. 동상집(東湘集).xml,1525,1610,1870,1567,418,0.4784688995215311,0.0,0.0,0.7177033492822966,0.7177033492822966,0.0,94.97607655502392,3.110047846889952
763. 구전집(苟全集).xml,1566,1629,1831,1597,456,1.7543859649122806,5.482456140350877,0.0,7.456140350877193,3.289473684210526,2.4122807017543857,74.12280701754386,5.482456140350877
689. 개암집(開巖集).xml,1524,1590,1772,1557,54,5.555555555555555,18.51851851851852,0.0,9.25925925925926,5.555555555555555,5.555555555555555,46.2962962962963,9.25925925925926
694. 오봉집(鰲峯集).xml,1527,1599,1695,1563,271,1.8450184501845017,1.8450184501845017,0.0,1.107011070110701,0.7380073800738007,0.0,93.72693726937268,0.7380073800738007
697. 임연재집(臨淵齋集).xml,1534,1588,1855,1561,433,1.6166281755196306,3.695150115473441,0.0,3.233256351039261,0.23094688221709006,4.849884526558892,84.29561200923787,2.0785219399538106
696. 동은고(峒隱稿).xml,1533,1621,1659,1577,335,0.5970149253731344,0.0,0.0,0.0,0.8955223880597015,0.5970149253731344,97.91044776119404,0.0
690. 지산집(芝山集).xml,1524,1569,1826,1546,127,2.3622047244094486,0.0,0.0,2.3622047244094486,1.574803149606299,1.574803149606299,88.9763779527559,3.149606299212598
703. 송암유고(松菴遺稿).xml,1541,1593,1885,1567,74,4.054054054054054,9.45945945945946,0.0,10.81081081081081,2.7027027027027026,8.108108108108109,58.108108108108105,6.756756756756757
742. 석계집(石溪集).xml,1559,1625,1871,1592,164,1.8292682926829267,2.4390243902439024,0.0,8.536585365853659,3.048780487804878,0.0,73.17073170731707,10.975609756097562
732. 표옹유고(瓢翁遺稿).xml,1556,1620,1795,1588,259,0.7722007722007722,0.0,0.0,0.3861003861003861,1.1583011583011582,0.7722007722007722,96.13899613899613,0.7722007722007722
728. 모계집(茅谿集).xml,1554,1631,1829,1592,132,12.121212121212121,1.5151515151515151,0.0,18.939393939393938,1.5151515151515151,39.39393939393939,21.21212121212121,5.303030303030303
747. 일옹집(逸翁集).xml,1560,1651,1846,1605,237,1.2658227848101267,3.79746835443038,0.0,0.0,4.641350210970464,0.0,87.34177215189874,2.9535864978902953
748. 동리집(東籬集).xml,1560,1622,1811,1591,338,1.183431952662722,0.8875739644970414,0.0,6.21301775147929,0.591715976331361,5.325443786982249,84.31952662721893,1.4792899408284024
744. 귤옥졸고(橘屋拙稿).xml,1559,1619,1829,1589,457,1.0940919037199124,1.0940919037199124,0.0,0.87527352297593,2.4070021881838075,1.5317286652078774,90.15317286652079,2.8446389496717726
733. 취사집(炊沙集).xml,1556,1631,1831,1593,109,7.339449541284404,5.5045871559633035,0.0,4.587155963302752,9.174311926605505,0.0,63.30275229357798,10.091743119266056
743. 오한집(聱漢集).xml,1559,1617,1825,1588,375,1.866666666666667,1.0666666666666667,0.0,1.3333333333333335,2.1333333333333333,3.2,84.8,5.6000000000000005
737. 월간집(月澗集).xml,1558,1648,1802,1603,260,3.076923076923077,1.5384615384615385,0.0,8.846153846153847,3.8461538461538463,32.30769230769231,43.07692307692308,7.307692307692308
731. 역양집(嶧陽集).xml,1556,1619,1811,1587,192,3.6458333333333335,4.166666666666666,0.0,11.979166666666668,4.166666666666666,14.583333333333334,54.166666666666664,7.291666666666667
741. 용계유고(龍溪遺稿).xml,1559,1631,1654,1595,466,0.2145922746781116,0.0,0.0,0.0,0.4291845493562232,0.0,99.35622317596567,0.0
734. 가휴집(可畦集).xml,1556,1613,,1584,680,0.7352941176470588,0.14705882352941177,0.0,1.3235294117647058,0.29411764705882354,0.14705882352941177,81.17647058823529,16.176470588235293
739. 문월당집(問月堂集).xml,1559,1617,1850,1588,51,5.88235294117647,3.9215686274509802,0.0,7.8431372549019605,5.88235294117647,31.372549019607842,35.294117647058826,9.803921568627452
729. 감수재집(感樹齋集).xml,1554,1611,1914,1582,289,1.384083044982699,13.84083044982699,0.0,11.418685121107266,2.0761245674740483,1.0380622837370241,65.7439446366782,4.498269896193772
730. 근시재집(近始齋集).xml,1555,1593,1783,1574,183,4.918032786885246,1.639344262295082,0.0,6.0109289617486334,2.185792349726776,22.404371584699454,61.20218579234973,1.639344262295082
735. 해월집(海月集).xml,1556,1622,1776,1589,700,0.8571428571428572,1.5714285714285716,0.0,2.857142857142857,1.1428571428571428,4.142857142857142,87.14285714285714,2.2857142857142856
745. 명고집(鳴皐集).xml,1559,1611,1704,1585,247,0.0,0.0,0.0,0.8097165991902834,0.4048582995951417,0.0,98.78542510121457,0.0
736. 수북정집(水北亭集).xml,1557,1623,1832,1590,166,0.6024096385542169,0.0,0.0,0.0,1.8072289156626504,0.0,97.59036144578313,0.0
738. 매창집(梅窓集).xml,1558,1619,1821,1588,272,2.5735294117647056,1.8382352941176472,0.0,4.044117647058823,2.2058823529411766,1.4705882352941175,86.02941176470588,1.8382352941176472
746. 서담집(西潭集).xml,1559,1624,1846,1591,293,3.0716723549488054,0.6825938566552902,0.0,3.754266211604096,2.3890784982935154,15.017064846416384,71.67235494880546,3.4129692832764507
670. 창계집(滄溪集).xml,1457,1521,1906,1489,447,0.6711409395973155,0.0,0.0,0.0,1.1185682326621924,0.0,98.2102908277405,0.0
685. 청련집(靑蓮集).xml,1520,1578,,1549,81,1.2345679012345678,1.2345679012345678,0.0,0.0,1.2345679012345678,0.0,96.29629629629629,0.0
680. 구암집(久庵集).xml,1509,1570,1791,1539,94,9.574468085106384,13.829787234042554,0.0,14.893617021276595,4.25531914893617,5.319148936170213,41.48936170212766,10.638297872340425
678. 무하옹집(無何翁集).xml,1498,1554,1801,1526,143,0.6993006993006993,0.0,0.0,0.6993006993006993,0.6993006993006993,0.6993006993006993,95.1048951048951,2.097902097902098
691. 송당집(松塘集).xml,1524,1594,1642,1559,680,0.14705882352941177,0.0,0.0,0.0,0.14705882352941177,0.0,99.70588235294117,0.0
682. 급고유고(汲古遺稿).xml,1515,1572,1617,1543,249,0.8032128514056224,1.2048192771084338,0.0,0.0,0.4016064257028112,0.0,95.98393574297188,1.6064257028112447
684. 구촌집(龜村集).xml,1516,1571,1653,1543,170,1.7647058823529411,1.1764705882352942,0.0,0.0,1.7647058823529411,0.0,88.8235294117647,6.470588235294119
679. 숭덕재유고(崇德齋遺稿).xml,1498,1562,1914,1530,176,1.1363636363636365,1.1363636363636365,0.0,1.7045454545454544,0.5681818181818182,28.40909090909091,66.47727272727273,0.5681818181818182
688. 기봉집(岐峯集).xml,1522,1556,1899,1539,191,0.5235602094240838,0.0,0.0,0.0,3.1413612565445024,0.0,95.28795811518324,1.0471204188481675
686. 매헌집(梅軒集).xml,1521,1584,,1552,72,9.722222222222223,0.0,0.0,4.166666666666666,8.333333333333332,9.722222222222223,56.94444444444444,11.11111111111111
683. 후조당집(後彫堂集).xml,1516,1577,1822,1546,253,1.9762845849802373,1.9762845849802373,0.0,3.9525691699604746,0.7905138339920948,13.043478260869565,73.12252964426878,5.138339920948617
687. 춘당집(春塘集).xml,1521,1606,1898,1563,382,0.7853403141361256,0.0,0.0,1.0471204188481675,1.832460732984293,0.2617801047120419,95.81151832460732,0.2617801047120419
681. 송파일고(松坡逸稿).xml,1514,1558,1809,1536,85,2.3529411764705883,1.1764705882352942,0.0,0.0,1.1764705882352942,0.0,84.70588235294117,10.588235294117647
726. 서계집(西溪集).xml,1553,1630,1833,1591,187,1.6042780748663104,4.27807486631016,0.0,9.62566844919786,3.7433155080213902,15.508021390374333,53.475935828877006,11.76470588235294
625. 심암유고(心庵遺稿).xml,1796,1870,,1833,1493,3.6168787675820497,18.486269256530473,0.0,3.5498995311453454,3.750837240455459,0.0,66.30944407233757,4.286671131949095
713. 대암집(大菴集).xml,1549,1606,1693,1577,264,3.787878787878788,1.5151515151515151,0.0,17.045454545454543,0.3787878787878788,24.62121212121212,51.89393939393939,0.7575757575757576
661. 명미당집(明美堂集).xml,1852,1898,1917,1875,629,8.426073131955485,1.2718600953895072,0.0,3.6565977742448332,6.041335453100159,1.9077901430842605,69.9523052464229,8.744038155802862
721. 청륙집(靑陸集).xml,1552,1633,1647,1592,415,0.24096385542168677,2.891566265060241,0.0,0.0,1.9277108433734942,0.0,91.56626506024097,3.3734939759036147
614. 완당전집(阮堂全集).xml,1786,1856,1934,1821,763,0.2621231979030144,1.5727391874180863,0.0,0.5242463958060288,6.8152031454783755,31.585845347313235,48.88597640891219,10.35386631716907
719. 독석집(獨石集).xml,1551,1612,1727,1581,105,2.857142857142857,10.476190476190476,0.0,3.8095238095238098,2.857142857142857,0.0,79.04761904761905,0.9523809523809524
698. 상유집(桑楡集).xml,1534,1607,1618,1570,366,0.0,0.0,0.0,0.0,0.546448087431694,0.0,99.4535519125683,0.0
716. 하의유고(荷衣遺稿).xml,1549,1591,1692,1570,227,1.3215859030837005,0.4405286343612335,0.0,0.881057268722467,0.4405286343612335,0.0,96.47577092511013,0.4405286343612335
613. 경산집(經山集).xml,1783,1873,1895,1828,583,9.605488850771868,28.987993138936535,0.0,3.6020583190394513,3.9451114922813035,1.3722126929674099,49.57118353344768,2.9159519725557463
710. 북애집(北厓集).xml,1547,1603,,1575,159,3.1446540880503147,0.0,0.0,7.547169811320755,1.8867924528301887,3.7735849056603774,82.38993710691824,1.257861635220126
706. 명관유고집(冥觀遺稿集).xml,1542,1615,1628,1578,202,0.0,1.4851485148514851,0.0,2.9702970297029703,0.9900990099009901,0.49504950495049505,93.56435643564357,0.49504950495049505
722. 감호집(鑑湖集).xml,1552,1619,1860,1585,304,2.302631578947368,2.631578947368421,0.0,1.644736842105263,1.9736842105263157,6.907894736842106,82.56578947368422,1.9736842105263157
635. 계당집(溪堂集).xml,1813,1872,1928,1842,588,9.863945578231291,0.5102040816326531,0.0,9.35374149659864,11.394557823129253,47.95918367346938,14.285714285714285,6.63265306122449
633. 하원시초(夏園詩鈔).xml,1808,1858,1854,1833,105,0.0,0.0,0.0,0.0,1.9047619047619049,0.0,98.09523809523809,0.0
701. 회곡집(晦谷集).xml,1539,1617,1833,1578,120,6.666666666666667,2.5,0.0,20.0,2.5,12.5,51.66666666666667,4.166666666666666
699. 선양정집(善養亭集).xml,1536,1596,1905,1566,242,1.6528925619834711,2.066115702479339,0.0,4.958677685950414,4.958677685950414,6.6115702479338845,73.14049586776859,6.6115702479338845
717. 낙재집(樂齋集).xml,1550,1615,1843,1582,413,2.1791767554479415,0.0,0.0,10.895883777239709,0.9685230024213075,20.33898305084746,61.98547215496368,3.631961259079903
638. 사미헌집(四未軒集).xml,1815,1900,1906,1857,591,17.93570219966159,0.338409475465313,0.0,5.922165820642978,5.414551607445008,43.48561759729272,18.104906937394247,8.79864636209814
634. 수종재집(守宗齋集).xml,1808,1858,1902,1833,267,12.359550561797752,5.2434456928838955,0.0,10.861423220973784,12.359550561797752,30.337078651685395,20.59925093632959,8.239700374531834
712. 서포집(西浦集).xml,1548,1630,1900,1589,626,0.4792332268370607,0.3194888178913738,0.0,0.3194888178913738,1.1182108626198082,0.1597444089456869,96.1661341853035,1.4376996805111821
626. 성재집(性齋集).xml,1797,1886,1903,1841,1589,17.432347388294524,2.4543738200125866,0.0,7.23725613593455,11.768407803650094,18.12460667086218,26.242920075519194,16.740088105726873
653. 간재집(艮齋集).xml,1841,1922,1927,1881,5451,1.522656393322326,0.0550357732526142,0.0,1.2841680425609978,5.210053201247478,45.91818015043111,33.55347642634379,12.45643001284168
646. 성재집(省齋集).xml,1832,1893,1897,1862,959,2.9197080291970803,0.4171011470281543,0.0,4.275286757038582,5.422314911366007,60.37539103232534,10.427528675703858,16.16266944734098
715. 모당집(慕堂集).xml,1549,1615,,1582,261,1.532567049808429,9.961685823754788,0.0,4.21455938697318,1.9157088122605364,0.0,78.544061302682,3.8314176245210727
720. 송소집(松巢集).xml,1552,1590,1811,1571,177,2.2598870056497176,0.5649717514124294,0.0,12.994350282485875,3.954802259887006,15.819209039548024,61.5819209039548,2.824858757062147
724. 모당집(慕堂集).xml,1553,1634,1849,1593,426,2.3474178403755865,0.0,0.0,5.868544600938967,0.4694835680751174,6.807511737089202,83.56807511737088,0.9389671361502347
631. 은송당집(恩誦堂集).xml,1803,1865,1848,1834,531,0.5649717514124294,0.0,0.0,0.0,4.3314500941619585,0.0,89.83050847457628,5.273069679849341
727. 화곡집(禾谷集).xml,1553,1616,1899,1584,76,5.263157894736842,25.0,0.0,7.894736842105263,7.894736842105263,19.736842105263158,31.57894736842105,2.631578947368421
624. 해옹고(海翁藁).xml,1798,1868,,1833,1001,0.0,0.0,0.0,1.4985014985014986,2.4975024975024978,8.191808191808192,87.11288711288712,0.6993006993006993
618. 소재집(歗齋集).xml,1790,1866,1890,1828,316,1.5822784810126582,0.0,0.0,0.6329113924050633,5.063291139240507,0.0,80.69620253164557,12.025316455696203
675. 야계집(倻溪集).xml,1494,1558,1924,1526,77,10.38961038961039,10.38961038961039,0.0,9.090909090909092,3.896103896103896,2.5974025974025974,24.675324675324674,38.961038961038966
714. 계음집(溪陰集).xml,1549,1612,1899,1580,250,0.4,2.8000000000000003,0.0,0.4,0.8,2.8000000000000003,90.4,2.4
718. 동호집(東湖集).xml,1551,1611,1718,1581,45,4.444444444444445,0.0,0.0,0.0,13.333333333333334,0.0,57.77777777777777,24.444444444444443
723. 유연당집(悠然堂集).xml,1553,1602,,1577,83,3.614457831325301,3.614457831325301,0.0,15.66265060240964,4.819277108433735,14.457831325301203,38.55421686746988,19.27710843373494
709. 식암집(息庵集).xml,1544,1616,1769,1580,434,1.1520737327188941,1.8433179723502304,0.0,4.6082949308755765,1.1520737327188941,3.4562211981566824,86.63594470046083,1.1520737327188941
658. 소호당집(韶濩堂集).xml,1850,1927,1927,1888,1076,13.011152416356877,0.2788104089219331,0.0,1.0223048327137547,9.107806691449815,2.6022304832713754,61.05947955390335,12.9182156133829
647. 면암집(勉菴集).xml,1833,1906,1909,1869,2156,20.500927643784784,1.3450834879406308,0.0,0.927643784786642,8.20964749536178,44.434137291280145,15.120593692022263,9.461966604823747
649. 방산집(舫山集).xml,1836,1907,1910,1871,1208,6.043046357615895,0.16556291390728478,0.0,2.980132450331126,7.119205298013245,17.632450331125828,58.85761589403974,7.201986754966887
660. 매천집(梅泉集).xml,1855,1910,1913,1882,551,3.2667876588021776,0.18148820326678766,0.0,1.6333938294010888,3.6297640653357535,3.8112522686025407,79.12885662431943,8.348457350272232
657. 이해학유서(李海鶴遺書).xml,1848,1909,,1878,266,2.2556390977443606,1.5037593984962405,0.0,1.1278195488721803,7.518796992481203,10.150375939849624,63.90977443609023,13.533834586466165
651. 연재집(淵齋集).xml,1836,1905,1907,1870,1550,20.580645161290324,2.129032258064516,0.0,3.612903225806452,10.387096774193548,32.387096774193544,16.838709677419356,14.06451612903226
650. 운양집(雲養集).xml,1835,1922,1930,1878,1714,2.6254375729288215,2.5087514585764294,0.0,3.09218203033839,9.85997666277713,3.5005834305717616,71.87864644107351,6.534422403733956
636. 고산집(鼓山集).xml,1811,1876,1883,1843,1039,17.709335899903753,4.234841193455245,0.0,4.716073147256978,6.4485081809432145,38.59480269489894,17.709335899903753,10.587102983638113
645. 미산집(眉山集).xml,1832,1894,1934,1863,733,5.184174624829468,6.8212824010914055,0.0,5.320600272851296,10.368349249658936,5.184174624829468,58.52660300136425,8.594815825375171
648. 후산집(后山集).xml,1833,1904,1909,1868,1023,6.549364613880742,0.0,0.0,2.248289345063539,4.301075268817205,40.66471163245357,35.87487781036168,10.361681329423265
725. 만퇴헌유고(晩退軒遺稿).xml,1553,1623,1684,1588,51,5.88235294117647,25.49019607843137,0.0,7.8431372549019605,3.9215686274509802,13.725490196078432,35.294117647058826,7.8431372549019605
652. 만구집(晩求集).xml,1837,1902,1936,1869,1368,7.602339181286549,0.14619883040935672,0.0,6.359649122807018,5.994152046783626,51.900584795321635,21.49122807017544,6.505847953216374
637. 가오고략(嘉梧藁略).xml,1814,1888,,1851,1224,8.169934640522875,21.486928104575163,0.0,0.08169934640522876,4.003267973856209,6.127450980392156,51.225490196078425,8.905228758169935
627. 담인집(澹人集).xml,1799,1877,1916,1838,1020,0.49019607843137253,3.2352941176470593,0.0,8.92156862745098,3.1372549019607843,15.196078431372548,66.56862745098039,2.450980392156863
630. 봉서집(鳳棲集).xml,1801,1859,1913,1830,167,12.574850299401197,1.1976047904191618,0.0,4.191616766467066,16.766467065868262,32.93413173652694,2.3952095808383236,29.94011976047904
632. 환재집(瓛齋集).xml,1807,1876,1913,1841,299,3.0100334448160537,10.033444816053512,0.0,1.0033444816053512,9.03010033444816,54.515050167224075,19.063545150501675,3.3444816053511706
643. 서산집(西山集).xml,1827,1899,1907,1863,987,11.246200607902736,0.10131712259371835,0.0,5.268490374873354,2.330293819655522,63.12056737588653,15.400202634245188,2.532928064842958
644. 하정집(荷亭集).xml,1829,1899,1916,1864,439,5.239179954441914,16.40091116173121,0.0,6.378132118451026,4.328018223234624,0.683371298405467,58.997722095671975,7.972665148063782
641. 고환당수초(古歡堂收艸).xml,1820,1884,1885,1852,552,1.2681159420289856,0.5434782608695652,0.0,0.9057971014492754,3.804347826086957,0.5434782608695652,88.58695652173914,4.3478260869565215
612. 과재집(果齋集).xml,1784,1852,1883,1818,347,7.780979827089338,6.340057636887608,0.0,4.610951008645533,2.881844380403458,10.37463976945245,63.68876080691642,4.322766570605188
640. 한주집(寒洲集).xml,1818,1886,1928,1852,1056,3.5984848484848486,0.4734848484848485,0.0,6.34469696969697,4.640151515151516,34.090909090909086,44.034090909090914,6.8181818181818175
642. 중암집(重菴集).xml,1819,1891,1906,1855,1686,4.9228944246737845,0.4744958481613286,0.0,3.084223013048636,4.804270462633451,48.27995255041518,26.571767497034397,11.862396204033216
702. 죽유집(竹牖集).xml,1540,1617,1824,1578,277,4.693140794223827,2.527075812274368,0.0,7.2202166064981945,7.581227436823104,10.830324909747292,64.62093862815884,2.527075812274368
604. 낙하생집(洛下生集).xml,1770,1835,,1802,1322,0.45385779122541603,0.07564296520423601,0.0,0.30257186081694404,2.26928895612708,5.975794251134644,76.4750378214826,14.447806354009076
616. 사기집(沙磯集).xml,1789,1866,1934,1827,357,4.481792717086835,11.204481792717088,0.0,11.484593837535014,5.042016806722689,3.6414565826330536,60.78431372549019,3.361344537815126
620. 동번집(東樊集).xml,1792,1863,1909,1827,297,0.0,0.0,0.0,1.6835016835016834,0.33670033670033667,0.33670033670033667,96.63299663299664,1.0101010101010102
601. 담정유고(藫庭遺藁).xml,1766,1821,1882,1793,383,2.610966057441253,0.0,0.0,1.8276762402088773,31.853785900783286,1.0443864229765014,46.73629242819843,15.926892950391643
597. 여유당전서(與猶堂全書).xml,1762,1836,,1799,8100,0.5555555555555556,0.7654320987654322,0.0,0.1851851851851852,2.2962962962962963,2.7160493827160495,15.135802469135804,78.34567901234568
605. 경수당전고(警修堂全藁).xml,1769,1845,,1807,2065,0.0,0.0,0.0,0.048426150121065374,1.1138014527845037,0.0,98.83777239709443,0.0
606. 존재집(存齋集).xml,1771,1849,,1810,2721,0.3675119441381845,0.03675119441381845,0.0,0.8452774715178243,1.2495406100698274,0.0,95.77361264241088,1.7273061374494671
629. 숙재집(肅齋集).xml,1800,1870,1903,1835,766,3.91644908616188,2.3498694516971277,0.0,4.308093994778068,3.0026109660574414,64.49086161879896,19.06005221932115,2.8720626631853787
610. 정재집(定齋集).xml,1777,1861,1883,1819,1511,16.61151555261416,0.9265387160820648,0.0,7.1475843812045,6.882859033752482,60.35737921906023,2.7796161482461947,5.294506949040371
611. 운석유고(雲石遺稿).xml,1782,1850,1868,1816,699,7.725321888412018,18.88412017167382,0.0,4.148783977110158,6.437768240343347,0.0,60.65808297567954,2.1459227467811157
584. 홍재전서(弘齋全書).xml,1752,1800,1814,1776,4102,0.6582155046318869,16.626036079960997,0.0,10.507069722086786,2.3890784982935154,0.7069722086786934,8.142369575816675,60.97025841053145
608. 대산집(臺山集).xml,1776,1840,1879,1808,542,8.487084870848708,1.8450184501845017,0.0,3.6900369003690034,8.302583025830259,8.856088560885608,62.73062730627307,6.088560885608856
592. 추재집(秋齋集).xml,1762,1849,1939,1805,1716,0.4079254079254079,0.11655011655011654,0.0,0.2331002331002331,0.9324009324009324,0.5827505827505828,95.04662004662005,2.6806526806526807
607. 연천집(淵泉集).xml,1774,1842,,1808,1104,10.054347826086957,13.043478260869565,0.0,6.068840579710145,9.420289855072465,2.536231884057971,49.63768115942029,9.239130434782608
596. 노주집(老洲集).xml,1763,1833,1892,1798,731,8.755129958960328,4.1039671682626535,0.0,4.377564979480164,3.4199726402188784,74.96580027359782,0.0,4.377564979480164
621. 화서집(華西集).xml,1792,1868,,1830,1163,1.9776440240756663,0.9458297506448838,0.0,1.7196904557179709,2.235597592433362,40.32674118658641,33.19002579535684,19.604471195184868
593. 금릉집(金陵集).xml,1760,1840,1815,1800,1170,7.777777777777778,18.37606837606838,0.0,4.102564102564102,20.085470085470085,3.7606837606837606,37.0940170940171,8.803418803418804
602. 두실존고(斗室存稿).xml,1766,1838,,1802,587,0.0,0.0,0.0,0.0,0.0,15.67291311754685,84.15672913117547,0.17035775127768313
619. 금곡집(錦谷集).xml,1791,1867,1907,1829,649,15.254237288135593,8.782742681047766,0.0,8.628659476117104,8.166409861325114,34.514637904468415,19.41448382126348,5.238828967642527
623. 연파시초(蓮坡詩鈔).xml,1797,1865,1928,1831,186,0.5376344086021506,0.0,0.0,0.0,1.6129032258064515,0.0,97.84946236559139,0.0
598. 석재고(碩齋稿).xml,1762,1801,,1781,605,12.066115702479339,8.099173553719009,0.0,11.074380165289256,9.917355371900827,9.917355371900827,26.942148760330582,21.983471074380166
622. 침계유고(梣溪遺稿).xml,1793,1874,,1833,436,10.77981651376147,9.174311926605505,0.0,8.715596330275229,10.77981651376147,0.0,59.174311926605505,1.3761467889908259
628. 노사집(蘆沙集).xml,1798,1879,1902,1838,1441,4.6495489243580845,0.4857737682165163,0.0,0.9021512838306732,17.002081887578072,48.299791811242194,19.153365718251216,9.507286606523248
577. 청장관전서(靑莊館全書).xml,1741,1793,1900,1767,2311,2.8991778450887065,0.0,0.0,0.043271311120726956,1.2115967113803547,24.18866291648637,31.54478580700995,40.11250540891389
615. 성재집(成齋集).xml,1791,1849,,1820,1004,0.199203187250996,10.458167330677291,0.0,2.1912350597609564,1.4940239043824701,5.776892430278884,75.59760956175299,4.282868525896414
564. 능허관만고(凌虛關漫稿).xml,1735,1762,1814,1748,727,0.1375515818431912,63.54883081155434,0.0,1.3755158184319118,0.2751031636863824,1.925722145804677,21.320495185694636,11.416781292984869
576. 무명자집(無名子集).xml,1741,1826,,1783,2474,0.08084074373484236,5.012126111560226,0.0,0.44462409054163304,1.0105092966855296,3.1527890056588523,83.71059013742926,6.588520614389652
589. 척재집(惕齋集).xml,1754,1825,1932,1789,629,2.384737678855326,14.467408585055644,0.0,3.815580286168521,1.4308426073131957,3.97456279809221,61.04928457869634,12.87758346581876
583. 정유각집(貞㽔閣集).xml,1750,1805,,1777,949,0.9483667017913594,0.8429926238145415,0.0,1.2644889357218125,2.9504741833508956,4.10958904109589,86.72286617492097,3.1612223393045316
617. 오서집(梧墅集).xml,1791,1854,,1822,1010,3.0693069306930694,14.653465346534652,0.0,7.128712871287128,1.881188118811881,0.297029702970297,63.46534653465346,9.504950495049505
578. 해석유고((海石遺稿).xml,1746,1827,,1786,483,7.246376811594203,4.761904761904762,0.0,10.766045548654244,2.691511387163561,3.9337474120082816,67.90890269151139,2.691511387163561
574. 금대시문초(錦帶詩文鈔).xml,1742,1801,,1771,167,16.766467065868262,1.1976047904191618,0.0,0.5988023952095809,17.964071856287426,0.0,57.48502994011976,5.9880239520958085
580. 공백당집(拱白堂集).xml,1748,1800,,1774,69,2.898550724637681,0.0,0.0,13.043478260869565,8.695652173913043,28.985507246376812,18.84057971014493,27.536231884057973
586. 사명자시집(四名子詩集).xml,1753,1809,1914,1781,289,0.34602076124567477,0.0,0.0,1.384083044982699,2.0761245674740483,0.0,96.19377162629758,0.0
587. 후계집(後溪集).xml,1754,1832,,1793,485,3.917525773195876,0.6185567010309279,0.0,11.134020618556702,5.360824742268041,16.288659793814432,57.52577319587628,5.154639175257731
609. 매산집(梅山集).xml,1776,1852,1866,1814,1898,10.590094836670179,1.685985247629083,0.0,2.265542676501581,2.423603793466807,53.05584826132771,27.239199157007377,2.73972602739726
542. 간옹집(艮翁集).xml,1719,1791,1795,1755,1251,3.9168665067945643,3.037569944044764,0.0,3.357314148681055,3.7569944044764187,1.518784972022382,77.37809752198241,7.034372501998401
548. 삼산재집(三山齋集).xml,1722,1791,1854,1756,451,1.3303769401330376,5.764966740576496,0.0,7.5388026607538805,6.208425720620843,29.268292682926827,44.789356984478935,5.099778270509978
551. 이계집(耳溪集).xml,1724,1802,1843,1763,1433,12.072575017445917,5.024424284717377,0.0,3.8381018841591072,6.699232379623169,1.3956734124214933,5.722260990928123,65.24773203070482
537. 석북집(石北集).xml,1712,1775,1906,1743,1268,0.47318611987381703,0.31545741324921134,0.0,2.444794952681388,1.2618296529968454,9.621451104100947,60.488958990536275,25.39432176656151
540. 보만재집(保晚齋集).xml,1716,1787,1838,1751,380,9.473684210526317,13.421052631578947,0.0,6.842105263157896,11.052631578947368,5.263157894736842,40.78947368421053,13.157894736842104
539. 풍서집(豐墅集).xml,1717,1799,,1758,774,14.082687338501293,0.3875968992248062,0.0,3.229974160206718,1.937984496124031,0.3875968992248062,77.6485788113695,2.3255813953488373
544. 쌍계유고(雙溪遺稿).xml,1719,1792,,1755,444,12.837837837837837,28.82882882882883,0.0,9.45945945945946,3.153153153153153,0.9009009009009009,41.66666666666667,3.153153153153153
591. 강재집(剛齋集).xml,1759,1838,1865,1798,518,21.042471042471043,15.057915057915059,0.0,8.301158301158301,14.285714285714285,27.99227799227799,9.073359073359073,4.247104247104247
549. 해좌집(海左集).xml,1723,1801,1867,1762,2245,1.6481069042316259,1.6035634743875278,0.0,2.6280623608017817,5.434298440979955,0.623608017817372,78.17371937639199,9.888641425389755
582. 명고전집(明皐全集).xml,1749,1824,,1786,403,7.94044665012407,16.377171215880892,0.0,5.459057071960298,11.166253101736972,6.9478908188585615,33.25062034739454,18.858560794044664
590. 이이엄집(而已广集).xml,1759,1828,,1793,849,0.0,0.0,0.0,1.4134275618374559,2.8268551236749118,1.5312131919905771,91.28386336866903,2.944640753828033
546. 본암집(本庵集).xml,1721,1780,1798,1750,825,7.151515151515151,0.48484848484848486,0.0,4.96969696969697,3.272727272727273,22.90909090909091,30.424242424242426,30.787878787878785
594. 연경재전집(硏經齋全集).xml,1760,1839,,1799,3748,5.8431163287086445,0.26680896478121663,0.0,1.5741728922091782,7.977588046958378,0.720384204909285,26.73425827107791,56.883671291355384
588. 죽석관유집(竹石館遺集).xml,1759,1816,,1787,533,3.189493433395872,17.26078799249531,0.0,2.8142589118198873,3.75234521575985,1.6885553470919326,55.909943714821765,15.384615384615385
543. 번암집(樊巖集).xml,1720,1799,1824,1759,2700,5.407407407407407,18.11111111111111,0.0,3.185185185185185,2.5925925925925926,1.037037037037037,19.14814814814815,50.51851851851852
600. 풍고집(楓皐集).xml,1765,1832,1854,1798,1042,4.318618042226487,6.71785028790787,0.0,2.399232245681382,2.783109404990403,3.5508637236084453,76.1996161228407,4.030710172744722
599. 풍석전집(楓石全集).xml,1764,1845,,1804,161,22.36024844720497,14.285714285714285,0.0,6.211180124223603,22.36024844720497,14.906832298136646,0.0,19.875776397515526
595. 석천유고(石泉遺稿).xml,1760,1828,1938,1794,78,30.76923076923077,2.564102564102564,0.0,20.51282051282051,14.102564102564102,1.282051282051282,12.82051282051282,17.94871794871795
603. 대연유고(岱淵遺藁).xml,1767,1830,,1798,137,5.109489051094891,0.0,0.0,5.109489051094891,4.37956204379562,0.0,81.75182481751825,3.64963503649635
565. 완구유집(宛丘遺集).xml,1735,1809,1820,1772,75,12.0,0.0,0.0,33.33333333333333,17.333333333333336,9.333333333333334,0.0,28.000000000000004
568. 연암집(燕巖集).xml,1737,1805,1932,1771,309,9.70873786407767,3.559870550161812,0.0,3.559870550161812,13.268608414239482,33.33333333333333,10.355987055016183,26.21359223300971
569. 신재집(信齋集).xml,1738,1780,,1759,217,2.7649769585253456,0.0,0.0,7.373271889400922,0.0,5.529953917050691,74.19354838709677,10.138248847926267
561. 청성집(靑城集).xml,1732,1809,1840,1770,634,3.1545741324921135,0.0,0.0,3.4700315457413247,9.46372239747634,1.2618296529968454,75.39432176656152,7.255520504731862
562. 자저(自著).xml,1732,1811,,1771,1365,4.029304029304029,0.0,0.0,4.102564102564102,6.446886446886448,4.688644688644689,62.1978021978022,18.534798534798536
558. 연석(燕石).xml,1730,1796,,1763,310,16.129032258064516,25.806451612903224,0.0,16.451612903225808,15.483870967741936,9.67741935483871,0.0,16.451612903225808
563. 근재집(近齋集).xml,1734,1799,1817,1766,1072,2.798507462686567,0.0,0.0,3.171641791044776,2.798507462686567,54.66417910447762,30.597014925373134,5.970149253731343
556. 몽오집(夢梧集).xml,1728,1799,1910,1763,238,11.344537815126051,15.126050420168067,0.0,6.302521008403361,13.865546218487395,2.5210084033613445,44.957983193277315,5.88235294117647
554. 성담집(性潭集).xml,1728,1807,,1767,1067,19.681349578256796,9.090909090909092,0.0,5.716963448922212,8.716026241799439,28.116213683223997,19.587628865979383,9.090909090909092
570. 송목관신여고(松穆館燼餘稿).xml,1740,1766,1860,1753,58,5.172413793103448,0.0,0.0,0.0,5.172413793103448,3.4482758620689653,81.03448275862068,5.172413793103448
572. 금석집(錦石集).xml,1739,1807,1816,1773,560,1.4285714285714286,1.4285714285714286,0.0,1.9642857142857142,1.25,17.67857142857143,72.32142857142857,3.9285714285714284
555. 하서집(荷棲集).xml,1727,1787,1789,1757,443,3.3860045146726865,15.80135440180587,0.0,5.8690744920993225,5.643340857787811,2.4830699774266365,58.91647855530474,7.900677200902935
559. 수산집(修山集).xml,1731,1797,1799,1764,339,6.784660766961652,2.6548672566371683,0.0,3.5398230088495577,20.058997050147493,0.5899705014749262,27.13864306784661,39.233038348082594
553. 존재집(存齋集).xml,1727,1798,1875,1762,340,9.117647058823529,2.941176470588235,0.0,2.6470588235294117,5.294117647058823,5.294117647058823,37.64705882352941,37.05882352941177
560. 담헌서(湛軒書).xml,1731,1783,1939,1757,221,4.072398190045249,0.0,0.0,4.072398190045249,6.334841628959276,22.624434389140273,10.85972850678733,52.03619909502263
552. 순암집(醇庵集).xml,1727,1792,1808,1759,427,6.0889929742388755,5.85480093676815,0.0,3.278688524590164,7.494145199063232,3.9812646370023423,59.250585480093676,14.05152224824356
573. 과재유고(過齋遺稿).xml,1739,1799,1928,1769,65,16.923076923076923,3.076923076923077,0.0,10.76923076923077,0.0,30.76923076923077,18.461538461538463,20.0
579. 영재집(泠齋集).xml,1748,1807,,1777,673,0.5943536404160475,0.7429420505200593,0.0,0.0,2.823179791976226,0.0,94.35364041604754,1.4858841010401187
566. 묵헌집(默軒集).xml,1736,1820,1938,1778,328,16.76829268292683,0.3048780487804878,0.0,17.073170731707318,5.7926829268292686,20.121951219512198,19.817073170731707,20.121951219512198
571. 입재집(立齋集).xml,1738,1816,1835,1777,1405,7.402135231316725,0.42704626334519574,0.0,5.409252669039146,5.6939501779359425,23.843416370106763,44.555160142348754,12.669039145907474
567. 만각재집(晚覺齋集).xml,1738,1811,1926,1774,201,4.975124378109453,0.9950248756218906,0.0,10.945273631840797,7.960199004975125,14.427860696517413,56.21890547263681,4.477611940298507
585. 극원유고(屐園遺稿).xml,1752,1820,,1786,1263,4.433887569279493,16.468725257323833,0.0,6.88836104513064,4.275534441805226,0.395882818685669,60.57007125890736,6.967537608867776
581. 하려집(下廬集).xml,1750,1827,1918,1788,386,18.393782383419687,0.2590673575129534,0.0,7.772020725388601,12.953367875647666,23.83419689119171,19.94818652849741,16.83937823834197
575. 초원유고(椒園遺藁).xml,1744,1816,,1780,349,0.0,0.0,0.0,0.0,0.0,0.0,83.66762177650429,16.332378223495702
557. 이재유고(頤齋遺藁).xml,1729,1791,1829,1760,953,5.456453305351522,0.3147953830010493,0.0,4.4071353620146905,6.8205666316894025,20.356768100734524,56.24344176285414,6.400839454354669
486. 여호집(黎湖集).xml,1680,1748,,1714,773,13.971539456662354,16.170763260025872,0.0,7.891332470892626,0.0,24.579560155239328,33.63518758085382,3.751617076326003
550. 죽하집(竹下集).xml,1723,1790,,1756,834,1.6786570743405276,34.89208633093525,0.0,3.477218225419664,1.079136690647482,6.71462829736211,50.23980815347721,1.9184652278177456
463. 돈와유고(遯窩遺稿).xml,1665,1721,,1693,402,0.24875621890547264,5.223880597014925,0.0,1.4925373134328357,1.2437810945273633,0.0,89.55223880597015,2.2388059701492535
471. 서당사재(西堂私載).xml,1673,1744,,1708,730,24.52054794520548,0.0,0.0,0.0,7.671232876712329,0.547945205479452,62.19178082191781,5.068493150684931
416. 서포집(西浦集).xml,1637,1692,1702,1664,295,0.6779661016949152,14.237288135593221,0.0,3.728813559322034,1.3559322033898304,0.0,77.96610169491525,2.0338983050847457
466. 곤륜집(昆侖集).xml,1669,1720,1725,1694,753,3.187250996015936,3.4528552456839305,0.0,6.640106241699867,1.1952191235059761,11.288180610889773,70.2523240371846,3.9840637450199203
469. 극재집(克齋集).xml,1672,1722,1862,1697,291,1.3745704467353952,0.0,0.0,1.0309278350515463,5.154639175257731,20.274914089347078,53.264604810996566,18.900343642611684
468. 북헌집(北軒集).xml,1670,1717,1760,1693,597,0.33500837520938026,2.1775544388609713,0.0,4.690117252931323,3.6850921273031827,1.675041876046901,39.86599664991625,47.571189279731996
470. 도운유집(陶雲遺集).xml,1672,1737,1854,1704,742,0.13477088948787064,0.8086253369272237,0.0,1.2129380053908356,0.40431266846361186,0.0,96.7654986522911,0.6738544474393532
474. 병곡집(屛谷集).xml,1672,1749,1797,1710,523,1.7208413001912046,0.19120458891013384,0.0,6.118546845124283,1.7208413001912046,19.694072657743785,37.476099426386234,33.07839388145315
473. 눌은집(訥隱集).xml,1674,1756,1808,1715,499,22.84569138276553,0.4008016032064128,0.0,7.414829659318638,11.22244488977956,9.218436873747494,36.27254509018036,12.625250501002002
798. 죽소집(竹所集).xml,1580,1656,,1618,380,0.7894736842105263,12.105263157894736,0.0,3.1578947368421053,0.0,0.0,82.89473684210526,1.0526315789473684
349. 동명집(東溟集).xml,1597,1673,1674,1635,779,0.0,0.0,0.0,0.0,0.25673940949935814,0.0,99.74326059050064,0.0
347. 송애집(松崖集).xml,1596,1653,1871,1624,150,5.333333333333334,36.666666666666664,0.0,9.333333333333334,2.666666666666667,20.666666666666668,21.333333333333336,4.0
346. 동토집(童土集.xml,1596,1668,1712,1632,515,1.9417475728155338,0.0,0.0,2.524271844660194,1.7475728155339807,14.951456310679612,72.81553398058253,6.019417475728155
345. 백원집(百源集).xml,1596,1675,1755,1635,472,1.2711864406779663,1.4830508474576272,0.0,3.8135593220338984,1.059322033898305,40.46610169491525,51.271186440677965,0.6355932203389831
344. 기언(記言).xml,1595,1682,1772,1638,1306,21.822358346094948,12.710566615620214,0.0,5.283307810107198,11.868300153139357,15.084226646248085,7.656967840735068,25.57427258805513
343. 백주집(白洲集).xml,1595,1645,1646,1620,1691,1.0053222945002958,4.257835600236547,0.0,1.7740981667652276,1.3010053222945004,1.655824955647546,87.34476641040804,2.6611472501478417
342. 겸재집(謙齋集).xml,1593,1666,1746,1629,687,2.1834061135371177,0.2911208151382824,0.0,7.860262008733625,2.4745269286754,20.66957787481805,47.88937409024746,18.631732168850075
341. 백헌집(白軒集).xml,1595,1671,1700,1633,2097,4.196471149260849,11.063423938960419,0.0,3.9580352885073915,2.670481640438722,2.575107296137339,73.05674773485931,2.479732951835956
348. 경와집(敬窩集).xml,1597,1638,,1617,427,1.873536299765808,0.0,0.0,1.873536299765808,0.468384074941452,2.810304449648712,87.58782201405153,5.386416861826698
340. 동명집(東溟集).xml,1593,1646,1737,1619,627,2.5518341307814993,3.349282296650718,0.0,1.4354066985645932,3.349282296650718,0.0,87.71929824561403,1.5948963317384368
339. 천파집(天坡集).xml,1592,1634,1646,1613,594,0.33670033670033667,1.0101010101010102,0.0,1.0101010101010102,1.3468013468013467,0.0,94.44444444444444,1.8518518518518516
338. 행명재시집(涬溟齋詩集).xml,1591,1666,1725,1628,609,0.0,0.0,0.0,0.0,0.3284072249589491,0.0,99.67159277504105,0.0
337. 동주집(東州集).xml,1589,1670,,1629,1913,4.234187140616832,0.10454783063251437,0.0,1.411395713538944,2.8750653423941452,0.31364349189754315,88.97020386826973,2.0909566126502876
336. 현곡집(玄谷集).xml,1588,1635,1650,1611,372,1.0752688172043012,5.10752688172043,0.0,5.64516129032258,0.5376344086021506,0.0,86.55913978494624,1.0752688172043012
335. 낙전당집(樂全堂集).xml,1588,1644,1682,1616,672,7.142857142857142,1.3392857142857142,0.0,3.869047619047619,10.56547619047619,3.273809523809524,71.27976190476191,2.5297619047619047
333. 계곡집(谿谷集).xml,1587,1638,1643,1612,1669,3.1755542240862793,9.466746554823247,0.0,2.216896345116836,4.254044337926902,0.05991611743559017,61.35410425404434,19.472738166566806
332. 고산유고(孤山遺稿).xml,1587,1671,1796,1629,482,1.8672199170124482,7.676348547717843,0.0,1.4522821576763485,0.8298755186721992,27.593360995850624,56.43153526970954,4.149377593360995
331. 학사집(鶴沙集).xml,1587,1667,1776,1627,570,15.087719298245613,3.684210526315789,0.0,10.350877192982457,6.491228070175438,2.456140350877193,57.36842105263158,4.56140350877193
334. 돈암전서(遯菴全書).xml,1588,1653,1926,1620,200,1.5,0.5,0.0,0.0,3.0,0.0,14.499999999999998,80.5
329. 용주유고(龍洲遺稿).xml,1586,1669,1703,1627,978,5.930470347648262,12.167689161554192,0.0,3.374233128834356,2.965235173824131,0.2044989775051125,73.00613496932516,2.3517382413087935
328. 지천집(遲川集).xml,1586,1647,1664,1616,841,0.713436385255648,15.81450653983353,0.0,0.11890606420927466,0.713436385255648,0.23781212841854932,81.80737217598097,0.5945303210463734
326. 택당집(澤堂集).xml,1584,1647,1674,1615,1581,3.9215686274509802,6.8943706514864,0.0,0.6957621758380772,3.6053130929791273,2.846299810246679,76.78684376976597,5.249841872232764
324. 기암집(畸庵集).xml,1582,1650,1653,1616,823,1.2150668286755772,4.374240583232078,0.0,3.523693803159174,0.7290400972053462,0.48602673147023084,76.91373025516404,12.75820170109356
323. 월당집(月塘集).xml,1580,1643,1772,1611,251,1.9920318725099602,36.254980079681275,0.0,11.155378486055776,1.593625498007968,0.0,41.43426294820717,7.569721115537849
322. 잠곡유고(潛谷遺稿).xml,1580,1658,1670,1619,646,2.786377708978328,27.708978328173373,0.0,4.489164086687306,3.4055727554179565,0.30959752321981426,58.82352941176471,2.476780185758514
321. 포저집(浦渚集).xml,1579,1655,1688,1617,619,5.977382875605816,29.88691437802908,0.0,10.177705977382875,6.78513731825525,6.623586429725363,23.747980613893375,16.80129240710824
327. 간송집(澗松集).xml,1585,1664,1744,1624,694,3.025936599423631,0.8645533141210375,0.0,13.8328530259366,3.602305475504323,7.348703170028818,67.57925072046109,3.7463976945244957
325. 백강집(白江集).xml,1585,1657,1684,1621,751,0.6657789613848202,20.10652463382157,0.0,2.796271637816245,0.2663115845539281,0.0,74.30093209054593,1.8641810918774968
330. 죽남당고(竹南堂稿).xml,1587,1666,1689,1626,538,0.37174721189591076,7.063197026022305,0.0,0.7434944237918215,0.37174721189591076,0.0,90.89219330855019,0.5576208178438662
320. 후천집(朽淺集).xml,1579,1642,1713,1610,310,1.6129032258064515,1.6129032258064515,0.0,2.258064516129032,4.516129032258064,4.838709677419355,30.967741935483872,54.19354838709678
319. 휴옹집(休翁集).xml,1577,1624,1636,1600,240,1.25,2.5,0.0,2.083333333333333,2.5,0.0,89.58333333333334,2.083333333333333
318. 계암집(溪巖集).xml,1577,1641,1772,1609,417,0.7194244604316548,1.4388489208633095,0.0,4.07673860911271,0.9592326139088728,7.194244604316546,83.93285371702638,1.6786570743405276
317. 청사집(晴沙集).xml,1577,1652,1680,1614,323,0.6191950464396285,4.3343653250774,0.0,3.7151702786377707,1.8575851393188854,1.8575851393188854,86.06811145510835,1.5479876160990713
315. 소암집(疎菴集).xml,1576,1623,,1599,288,1.7361111111111112,4.861111111111112,0.0,6.597222222222222,17.01388888888889,2.083333333333333,61.111111111111114,6.597222222222222
314. 만운집(晩雲集).xml,1575,1636,1894,1605,135,2.2222222222222223,12.592592592592592,0.0,5.185185185185185,2.9629629629629632,32.592592592592595,39.25925925925926,5.185185185185185
313. 죽음집(竹陰集).xml,1575,1638,1681,1606,1123,0.8904719501335707,1.4247551202137132,0.0,2.404274265360641,0.5342831700801425,0.0,94.12288512911843,0.6233303650934996
312. 다산집(茶山集).xml,1575,1638,1685,1606,553,0.0,0.0,0.0,0.0,0.18083182640144665,0.0,99.81916817359856,0.0
311. 신독재유고(愼獨齋遺稿).xml,1574,1656,1710,1615,497,7.847082494969819,20.92555331991952,0.0,3.8229376257545273,1.4084507042253522,21.12676056338028,44.668008048289735,0.2012072434607646
316. 화당집(化堂集).xml,1576,1650,1720,1613,343,0.5830903790087464,10.204081632653061,0.0,3.206997084548105,1.4577259475218658,0.5830903790087464,79.88338192419825,4.081632653061225
310. 해봉집(海峯集).xml,1573,1623,1656,1598,367,0.0,2.997275204359673,0.0,1.08991825613079,0.0,0.0,95.64032697547684,0.2724795640326975
309. 자암집(紫巖集).xml,1573,1649,1741,1611,87,4.597701149425287,11.494252873563218,0.0,10.344827586206897,10.344827586206897,10.344827586206897,45.97701149425287,6.896551724137931
307. 은봉전서(隱峯全書).xml,1573,1654,1773,1613,228,7.017543859649122,17.105263157894736,0.0,5.701754385964912,10.526315789473683,9.649122807017543,17.982456140350877,32.01754385964912
306. 잠야집(潛冶集).xml,1573,1635,1766,1604,78,3.8461538461538463,14.102564102564102,0.0,5.128205128205128,1.282051282051282,41.02564102564102,0.0,34.61538461538461
305. 학호집(鶴湖集).xml,1572,1630,,1601,139,4.316546762589928,13.66906474820144,0.0,8.633093525179856,0.0,22.302158273381295,47.482014388489205,3.597122302158273
304. 학곡집(鶴谷集).xml,1572,1645,1706,1608,483,2.691511387163561,3.5196687370600417,0.0,2.691511387163561,0.4140786749482402,0.0,83.02277432712215,7.6604554865424435
303. 현주집(玄洲集).xml,1572,1631,1651,1601,672,1.3392857142857142,5.357142857142857,0.0,2.380952380952381,9.821428571428571,0.4464285714285714,75.14880952380952,5.5059523809523805
302. 구원집(九畹集).xml,1571,1634,1656,1602,355,0.5633802816901409,0.0,0.0,0.5633802816901409,0.5633802816901409,0.0,96.3380281690141,1.971830985915493
301. 북저집(北渚集).xml,1571,1648,1658,1609,469,2.771855010660981,22.60127931769723,0.0,1.9189765458422177,0.42643923240938164,0.0,72.28144989339019,0.0
300. 동악집(東岳集).xml,1571,1637,1640,1604,3005,0.16638935108153077,0.16638935108153077,0.0,1.264559068219634,0.5324459234608985,0.19966722129783696,97.47088186356073,0.19966722129783696
298. 경정집(敬亭集).xml,1570,1629,1664,1599,1009,0.5946481665014867,1.9821605550049552,0.0,1.1892963330029733,0.9910802775024776,0.09910802775024777,92.56689791873141,2.576808721506442
299. 청음집(淸陰集).xml,1570,1652,1654,1611,1603,7.423580786026202,11.852776044915784,0.0,1.1852776044915783,2.4953212726138494,3.056768558951965,72.23955084217093,1.7467248908296942
297. 만회집(晩悔集).xml,1570,1622,1712,1596,147,5.442176870748299,11.564625850340136,0.0,9.523809523809524,2.0408163265306123,12.925170068027212,44.21768707482993,14.285714285714285
296. 남파상국집(南坡相國集).xml,1569,1646,1660,1607,289,0.0,48.09688581314879,0.0,0.0,0.34602076124567477,0.0,51.21107266435986,0.34602076124567477
295. 동계집(桐溪集).xml,1569,1641,1852,1605,767,5.475880052151238,6.258148631029988,0.0,6.51890482398957,2.607561929595828,4.3024771838331155,72.09908735332465,2.737940026075619
294. 석주집(石洲集).xml,1569,1612,1632,1590,685,0.583941605839416,0.145985401459854,0.0,0.43795620437956206,1.0218978102189782,0.291970802919708,95.76642335766424,1.7518248175182483
293. 벽오유고(碧梧遺稿).xml,1569,1626,,1597,431,1.3921113689095126,12.993039443155451,0.0,5.800464037122969,0.6960556844547563,0.6960556844547563,76.10208816705337,2.320185614849188
292. 성소부부고(惺所覆瓿藁).xml,1569,1618,,1593,1018,1.9646365422396856,0.29469548133595286,0.0,1.2770137524557956,6.4833005893909625,19.155206286836936,37.622789783889985,33.20235756385069
291. 경암집(敬菴集).xml,1569,1620,,1594,261,2.2988505747126435,2.681992337164751,0.0,12.260536398467432,4.980842911877394,11.11111111111111,43.29501915708812,23.371647509578544
290. 제호집(霽湖集).xml,1568,1629,1647,1598,474,0.21097046413502107,0.42194092827004215,0.0,1.2658227848101267,0.6329113924050633,0.0,83.33333333333334,14.135021097046414
288. 현곡집(玄谷集).xml,1567,1649,1658,1608,613,0.1631321370309951,2.2838499184339316,0.0,1.631321370309951,1.3050570962479608,0.0,93.80097879282219,0.8156606851549755
286. 상촌고(象村稿).xml,1566,1628,1629,1597,1937,3.820340733092411,5.627258647392876,0.0,2.013422818791946,4.336602994321115,2.581311306143521,76.40681466184822,5.214248838409912
285. 금계집(錦溪集).xml,1566,1622,1823,1594,149,5.369127516778524,3.3557046979865772,0.0,1.342281879194631,7.38255033557047,0.6711409395973155,55.033557046979865,26.845637583892618
283. 취흘집(醉吃集).xml,1564,1636,1882,1600,369,0.27100271002710025,0.8130081300813009,0.0,0.27100271002710025,0.5420054200542005,0.0,98.1029810298103,0.0
289. 석루유고(石樓遺稿).xml,1567,1644,1659,1605,709,0.0,2.2566995768688294,0.0,1.4104372355430184,0.2820874471086037,0.0,95.06346967559944,0.9873060648801129
287. 수은집(睡隱集).xml,1567,1618,1658,1592,290,2.413793103448276,10.689655172413794,0.0,1.7241379310344827,2.0689655172413794,2.413793103448276,70.6896551724138,10.0
282. 월사집(月沙集).xml,1564,1635,1636,1599,2024,4.841897233201581,17.193675889328063,0.0,3.013833992094862,2.91501976284585,5.08893280632411,61.11660079051383,5.8300395256917
281.  경당집(敬堂集).xml,1564,1633,1818,1598,139,2.877697841726619,0.7194244604316548,0.0,10.071942446043165,6.474820143884892,4.316546762589928,47.482014388489205,28.05755395683453
280. 수색집(水色集).xml,1563,1640,1661,1601,773,0.0,1.423027166882277,0.0,0.646830530401035,0.258732212160414,0.0,97.54204398447607,0.129366106080207
284. 농포집(農圃集).xml,1565,1624,1708,1594,185,1.0810810810810811,13.513513513513514,0.0,2.1621621621621623,1.0810810810810811,3.2432432432432434,72.97297297297297,5.9459459459459465
279. 우복집(愚伏集).xml,1563,1633,1657,1598,886,5.07900677200903,20.20316027088036,0.0,8.126410835214447,3.3860045146726865,28.329571106094807,25.169300225733632,9.706546275395034
276. 난설헌시집(蘭雪軒詩集).xml,1563,1589,1606,1576,55,0.0,0.0,0.0,0.0,7.2727272727272725,0.0,90.9090909090909,1.8181818181818181
275. 수몽집(守夢集).xml,1563,1625,1661,1594,180,2.7777777777777777,23.88888888888889,0.0,13.333333333333334,0.5555555555555556,8.333333333333332,48.888888888888886,2.2222222222222223
278. 인재집(訒齋集).xml,1563,1640,1778,1601,328,6.097560975609756,15.853658536585366,0.0,11.28048780487805,3.9634146341463414,9.146341463414634,44.207317073170735,9.451219512195122
274. 체소집(體素集).xml,1563,1606,,1584,484,0.2066115702479339,0.2066115702479339,0.0,0.6198347107438017,2.6859504132231407,1.2396694214876034,92.35537190082644,2.6859504132231407
273. 지봉집(芝峯集).xml,1563,1628,1633,1595,1444,1.662049861495845,2.146814404432133,0.0,1.9390581717451523,3.32409972299169,0.554016620498615,87.46537396121884,2.9085872576177287
272. 추포집(秋浦集).xml,1562,1617,1684,1589,102,0.0,40.19607843137255,0.0,4.901960784313726,0.9803921568627451,12.745098039215685,25.49019607843137,15.686274509803921
270. 노계집(蘆溪集).xml,1561,1642,1831,1601,102,5.88235294117647,0.0,0.0,0.9803921568627451,3.9215686274509802,0.0,78.43137254901961,10.784313725490197
268. 창석집(蒼石集).xml,1560,1635,1631,1597,1409,3.1227821149751596,13.697657913413769,0.0,10.432931156848829,3.8325053229240598,18.381831085876506,41.589779985805535,8.942512420156138
267. 추탄집(秋灘集).xml,1559,1636,1692,1597,354,0.5649717514124294,38.983050847457626,0.0,2.824858757062147,0.5649717514124294,0.847457627118644,55.6497175141243,0.5649717514124294
266. 창랑집(滄浪集).xml,1559,1626,1682,1592,308,0.974025974025974,0.3246753246753247,0.0,1.6233766233766231,3.896103896103896,5.51948051948052,85.06493506493507,2.5974025974025974
265. 어우집(於于集).xml,1559,1623,1832,1591,845,3.195266272189349,3.5502958579881656,0.0,1.4201183431952662,6.035502958579881,2.485207100591716,77.75147928994083,5.562130177514793
264. 외재집(畏齋集).xml,1558,1630,1744,1594,56,19.642857142857142,0.0,0.0,32.142857142857146,5.357142857142857,7.142857142857142,32.142857142857146,3.571428571428571
263. 약봉유고(藥峯遺稿).xml,1558,1631,1927,1594,284,1.4084507042253522,0.0,0.0,4.577464788732395,1.4084507042253522,1.056338028169014,90.84507042253522,0.7042253521126761
261. 유천유고(柳川遺稿).xml,1557,1627,1639,1592,186,2.6881720430107525,0.0,0.0,1.6129032258064515,3.225806451612903,0.0,91.93548387096774,0.5376344086021506
260. 백사집(白沙集).xml,1556,1618,1629,1587,586,8.532423208191126,33.95904436860068,0.0,0.3412969283276451,3.9249146757679183,5.802047781569966,41.979522184300336,5.460750853242321
259. 금역당집(琴易堂集).xml,1556,1609,1855,1582,308,5.51948051948052,2.5974025974025974,0.0,3.2467532467532463,3.2467532467532463,6.1688311688311686,71.75324675324676,7.467532467532467
258. 오산집(五山集).xml,1556,1615,1909,1585,684,0.5847953216374269,3.3625730994152043,0.0,1.461988304093567,1.9005847953216373,0.5847953216374269,88.1578947368421,3.9473684210526314
271. 한음문고(漢陰文稿).xml,1561,1613,1634,1587,515,1.7475728155339807,24.466019417475728,0.0,2.7184466019417477,1.7475728155339807,21.553398058252426,45.24271844660194,2.524271844660194
269. 선원유고(仙源遺稿).xml,1561,1637,1640,1599,451,0.8869179600886918,2.6607538802660753,0.0,1.3303769401330376,0.8869179600886918,0.0,93.12638580931264,1.1086474501108647
257. 계은유고(溪隱遺稿).xml,1556,1595,1708,1575,138,1.4492753623188406,7.971014492753622,0.0,1.4492753623188406,2.898550724637681,0.0,84.78260869565217,1.4492753623188406
256. 검간집(黔澗集).xml,1555,1636,1740,1595,241,4.564315352697095,5.394190871369295,0.0,14.107883817427386,1.2448132780082988,5.394190871369295,64.73029045643153,4.564315352697095
255. 송정집(松亭集).xml,1553,1612,1939,1582,422,3.3175355450236967,0.47393364928909953,0.0,6.6350710900473935,7.5829383886255926,2.843601895734597,66.11374407582939,13.033175355450238
277. 사서집(沙西集).xml,1563,1642,1862,1602,354,1.977401129943503,7.344632768361582,0.0,12.429378531073446,2.2598870056497176,12.146892655367232,61.016949152542374,2.824858757062147
254. 손곡시집(蓀谷詩集).xml,1539,1610,1618,1574,308,0.0,0.0,0.0,0.0,0.3246753246753247,0.0,99.67532467532467,0.0
262. 운천집(雲川集).xml,1557,1620,1694,1588,296,2.364864864864865,1.6891891891891893,0.0,10.472972972972974,1.0135135135135136,1.3513513513513513,81.75675675675676,1.3513513513513513
253. 백졸재유고(百拙齋遺稿).xml,1554,1614,1702,1584,155,1.2903225806451613,11.612903225806452,0.0,0.0,1.2903225806451613,0.0,85.80645161290322,0.0
252. 여헌집(旅軒集).xml,1554,1637,,1595,553,5.605786618444846,7.414104882459313,0.0,14.285714285714285,3.79746835443038,16.2748643761302,25.49728752260398,27.124773960217
251. 오봉집(五峯集).xml,1553,1634,1636,1593,1115,1.0762331838565022,10.044843049327353,0.0,3.4080717488789234,2.690582959641256,0.7174887892376681,75.60538116591928,6.457399103139013
250. 태촌집(泰村集).xml,1553,1623,1898,1588,190,2.1052631578947367,1.5789473684210527,0.0,8.421052631578947,3.1578947368421053,7.894736842105263,66.3157894736842,10.526315789473683
249. 구암유고(久菴遺稿).xml,1552,1615,1640,1583,27,14.814814814814813,11.11111111111111,0.0,0.0,22.22222222222222,0.0,0.0,51.85185185185185
248. 만취집(晩翠集).xml,1552,1618,1662,1585,192,4.166666666666666,9.375,0.0,0.0,2.083333333333333,0.0,81.77083333333334,2.604166666666667
247. 태천집(苔泉集).xml,1552,1626,1874,1589,263,1.1406844106463878,1.1406844106463878,0.0,1.1406844106463878,1.1406844106463878,0.0,23.954372623574145,71.48288973384031
246. 망우집(忘憂集).xml,1552,1617,1629,1584,74,4.054054054054054,27.027027027027028,0.0,10.81081081081081,1.3513513513513513,4.054054054054054,37.83783783783784,14.864864864864865
244. 천곡집(泉谷集).xml,1551,1592,1835,1571,44,9.090909090909092,9.090909090909092,0.0,31.818181818181817,2.272727272727273,0.0,34.090909090909086,13.636363636363635
243. 임백호집(林白湖集).xml,1549,1587,1617,1568,588,0.0,0.3401360544217687,0.0,0.0,0.5102040816326531,0.0,95.23809523809523,3.9115646258503403
242. 지퇴당집(知退堂集).xml,1549,1607,,1578,403,1.7369727047146404,1.7369727047146404,0.0,4.218362282878412,0.9925558312655087,1.9851116625310175,47.39454094292804,41.935483870967744
241. 서경집(西坰集).xml,1549,1627,1665,1588,588,1.0204081632653061,6.802721088435375,0.0,0.0,1.530612244897959,1.1904761904761905,89.1156462585034,0.3401360544217687
245. 하곡집(荷谷集).xml,1551,1588,1707,1569,286,1.048951048951049,0.6993006993006993,0.0,1.7482517482517483,3.146853146853147,4.195804195804196,85.66433566433567,3.4965034965034967
240. 악록집(岳麓集).xml,1548,1612,,1580,142,4.929577464788732,1.4084507042253522,0.0,3.5211267605633805,2.112676056338028,0.7042253521126761,84.50704225352112,2.8169014084507045
239. 일송집(一松集).xml,1548,1622,1649,1585,686,0.5830903790087464,3.061224489795918,0.0,2.3323615160349855,0.2915451895043732,0.0,93.58600583090379,0.1457725947521866
238. 사계유고(沙溪遺稿).xml,1548,1631,1687,1589,130,11.538461538461538,26.153846153846157,0.0,7.6923076923076925,3.8461538461538463,36.92307692307693,2.307692307692308,11.538461538461538
237. 오리집(梧里集).xml,1547,1634,1705,1590,438,1.82648401826484,61.87214611872146,0.0,5.93607305936073,1.36986301369863,2.054794520547945,25.11415525114155,1.82648401826484
236. 용담집(龍潭集).xml,1547,1622,1911,1584,271,2.214022140221402,4.797047970479705,0.0,2.5830258302583027,2.952029520295203,4.797047970479705,80.44280442804428,2.214022140221402
235. 부사집(浮査集).xml,1546,1632,1775,1589,164,4.2682926829268295,0.6097560975609756,0.0,6.097560975609756,2.4390243902439024,3.6585365853658534,61.58536585365854,21.341463414634145
234. 지헌집(芝軒集).xml,1545,1607,1821,1576,92,3.260869565217391,1.0869565217391304,0.0,10.869565217391305,2.1739130434782608,32.608695652173914,42.391304347826086,7.608695652173914
233. 지산집(芝山集).xml,1545,1609,1883,1577,372,2.6881720430107525,3.494623655913978,0.0,9.408602150537634,2.1505376344086025,19.892473118279568,59.13978494623656,3.225806451612903
232. 이충무공전서(李忠武公全書).xml,1545,1598,1795,1571,338,4.142011834319527,27.810650887573964,0.0,5.325443786982249,1.4792899408284024,2.0710059171597637,9.467455621301776,49.70414201183432
231. 촌은집(村隱集).xml,1545,1636,1707,1590,261,1.9157088122605364,0.0,0.0,0.0,4.980842911877394,0.0,91.57088122605363,1.532567049808429
230. 중봉집(重峰集).xml,1544,1592,1748,1568,406,2.70935960591133,6.896551724137931,0.0,5.665024630541872,2.70935960591133,8.374384236453201,62.06896551724138,11.576354679802956
229. 송암집(松巖集).xml,1544,1598,1852,1571,128,18.75,3.90625,0.0,8.59375,3.125,7.03125,55.46875,3.125
227. 한강집(寒岡集).xml,1543,1620,1841,1581,599,3.1719532554257093,5.008347245409015,0.0,19.031719532554256,6.010016694490818,43.906510851419036,13.18864774624374,9.68280467445743
228. 청계집(靑溪集).xml,1543,1592,,1567,296,0.33783783783783783,0.33783783783783783,0.0,1.6891891891891893,1.6891891891891893,0.6756756756756757,92.9054054054054,2.364864864864865
226. 고담일고(孤潭逸稿).xml,1533,1592,1891,1562,292,2.054794520547945,3.767123287671233,0.0,0.684931506849315,2.054794520547945,1.0273972602739725,88.01369863013699,2.3972602739726026
225. 옥산시고(玉山詩稿).xml,1542,1609,1680,1575,148,1.3513513513513513,0.0,0.0,0.6756756756756757,2.027027027027027,0.0,94.5945945945946,1.3513513513513513
224. 서애집(西厓集).xml,1542,1607,1894,1574,1009,2.4777006937561943,11.10009910802775,0.0,5.847373637264618,4.955401387512389,21.902874132804754,36.967294350842415,16.74925668979187
223. 풍애집(楓崖集).xml,1542,1601,1802,1571,110,2.727272727272727,0.0,0.0,4.545454545454546,1.8181818181818181,1.8181818181818181,83.63636363636363,5.454545454545454
222. 만전집(晩全集).xml,1541,1615,,1578,233,2.1459227467811157,9.44206008583691,0.0,3.004291845493562,1.7167381974248928,5.579399141630901,66.09442060085837,12.017167381974248
221. 사류재집(四留齋集).xml,1541,1600,1736,1570,389,2.313624678663239,4.884318766066838,0.0,2.313624678663239,0.7712082262210797,3.0848329048843186,83.80462724935732,2.827763496143959
220. 간재집(艮齋集).xml,1541,1596,1752,1568,199,1.507537688442211,1.0050251256281406,0.0,2.512562814070352,2.512562814070352,14.572864321608039,52.26130653266332,25.628140703517587
219. 송애집(松崖集).xml,1541,1611,1776,1576,30,56.666666666666664,23.333333333333332,0.0,0.0,13.333333333333334,0.0,0.0,6.666666666666667
218. 동강집(東岡集).xml,1540,1603,1723,1571,249,4.819277108433735,41.76706827309237,0.0,18.072289156626507,0.8032128514056224,6.425702811244979,22.48995983935743,5.622489959839357
217. 백암집(柏巖集).xml,1540,1616,1772,1578,323,0.30959752321981426,11.76470588235294,0.0,5.572755417956656,0.9287925696594427,3.4055727554179565,74.61300309597523,3.4055727554179565
216. 고죽유고(孤竹遺稿).xml,1539,1583,1683,1561,204,0.0,0.0,0.0,0.49019607843137253,1.9607843137254901,0.0,96.56862745098039,0.9803921568627451
215. 간이집(簡易集).xml,1539,1612,1631,1575,964,3.112033195020747,5.9128630705394185,0.0,1.2448132780082988,7.157676348547717,0.0,73.96265560165975,8.609958506224066
214. 파곡유고(坡谷遺稿).xml,1539,1593,1640,1566,239,0.41841004184100417,0.8368200836820083,0.0,0.0,1.6736401673640167,3.765690376569038,93.30543933054393,0.0
213. 겸암집(謙菴集).xml,1539,1601,1742,1570,184,1.6304347826086956,0.5434782608695652,0.0,1.6304347826086956,3.804347826086957,54.347826086956516,20.108695652173914,17.934782608695652
211. 백곡집(栢谷集).xml,1538,1602,1710,1570,130,10.0,29.230769230769234,0.0,23.076923076923077,5.384615384615385,2.307692307692308,21.53846153846154,8.461538461538462
212. 각재집(覺齋集).xml,1538,1590,1813,1564,170,0.5882352941176471,0.0,0.0,1.1764705882352942,1.7647058823529411,1.7647058823529411,75.29411764705883,19.411764705882355
209. 아계유고(鵝溪遺稿).xml,1539,1609,1595,1574,580,0.3448275862068966,2.9310344827586206,0.0,0.1724137931034483,1.206896551724138,0.0,0.3448275862068966,95.0
208. 대소헌일고(大笑軒逸稿).xml,1537,1597,1769,1567,53,5.660377358490567,1.8867924528301887,0.0,35.84905660377358,7.547169811320755,5.660377358490567,22.641509433962266,20.754716981132077
210. 학봉집(鶴峯集).xml,1538,1593,1649,1565,652,1.9938650306748467,5.368098159509203,0.0,5.061349693251533,0.6134969325153374,14.723926380368098,69.32515337423312,2.9141104294478524
207. 월정집(月汀集).xml,1537,1616,1647,1576,631,2.0602218700475436,2.3771790808240887,0.0,3.328050713153724,4.27892234548336,3.8034865293185423,61.96513470681458,22.18700475435816
206. 옥봉집(玉峯集).xml,1537,1582,1608,1559,498,0.0,0.0,0.0,0.0,1.0040160642570282,5.622489959839357,88.35341365461848,5.020080321285141
205. 건재집(健齋集).xml,1537,1593,1893,1565,74,8.108108108108109,9.45945945945946,0.0,27.027027027027028,6.756756756756757,18.91891891891892,5.405405405405405,24.324324324324326
204. 졸옹집(拙翁集).xml,1536,1594,1631,1565,726,2.6170798898071626,2.066115702479339,0.0,0.0,2.3415977961432506,0.4132231404958678,89.53168044077135,3.0303030303030303
203. 송강집(松江集).xml,1536,1593,1674,1564,555,0.5405405405405406,3.423423423423423,0.0,1.8018018018018018,1.2612612612612613,6.846846846846846,77.65765765765765,8.468468468468467
202. 약포유고(藥圃遺稿).xml,1536,1599,1727,1567,384,0.78125,0.78125,0.0,2.864583333333333,0.78125,1.5625,26.041666666666668,67.1875
201. 율곡전서(栗谷全書).xml,1536,1584,1814,1560,1034,4.25531914893617,12.572533849129593,0.0,2.7079303675048356,2.0309477756286265,13.346228239845262,41.48936170212766,23.597678916827853
199. 내암집(來庵集).xml,1536,1623,1911,1579,187,11.229946524064172,52.94117647058824,0.0,9.090909090909092,1.06951871657754,4.27807486631016,16.0427807486631,5.347593582887701
198. 우계집(牛溪集).xml,1535,1598,1682,1566,361,0.554016620498615,20.77562326869806,0.0,2.21606648199446,0.0,40.7202216066482,20.77562326869806,14.958448753462603
197. 구봉집(龜峯集).xml,1534,1599,1762,1566,498,0.6024096385542169,0.8032128514056224,0.0,0.4016064257028112,0.4016064257028112,0.2008032128514056,79.11646586345381,18.473895582329316
196. 초간집(草澗集).xml,1534,1591,1812,1562,265,0.7547169811320755,9.433962264150944,0.0,0.7547169811320755,1.8867924528301887,0.0,84.52830188679246,2.6415094339622645
195. 문봉집(文峯集).xml,1533,1576,1799,1554,251,1.593625498007968,0.0,0.0,1.1952191235059761,0.398406374501992,0.796812749003984,92.03187250996015,3.9840637450199203
194. 제봉집(霽峯集).xml,1533,1592,1617,1562,816,0.0,0.0,0.0,0.0,0.12254901960784313,0.0,5.147058823529411,94.73039215686273
200. 청강집(淸江集).xml,1536,1583,1610,1559,122,30.327868852459016,4.098360655737705,0.0,6.557377049180328,6.557377049180328,3.278688524590164,35.24590163934426,13.934426229508196
193. 오음유고(梧陰遺稿).xml,1533,1601,1635,1567,233,1.7167381974248928,3.862660944206009,0.0,0.8583690987124464,3.004291845493562,0.8583690987124464,86.69527896995707,3.004291845493562
192. 지천집(芝川集).xml,1532,1607,1632,1569,229,3.056768558951965,4.8034934497816595,0.0,5.676855895196507,2.1834061135371177,1.3100436681222707,78.60262008733623,4.366812227074235
191. 백록유고(白麓遺稿).xml,1532,1585,1660,1558,235,0.0,0.425531914893617,0.0,0.0,1.276595744680851,0.0,93.19148936170212,5.106382978723404
190. 성암유고(省菴遺稿).xml,1542,1590,,1566,224,1.7857142857142856,3.125,0.0,2.6785714285714284,1.3392857142857142,0.4464285714285714,87.5,3.125
189. 송암집(松巖集).xml,1532,1587,1680,1559,1449,0.8971704623878536,0.27605244996549344,0.0,2.139406487232574,0.759144237405107,0.8281573498964804,92.96066252587993,2.139406487232574
188. 설월당집(雪月堂集).xml,1531,1598,1939,1564,366,0.0,0.0,0.0,3.0054644808743167,0.273224043715847,9.562841530054644,81.9672131147541,5.191256830601093
187. 팔곡집(八谷集).xml,1531,1604,1648,1567,436,0.22935779816513763,1.834862385321101,0.0,0.0,1.146788990825688,0.0,79.35779816513761,17.431192660550458
185. 고봉집(高峯集).xml,1527,1572,1629,1549,651,3.0721966205837172,4.761904761904762,0.0,1.5360983102918586,1.6897081413210446,2.457757296466974,75.42242703533026,11.059907834101383
184. 약포집(藥圃集).xml,1526,1605,1818,1565,370,3.783783783783784,14.324324324324325,0.0,4.594594594594595,2.7027027027027026,25.945945945945947,45.40540540540541,3.2432432432432434
183. 죽천집(竹川集).xml,1526,1597,1929,1561,85,1.1764705882352942,2.3529411764705883,0.0,2.3529411764705883,9.411764705882353,7.0588235294117645,34.11764705882353,43.529411764705884
182. 옥동집(玉洞集).xml,1526,1584,1873,1555,77,7.792207792207792,1.2987012987012987,0.0,0.0,2.5974025974025974,0.0,58.44155844155844,29.87012987012987
186. 우득록(愚得錄).xml,1529,1590,1692,1559,270,0.7407407407407408,34.44444444444444,0.0,0.0,1.1111111111111112,0.0,4.074074074074074,59.62962962962963
181. 백담집(栢潭集).xml,1526,1586,1670,1556,1276,0.7836990595611284,1.4106583072100314,0.0,4.467084639498433,0.1567398119122257,10.579937304075235,81.89655172413794,0.7053291536050157
180. 물암집(勿巖集).xml,1549,1594,1774,1571,158,0.6329113924050633,0.0,0.0,2.5316455696202533,3.1645569620253164,3.1645569620253164,68.35443037974683,22.151898734177212
179. 월천집(月川集).xml,1524,1606,1666,1565,199,3.015075376884422,3.015075376884422,0.0,11.557788944723619,2.512562814070352,10.552763819095476,64.82412060301507,4.522613065326634
178. 사암집(思菴集).xml,1523,1589,1857,1556,540,0.9259259259259258,0.7407407407407408,0.0,0.1851851851851852,1.8518518518518516,1.1111111111111112,83.7037037037037,11.481481481481481
177. 고청유고(孤靑遺稿).xml,1523,1591,1750,1557,22,0.0,0.0,0.0,0.0,4.545454545454546,0.0,45.45454545454545,50.0
176. 개암집(介庵集).xml,1523,1567,1846,1545,61,24.59016393442623,1.639344262295082,0.0,3.278688524590164,3.278688524590164,9.836065573770492,36.0655737704918,21.311475409836063
175. 덕계집(德溪集).xml,1521,1574,1829,1547,280,1.7857142857142856,26.42857142857143,0.0,19.642857142857142,1.4285714285714286,3.9285714285714284,45.0,1.7857142857142856
174. 습재집(習齋集).xml,1520,1593,1653,1556,320,0.0,0.0,0.0,0.0,0.9375,0.0,99.0625,0.0
169. 금계집(錦溪集).xml,1517,1563,1755,1540,861,0.11614401858304298,0.8130081300813009,0.0,1.0452961672473868,0.9291521486643438,3.2520325203252036,90.94076655052264,2.9036004645760745
168. 초당집(草堂集).xml,1517,1580,,1548,44,6.8181818181818175,0.0,0.0,11.363636363636363,11.363636363636363,0.0,27.27272727272727,43.18181818181818
167. 첨모당집(瞻慕堂集).xml,1517,1572,1669,1544,125,0.0,2.4,0.0,0.0,0.0,0.0,90.4,7.199999999999999
171. 동원집(東園集).xml,1520,1594,1935,1557,124,9.67741935483871,20.967741935483872,0.0,4.032258064516129,1.6129032258064515,2.4193548387096775,56.451612903225815,4.838709677419355
166. 토정유고(土亭遺稿).xml,1517,1578,1720,1547,25,4.0,8.0,0.0,0.0,16.0,0.0,8.0,64.0
172. 송천유집(松川遺集).xml,1519,1581,1842,1550,230,0.0,0.8695652173913043,0.0,0.0,2.1739130434782608,1.7391304347826086,84.78260869565217,10.434782608695652
165. 봉래시집(蓬萊詩集).xml,1517,1584,1626,1550,279,0.0,0.0,0.0,0.0,0.0,0.0,91.75627240143369,8.24372759856631
164. 소고집(嘯皐集).xml,1517,1586,1600,1551,464,3.0172413793103448,4.094827586206897,0.0,3.4482758620689653,1.5086206896551724,4.094827586206897,47.62931034482759,36.206896551724135
163. 청천당시집(聽天堂詩集).xml,1516,1599,,1557,189,0.0,0.0,0.0,0.0,0.0,0.0,100.0,0.0
162. 이암유고(頤庵遺稿).xml,1517,1584,1634,1550,353,13.59773371104816,0.0,0.0,0.56657223796034,1.41643059490085,0.0,71.95467422096317,12.464589235127479
161. 치재유고(耻齋遺稿).xml,1515,1554,1639,1534,65,3.076923076923077,3.076923076923077,0.0,0.0,1.5384615384615385,30.76923076923077,16.923076923076923,44.61538461538462
160. 임당유고(林塘遺稿).xml,1515,1588,1638,1551,432,0.4629629629629629,0.9259259259259258,0.0,0.0,0.6944444444444444,0.0,0.0,97.91666666666666
159. 소재집(穌齋集).xml,1515,1590,1665,1552,1417,1.9054340155257588,4.093154551870148,0.0,0.4940014114326041,0.776287932251235,0.0,85.3211009174312,7.410021171489062
158. 국간집(菊磵集).xml,1514,1578,1591,1546,275,0.0,0.0,0.0,0.0,0.36363636363636365,0.0,94.9090909090909,4.7272727272727275
157. 미암집(眉巖集).xml,1513,1577,1897,1545,412,0.9708737864077669,4.12621359223301,0.0,18.932038834951456,2.1844660194174756,4.12621359223301,58.009708737864074,11.650485436893204
173. 주천유고(舟川遺稿).xml,1520,1549,1607,1534,34,5.88235294117647,11.76470588235294,0.0,8.823529411764707,5.88235294117647,2.941176470588235,52.94117647058824,11.76470588235294
170. 옥계집(玉溪集).xml,1518,1578,1632,1548,460,3.6956521739130435,6.521739130434782,0.0,22.82608695652174,0.6521739130434783,1.956521739130435,54.78260869565217,9.565217391304348
156. 수암유고(守庵遺稿).xml,1513,1592,1684,1552,105,0.9523809523809524,0.0,0.0,0.0,0.9523809523809524,4.761904761904762,85.71428571428571,7.6190476190476195
155. 유헌집(游軒集).xml,1512,1560,1801,1536,252,7.936507936507936,2.380952380952381,0.0,1.5873015873015872,2.380952380952381,0.0,79.76190476190477,5.952380952380952
154. 구암집(龜巖集).xml,1512,1571,1902,1541,368,2.1739130434782608,2.4456521739130435,0.0,2.989130434782609,3.260869565217391,1.6304347826086956,75.81521739130434,11.684782608695652
153. 부훤당유고(負暄堂遺稿).xml,1512,1573,1883,1542,70,4.285714285714286,0.0,0.0,1.4285714285714286,5.714285714285714,0.0,78.57142857142857,10.0
152. 우암유집(寓庵遺集).xml,1512,1563,1789,1537,67,4.477611940298507,7.462686567164178,0.0,0.0,4.477611940298507,0.0,74.6268656716418,8.955223880597014
151. 하서전집(河西全集).xml,1510,1560,1802,1535,1236,1.132686084142395,0.5663430420711975,0.0,1.132686084142395,0.7281553398058253,0.48543689320388345,92.47572815533981,3.4789644012944985
150. 십성당집(十省堂集).xml,1508,1543,1585,1525,329,0.60790273556231,0.60790273556231,0.0,0.0,0.0,0.0,96.96048632218846,1.82370820668693
149. 추파집(秋坡集).xml,1507,1581,1753,1544,60,21.666666666666668,11.666666666666666,0.0,0.0,0.0,1.6666666666666667,58.333333333333336,6.666666666666667
148. 인재집(忍齋集).xml,1504,1585,1712,1544,450,9.333333333333334,5.111111111111112,0.0,0.6666666666666667,2.4444444444444446,0.0,80.66666666666666,1.7777777777777777
146. 간재집(艮齋集).xml,1503,1549,1928,1526,713,0.9817671809256662,0.7012622720897616,0.0,1.6830294530154277,0.1402524544179523,0.0,95.09116409537167,1.402524544179523
145. 남명집(南冥集).xml,1501,1572,1604,1536,329,6.68693009118541,3.343465045592705,0.0,13.069908814589665,1.21580547112462,12.76595744680851,58.662613981762924,4.25531914893617
144. 퇴계집(退溪集).xml,1501,1570,1843,1535,4346,2.991256327657616,2.0708697653014267,0.0,1.2655315232397606,0.897376898297285,24.091118269673263,24.36723423838012,44.31661297745053
143. 갈천집(葛川集).xml,1500,1584,1665,1542,81,11.11111111111111,9.876543209876543,0.0,3.7037037037037033,6.172839506172839,1.2345679012345678,55.55555555555556,12.345679012345679
142. 일재집(一齋集).xml,1499,1576,1673,1537,92,4.3478260869565215,0.0,0.0,16.304347826086957,3.260869565217391,18.478260869565215,50.0,7.608695652173914
141. 동고유고(東皐遺稿).xml,1499,1572,1586,1535,208,5.769230769230769,46.63461538461539,0.0,2.8846153846153846,1.4423076923076923,14.423076923076922,23.076923076923077,5.769230769230769
147. 금호유고(錦湖遺稿).xml,1514,1547,1677,1530,152,0.6578947368421052,0.6578947368421052,0.0,0.0,2.631578947368421,0.0,93.42105263157895,2.631578947368421
139. 장음정유고(長吟亭遺稿).xml,1498,1546,1528,1522,81,1.2345679012345678,0.0,0.0,0.0,2.4691358024691357,0.0,96.29629629629629,0.0
136. 석천시집(石川詩集).xml,1496,1568,1572,1532,661,0.0,0.0,0.0,0.0,0.0,0.0,99.84871406959152,0.15128593040847202
140. 용문집(龍門集).xml,1498,1557,1779,1527,484,1.2396694214876034,0.8264462809917356,0.0,0.6198347107438017,0.4132231404958678,0.6198347107438017,95.45454545454545,0.8264462809917356
135. 온계일고(溫溪逸稿).xml,1496,1550,1772,1523,124,6.451612903225806,0.0,0.0,3.225806451612903,2.4193548387096775,0.0,70.16129032258065,17.741935483870968
134. 무릉잡고(武陵雜稿).xml,1495,1554,1564,1524,1242,1.7713365539452495,0.7246376811594203,0.0,2.49597423510467,1.932367149758454,2.657004830917874,88.16425120772948,2.254428341384863
138. 송재유고(松齋遺稿).xml,1498,1551,1777,1524,91,6.593406593406594,10.989010989010989,0.0,10.989010989010989,6.593406593406594,4.395604395604396,49.45054945054945,10.989010989010989
132. 면앙집(俛仰集).xml,1493,1582,1829,1537,535,2.6168224299065423,1.1214953271028036,0.0,1.3084112149532712,1.3084112149532712,3.925233644859813,78.13084112149534,11.588785046728972
137. 대곡집(大谷集).xml,1497,1579,1603,1538,216,2.314814814814815,1.8518518518518516,0.0,1.8518518518518516,0.4629629629629629,0.0,91.66666666666666,1.8518518518518516
131. 청송집(聽松集).xml,1493,1564,1806,1528,43,11.627906976744185,0.0,0.0,16.27906976744186,4.651162790697675,0.0,62.7906976744186,4.651162790697675
130. 범허정집(泛虛亭集).xml,1493,1564,1942,1528,258,1.550387596899225,78.68217054263566,0.0,0.7751937984496124,3.488372093023256,5.426356589147287,6.5891472868217065,3.488372093023256
129. 입암집(立巖集).xml,1493,1549,1610,1521,496,0.4032258064516129,5.64516129032258,0.0,0.20161290322580644,1.411290322580645,0.0,90.32258064516128,2.0161290322580645
128. 양심당집(養心堂集).xml,1492,1555,1568,1523,86,0.0,0.0,0.0,0.0,3.488372093023256,3.488372093023256,89.53488372093024,3.488372093023256
127. 덕양유고(德陽遺稿).xml,1492,1521,1606,1506,352,1.1363636363636365,1.4204545454545454,0.0,0.2840909090909091,1.4204545454545454,1.1363636363636365,92.61363636363636,1.9886363636363635
126. 호음잡고(湖陰雜稿).xml,1491,1570,1577,1530,1522,2.3653088042049935,20.43363994743758,0.0,0.19710906701708278,0.5256241787122208,0.0657030223390276,76.21550591327201,0.19710906701708278
125. 회재집(晦齋集).xml,1491,1553,1565,1522,333,4.2042042042042045,9.90990990990991,0.0,2.7027027027027026,2.7027027027027026,1.5015015015015014,75.37537537537537,3.6036036036036037
124. 화담집(花潭集).xml,1489,1546,1605,1517,157,1.910828025477707,1.910828025477707,0.0,3.1847133757961785,5.095541401273886,2.547770700636943,72.61146496815286,12.738853503184714
123. 자암집(自菴集).xml,1488,1534,1659,1511,89,3.3707865168539324,4.49438202247191,0.0,1.1235955056179776,3.3707865168539324,5.617977528089887,76.40449438202246,5.617977528089887
122. 어촌집(漁村集).xml,1487,1540,1572,1513,608,1.3157894736842104,2.631578947368421,0.0,1.644736842105263,1.8092105263157896,0.0,90.625,1.9736842105263157
121. 규암집(圭菴集).xml,1499,1547,1907,1523,130,6.923076923076923,14.615384615384617,0.0,6.153846153846154,4.615384615384616,2.307692307692308,55.38461538461539,10.0
120. 송재집(松齋集).xml,1486,1521,1889,1503,73,6.8493150684931505,30.136986301369863,0.0,6.8493150684931505,5.47945205479452,5.47945205479452,24.65753424657534,20.54794520547945
118. 충암집(冲庵集).xml,1486,1521,1549,1503,477,1.8867924528301887,1.6771488469601679,0.0,5.660377358490567,2.0964360587002098,1.6771488469601679,84.48637316561845,2.515723270440252
115. 월연집(月淵集).xml,1483,1536,1873,1509,41,14.634146341463413,0.0,0.0,4.878048780487805,17.073170731707318,0.0,41.46341463414634,21.951219512195124
91. 목계일고(木溪逸稿).xml,1464,1519,1910,1491,48,25.0,0.0,0.0,0.0,18.75,2.083333333333333,43.75,10.416666666666668
90. 이요정집(二樂亭集).xml,1463,1519,1543,1491,261,17.24137931034483,3.065134099616858,0.0,1.1494252873563218,7.662835249042145,0.0,67.81609195402298,3.065134099616858
89. 정문익공유고(鄭文翼公遺稿).xml,1462,1538,1702,1500,18,22.22222222222222,0.0,0.0,0.0,5.555555555555555,0.0,66.66666666666666,5.555555555555555
86. 산당집(山堂集).xml,1458,1491,1685,1474,65,10.76923076923077,7.6923076923076925,0.0,16.923076923076923,7.6923076923076925,4.615384615384616,12.307692307692308,40.0
85. 사우정집(四雨亭集).xml,1458,1488,1500,1473,425,0.0,0.0,0.0,0.0,0.9411764705882352,0.0,99.05882352941177,0.0
84. 금남집(錦南集).xml,1454,1504,1571,1479,132,0.7575757575757576,1.5151515151515151,0.0,0.0,2.272727272727273,0.0,0.0,95.45454545454545
83. 매계집(梅溪集).xml,1454,1503,1883,1478,320,2.8125,0.0,0.0,0.9375,4.6875,0.3125,87.5,3.75
81. 추강집(秋江集).xml,1454,1492,1577,1473,346,1.1560693641618496,0.2890173410404624,0.0,3.4682080924855487,1.4450867052023122,0.8670520231213872,87.86127167630057,4.913294797687861
71. 허백정집(虛白亭集).xml,1438,1504,1843,1471,983,3.967446592065107,0.9155645981688708,0.0,2.3397761953204474,4.781281790437437,0.508646998982706,81.28179043743641,6.205493387589013
82. 월헌집(月軒集).xml,1454,1527,1702,1490,539,0.1855287569573284,1.2987012987012987,0.0,1.6697588126159555,0.927643784786642,0.1855287569573284,94.24860853432281,1.4842300556586272
79. 남계집(藍溪集).xml,1449,1498,1914,1473,46,4.3478260869565215,4.3478260869565215,0.0,17.391304347826086,13.043478260869565,2.1739130434782608,21.73913043478261,36.95652173913043
77. 연헌잡고(蓮軒雜稿).xml,1449,1507,1696,1478,367,0.2724795640326975,0.0,0.0,0.0,1.08991825613079,0.0,97.27520435967303,1.3623978201634876
76. 안락당집(顔樂堂集).xml,1448,1492,1516,1470,172,3.488372093023256,9.30232558139535,0.0,0.5813953488372093,5.813953488372093,0.0,76.74418604651163,4.069767441860465
75. 뇌계집(㵢谿集).xml,1445,1494,1530,1469,415,0.0,0.0,0.0,0.0,0.0,0.0,91.56626506024097,8.433734939759036
80. 일두집(一蠹集).xml,1450,1504,1635,1477,85,8.235294117647058,12.941176470588237,0.0,25.882352941176475,7.0588235294117645,8.235294117647058,10.588235294117647,27.058823529411764
73. 대봉집(大峯集).xml,1439,1504,1787,1471,94,5.319148936170213,7.446808510638298,0.0,5.319148936170213,5.319148936170213,5.319148936170213,68.08510638297872,3.1914893617021276
72. 허백당집(虛白堂集).xml,1439,1504,1841,1471,1147,0.34873583260680036,0.6974716652136007,0.0,1.4821272885789014,3.661726242371403,0.34873583260680036,87.8814298169137,5.579773321708806
78. 나재집(懶齋集).xml,1449,1515,1568,1482,130,3.8461538461538463,3.8461538461538463,0.0,1.5384615384615385,1.5384615384615385,0.0,81.53846153846153,7.6923076923076925
69. 매월당집(梅月堂集).xml,1435,1493,1583,1464,1550,0.7741935483870968,0.0,0.0,0.0,0.1935483870967742,0.1935483870967742,92.7741935483871,6.064516129032258
68. 소요재집(逍遙齋集).xml,1432,1480,1813,1456,234,0.4273504273504274,0.0,0.0,0.0,2.1367521367521367,0.0,96.58119658119658,0.8547008547008548
66. 점필재집(佔畢齋集).xml,1431,1492,1789,1461,1164,1.2886597938144329,0.5154639175257731,0.0,0.1718213058419244,1.9759450171821304,0.429553264604811,93.81443298969072,1.804123711340206
65. 진일유고(眞逸遺稿).xml,1427,1456,1467,1441,131,0.7633587786259541,0.7633587786259541,0.0,0.0,6.106870229007633,0.0,89.31297709923665,3.0534351145038165
64. 사숙재집(私淑齋集).xml,1424,1483,1805,1453,300,3.6666666666666665,2.0,0.0,1.6666666666666667,9.0,1.3333333333333335,71.33333333333334,11.0
70. 청파집(靑坡集).xml,1438,1498,,1468,124,1.6129032258064515,0.8064516129032258,0.0,0.0,10.483870967741936,0.0,81.45161290322581,5.64516129032258
67. 소총유고(篠䕺遺稿).xml,1452,1529,1810,1490,70,7.142857142857142,0.0,0.0,17.142857142857142,5.714285714285714,1.4285714285714286,64.28571428571429,4.285714285714286
63. 삼탄집(三灘集).xml,1422,1484,1514,1453,627,3.0303030303030303,0.1594896331738437,0.0,0.6379585326953748,4.30622009569378,0.1594896331738437,90.43062200956938,1.2759170653907497
62. 어계집(漁溪集).xml,1420,1489,1901,1454,103,7.766990291262135,14.563106796116504,0.0,9.70873786407767,7.766990291262135,1.9417475728155338,49.51456310679612,8.737864077669903
61. 사가집(四佳集).xml,1420,1488,1705,1454,3604,0.24972253052164264,0.0832408435072142,0.0,0.02774694783573807,2.108768035516093,0.0,95.89345172031076,1.6370699223085463
60. 성근보집(成謹甫集).xml,1418,1456,,1437,64,9.375,3.125,0.0,0.0,17.1875,0.0,60.9375,9.375
59. 보한재집(保閑齋集).xml,1417,1475,1645,1446,705,1.276595744680851,1.4184397163120568,0.0,1.702127659574468,5.106382978723404,0.28368794326241137,86.52482269503547,3.6879432624113475
57. 저헌집(樗軒集).xml,1415,1477,1587,1446,310,0.967741935483871,1.2903225806451613,0.0,0.3225806451612903,0.967741935483871,0.0,94.19354838709677,2.258064516129032
56. 눌재집(訥齋集).xml,1415,1482,1791,1448,85,3.5294117647058822,47.05882352941176,0.0,0.0,8.235294117647058,3.5294117647058822,22.35294117647059,15.294117647058824
58. 박선생유고(朴先生遺稿).xml,1417,1456,1658,1436,67,0.0,5.970149253731343,0.0,0.0,44.776119402985074,1.4925373134328357,31.343283582089555,16.417910447761194
54. 태허정집(太虛亭集).xml,1409,1474,1707,1441,147,2.7210884353741496,19.047619047619047,0.0,2.0408163265306123,13.60544217687075,0.0,57.82312925170068,4.761904761904762
53. 식우집(拭疣集).xml,1409,1481,,1445,265,1.509433962264151,0.37735849056603776,0.0,0.37735849056603776,2.6415094339622645,0.0,80.75471698113208,14.339622641509434
52. 경재유고(敬齋遺稿).xml,1408,1442,1804,1425,65,7.6923076923076925,9.230769230769232,0.0,43.07692307692308,7.6923076923076925,0.0,21.53846153846154,10.76923076923077
51. 불우헌집(不憂軒集).xml,1401,1481,1786,1441,52,7.6923076923076925,7.6923076923076925,0.0,0.0,5.769230769230769,0.0,73.07692307692307,5.769230769230769
50. 태재집(泰齋集).xml,1388,1443,1815,1415,549,0.7285974499089253,0.0,0.0,0.7285974499089253,1.4571948998178506,0.0,96.17486338797814,0.9107468123861567
49. 단계유고(丹溪遺稿).xml,1412,1456,1768,1434,34,8.823529411764707,11.76470588235294,0.0,8.823529411764707,14.705882352941178,2.941176470588235,38.23529411764706,14.705882352941178
47. 경재집(敬齋集).xml,1376,1453,1919,1414,230,2.1739130434782608,2.608695652173913,0.0,5.217391304347826,4.782608695652174,0.0,78.26086956521739,6.956521739130435
46. 인재집(寅齋集).xml,1374,1446,1929,1410,51,7.8431372549019605,62.745098039215684,0.0,1.9607843137254901,3.9215686274509802,0.0,15.686274509803921,7.8431372549019605
45. 국당유고(菊堂遺稿).xml,1374,1446,1895,1410,124,1.6129032258064515,3.225806451612903,0.0,4.032258064516129,8.870967741935484,1.6129032258064515,74.19354838709677,6.451612903225806
44. 별동집(別洞集).xml,1373,1455,1749,1414,153,3.9215686274509802,19.607843137254903,0.0,5.88235294117647,4.57516339869281,0.6535947712418301,62.091503267973856,3.2679738562091507
790. 추담집(秋潭集).xml,1574,1643,1929,1608,1470,0.20408163265306123,0.06802721088435373,0.0,0.20408163265306123,0.3401360544217687,0.06802721088435373,98.57142857142858,0.5442176870748299
785. 송죽당집(松竹堂集).xml,1571,1639,1898,1605,185,2.1621621621621623,2.7027027027027026,0.0,2.7027027027027026,1.6216216216216217,0.0,90.27027027027027,0.5405405405405406
782. 모하당집(慕夏堂集).xml,1571,1642,1798,1606,61,8.19672131147541,13.114754098360656,0.0,4.918032786885246,3.278688524590164,57.377049180327866,3.278688524590164,9.836065573770492
781. 운학집(雲壑集).xml,1569,1647,1898,1608,194,4.123711340206185,0.5154639175257731,0.0,4.639175257731959,6.185567010309279,1.5463917525773196,76.80412371134021,6.185567010309279
780. 송오집(松塢集).xml,1569,1639,1860,1604,104,3.8461538461538463,7.6923076923076925,0.0,7.6923076923076925,1.9230769230769231,16.346153846153847,59.61538461538461,2.8846153846153846
783. 양직집(養直集).xml,1571,1649,1851,1610,127,3.937007874015748,0.0,0.0,7.874015748031496,1.574803149606299,23.62204724409449,57.48031496062992,5.511811023622047
779. 석담집(石潭集).xml,1569,1634,,1601,353,3.39943342776204,1.9830028328611897,0.0,11.614730878186968,2.5495750708215295,11.048158640226628,66.28895184135978,3.1161473087818696
778. 장곡집(藏谷集).xml,1569,1631,1860,1600,82,2.4390243902439024,9.75609756097561,0.0,13.414634146341465,4.878048780487805,18.29268292682927,39.02439024390244,12.195121951219512
776. 양포유고(楊浦遺藁).xml,1568,1589,1636,1578,121,1.6528925619834711,0.0,0.0,0.8264462809917356,3.3057851239669422,0.8264462809917356,92.56198347107438,0.8264462809917356
775. 완정집(浣亭集).xml,1568,1639,,1603,206,6.796116504854369,8.737864077669903,0.0,12.62135922330097,0.0,13.106796116504855,52.9126213592233,5.825242718446602
773. 설정집(雪汀集).xml,1568,1630,1820,1599,417,0.9592326139088728,5.995203836930456,0.0,8.633093525179856,1.4388489208633095,0.4796163069544364,81.05515587529976,1.4388489208633095
777. 죽창유고(竹窓遺稿).xml,1569,1601,1704,1585,273,0.0,0.0,0.0,0.0,1.098901098901099,0.0,98.9010989010989,0.0
772. 단곡집(丹谷集).xml,1568,1633,1786,1600,291,3.7800687285223367,0.6872852233676976,0.0,3.0927835051546393,3.0927835051546393,5.841924398625429,76.28865979381443,7.216494845360824
771. 동계집(東溪集).xml,1567,1637,,1602,547,0.7312614259597806,0.18281535648994515,0.0,1.8281535648994516,1.2797074954296161,2.010968921389397,93.60146252285192,0.3656307129798903
770. 습정집(習靜集).xml,1567,1618,1907,1592,210,3.8095238095238098,0.4761904761904762,0.0,10.952380952380953,1.9047619047619049,3.8095238095238098,74.76190476190476,4.285714285714286
769. 둔봉집(遯峯集).xml,1567,1650,1809,1608,90,6.666666666666667,2.2222222222222223,0.0,12.222222222222221,6.666666666666667,3.3333333333333335,66.66666666666666,2.2222222222222223
774. 호봉집(壺峯集).xml,1568,1624,1913,1596,189,1.0582010582010581,0.0,0.0,0.5291005291005291,2.1164021164021163,0.0,95.76719576719577,0.5291005291005291
768. 낙서집(洛西集).xml,1566,1629,1730,1597,199,2.0100502512562812,32.663316582914575,0.0,0.0,2.512562814070352,2.0100502512562812,59.798994974874375,1.0050251256281406
767. 고주집(孤舟集).xml,1566,1635,1786,1600,275,0.36363636363636365,0.0,0.0,0.0,0.7272727272727273,1.090909090909091,95.63636363636364,2.181818181818182
766. 학송집(鶴松集).xml,1566,1624,1713,1595,22,4.545454545454546,27.27272727272727,0.0,0.0,4.545454545454546,0.0,18.181818181818183,45.45454545454545
765. 간정집(艮庭集).xml,1566,1619,1912,1592,347,1.729106628242075,4.034582132564841,0.0,1.729106628242075,2.3054755043227666,7.204610951008646,81.55619596541787,1.440922190201729
455. 이우당집(二憂堂集).xml,1660,1722,1759,1691,337,0.5934718100890208,30.267062314540063,0.0,0.5934718100890208,0.0,0.0,67.95252225519289,0.5934718100890208
438. 병와집(甁窩集).xml,1653,1733,1774,1693,518,0.19305019305019305,38.996138996138995,0.0,0.0,0.3861003861003861,3.088803088803089,55.4054054054054,1.9305019305019304
393. 분애유고(汾厓遺稿).xml,1628,1687,1734,1657,1328,0.677710843373494,2.86144578313253,0.0,2.108433734939759,0.15060240963855423,0.30120481927710846,92.01807228915662,1.8825301204819278
388. 우담집(愚潭集).xml,1625,1707,1937,1666,226,4.424778761061947,17.25663716814159,0.0,10.176991150442479,3.5398230088495577,46.46017699115044,10.619469026548673,7.52212389380531
387. 고산집(孤山集).xml,1625,1701,1775,1663,576,7.465277777777778,0.0,0.0,7.465277777777778,2.256944444444444,13.541666666666666,67.53472222222221,1.7361111111111112
386. 외재집(畏齋集).xml,1625,1689,,1657,378,8.73015873015873,9.523809523809524,0.0,4.497354497354497,2.1164021164021163,12.962962962962962,60.84656084656085,1.3227513227513228
385. 곡운집(谷雲集).xml,1624,1701,1711,1662,195,2.564102564102564,0.0,0.0,3.076923076923077,4.615384615384616,24.102564102564102,49.743589743589745,15.897435897435896
383. 목재집(木齋集).xml,1620,1674,1761,1647,482,5.809128630705394,1.2448132780082988,0.0,5.394190871369295,3.941908713692946,8.29875518672199,58.713692946058096,16.59751037344398
382. 타우유고(打愚遺稿).xml,1620,1690,1761,1655,316,3.1645569620253164,25.31645569620253,0.0,4.113924050632911,1.2658227848101267,35.75949367088608,28.79746835443038,1.5822784810126582
380. 백호집(白湖集).xml,1617,1680,1927,1648,667,2.6986506746626686,33.43328335832084,0.0,4.6476761619190405,2.848575712143928,21.58920539730135,30.284857571214392,4.497751124437781
379. 동리집(東里集).xml,1617,1678,1702,1647,1039,0.192492781520693,5.19730510105871,0.0,2.3099133782483157,0.384985563041386,0.0962463907603465,87.96920115495669,3.849855630413859
381. 존재집(存齋集).xml,1619,1672,1696,1645,251,5.179282868525896,1.593625498007968,0.0,8.764940239043826,3.187250996015936,20.717131474103585,58.16733067729084,2.3904382470119523
378. 야당유고(野堂遺稿).xml,1616,1680,1909,1648,88,6.8181818181818175,21.59090909090909,0.0,4.545454545454546,2.272727272727273,0.0,62.5,2.272727272727273
377. 귀계유고(歸溪遺稿).xml,1616,1671,1672,1643,129,7.751937984496124,32.55813953488372,0.0,3.875968992248062,5.426356589147287,0.7751937984496124,48.837209302325576,0.7751937984496124
376. 규창유고(葵窓遺稿).xml,1614,1662,1712,1638,971,0.4119464469618949,0.8238928939237898,0.0,0.20597322348094746,0.8238928939237898,0.4119464469618949,95.46858908341915,1.8537590113285274
375. 육곡유고(六谷遺稿).xml,1613,1671,1865,1642,229,3.056768558951965,36.681222707423586,0.0,3.056768558951965,1.7467248908296942,0.43668122270742354,54.58515283842795,0.43668122270742354
374. 구당집(久堂集).xml,1612,1671,1730,1641,1568,0.8928571428571428,6.505102040816327,0.0,2.8698979591836737,1.9770408163265307,0.3826530612244898,84.0561224489796,3.316326530612245
372. 창주유고(滄洲遺稿).xml,1610,1656,1708,1633,459,1.0893246187363834,18.30065359477124,0.0,5.446623093681917,0.2178649237472767,0.2178649237472767,70.80610021786492,3.9215686274509802
371. 송곡집(松谷集).xml,1609,1671,1705,1640,369,4.607046070460704,28.184281842818425,0.0,15.447154471544716,0.27100271002710025,0.0,48.509485094850945,2.9810298102981028
384. 청계집(淸溪集).xml,1620,1660,1695,1640,321,0.6230529595015576,9.034267912772584,0.0,2.4922118380062304,0.6230529595015576,0.0,85.35825545171339,1.8691588785046727
370. 충렬공유고(忠烈公遺稿).xml,1609,1637,1697,1623,67,10.44776119402985,28.35820895522388,0.0,8.955223880597014,7.462686567164178,4.477611940298507,29.850746268656714,10.44776119402985
369. 초려집(草廬集).xml,1607,1684,1805,1645,1112,1.618705035971223,13.03956834532374,0.0,4.676258992805756,0.7194244604316548,56.29496402877698,19.694244604316545,3.9568345323741005
368. 시남집(市南集).xml,1607,1664,1805,1635,1198,1.5859766277128546,6.76126878130217,0.0,3.923205342237062,1.0851419031719534,24.37395659432387,57.011686143572625,5.258764607679465
373. 노서유고(魯西遺稿).xml,1610,1669,1712,1639,827,2.539298669891173,5.441354292623942,0.0,5.92503022974607,1.0882708585247884,37.363966142684404,42.32164449818622,5.320435308343409
366. 동춘당집(同春堂集).xml,1606,1672,1687,1639,1096,4.835766423357665,22.99270072992701,0.0,8.394160583941606,0.9124087591240875,55.1094890510949,6.843065693430657,0.9124087591240875
363. 석호유고(石湖遺稿).xml,1606,1672,,1639,430,1.3953488372093024,3.953488372093023,0.0,14.186046511627906,0.0,68.13953488372093,12.325581395348838,0.0
362. 동강유집(東江遺集).xml,1605,1660,1690,1632,434,1.8433179723502304,5.299539170506913,0.0,6.451612903225806,2.3041474654377883,0.0,80.87557603686636,3.225806451612903
361. 탄옹집(炭翁集).xml,1604,1672,1738,1638,493,3.0425963488843815,5.273833671399594,0.0,7.910750507099391,0.0,33.2657200811359,43.40770791075051,7.099391480730223
364. 낙정집(樂靜集).xml,1606,1655,1670,1630,625,0.16,23.04,0.0,0.0,0.16,0.0,76.16000000000001,0.48
360. 백곡집(柏谷集).xml,1604,1684,1687,1644,1283,1.558846453624318,2.1823850350740455,0.0,1.1691348402182384,4.910366328916601,0.6235385814497272,84.56742010911925,4.9883086515978174
359. 만랑집(漫浪集).xml,1604,1656,1668,1630,713,2.1037868162692845,3.9270687237026647,0.0,2.524544179523142,2.3842917251051894,0.0,87.23702664796635,1.8232819074333801
358. 설봉유고(雪峯遺稿).xml,1603,1681,,1642,1767,1.9241652518392758,3.9615166949632146,0.0,1.3582342954159592,0.5659309564233164,0.0,91.0582908885116,1.1318619128466327
367. 송자대전(宋子大全).xml,1607,1689,1901,1648,9434,6.455374178503286,6.306974772100912,0.0,2.4485902056391775,3.858384566461734,67.94572821708714,6.61437354250583,6.37057451770193
356. 학주전집(鶴洲全集).xml,1602,1654,1718,1628,499,2.404809619238477,5.811623246492986,0.0,1.6032064128256511,1.2024048096192386,1.2024048096192386,83.56713426853707,4.208416833667335
354. 포옹집(抱翁集).xml,1600,1668,1914,1634,127,7.874015748031496,7.874015748031496,0.0,17.322834645669293,2.3622047244094486,26.77165354330709,33.07086614173229,4.724409448818897
353. 호주집(湖洲集).xml,1599,1660,1677,1629,527,2.4667931688804554,6.451612903225806,0.0,3.0360531309297913,1.7077798861480076,0.0,85.00948766603416,1.3282732447817838
355. 용서집(龍西集).xml,1601,1672,1775,1636,251,1.9920318725099602,1.1952191235059761,0.0,3.5856573705179287,1.1952191235059761,0.398406374501992,89.2430278884462,2.3904382470119523
352. 현주집(玄洲集).xml,1598,1645,1675,1621,450,0.4444444444444444,6.222222222222222,0.0,3.7777777777777777,0.4444444444444444,0.0,70.88888888888889,18.22222222222222
351. 태계집(台溪集).xml,1597,1658,1683,1627,510,1.9607843137254901,3.7254901960784315,0.0,1.9607843137254901,1.7647058823529411,0.9803921568627451,88.8235294117647,0.7843137254901961
365. 남파집(南坡集).xml,1605,1687,1782,1646,666,1.8018018018018018,16.366366366366368,0.0,0.9009009009009009,0.45045045045045046,6.606606606606606,71.62162162162163,2.2522522522522523
350. 가주집(家州集).xml,1597,1635,1718,1616,92,2.1739130434782608,0.0,0.0,2.1739130434782608,3.260869565217391,0.0,91.30434782608695,1.0869565217391304
357. 양파유고(陽坡遺稿).xml,1602,1673,,1637,787,0.25412960609911056,34.9428208386277,0.0,1.6518424396442184,0.12706480304955528,0.6353240152477764,59.974587039390094,2.41423125794155
390. 월주집(月洲集).xml,1627,1693,1866,1660,353,1.41643059490085,26.628895184135974,0.0,1.69971671388102,1.13314447592068,10.48158640226629,57.79036827195468,0.84985835694051
133. 잠암일고(潛庵逸稿).xml,1495,1547,1833,1521,151,2.6490066225165565,1.3245033112582782,0.0,2.6490066225165565,1.9867549668874174,0.6622516556291391,87.41721854304636,3.3112582781456954
1045. 동강유고(桐江遺稿).xml,1701,1759,1810,1730,98,22.448979591836736,1.0204081632653061,0.0,5.1020408163265305,7.142857142857142,38.775510204081634,24.489795918367346,1.0204081632653061
1058. 진명집(震溟集).xml,1713,1770,1937,1741,1019,4.023552502453385,0.2944062806673209,0.0,1.4720314033366046,3.434739941118744,2.649656526005888,84.98527968596663,3.140333660451423
1036. 비수재집(賁需齋集).xml,1697,1731,1781,1714,284,0.7042253521126761,1.7605633802816902,0.0,10.211267605633804,4.577464788732395,14.084507042253522,52.46478873239436,16.19718309859155
1038. 남촌집(南村集).xml,1698,1782,1921,1740,163,12.269938650306749,0.0,0.0,36.809815950920246,6.134969325153374,30.67484662576687,7.975460122699387,6.134969325153374
1042. 후암집(厚庵集).xml,1701,1781,1812,1741,371,3.234501347708895,0.5390835579514826,0.0,2.964959568733154,2.964959568733154,12.93800539083558,72.77628032345014,4.5822102425876015
1039. 창하집(蒼霞集).xml,1698,1761,1773,1729,388,8.24742268041237,21.649484536082475,0.0,3.865979381443299,4.639175257731959,2.0618556701030926,53.608247422680414,5.927835051546391
1040. 약헌유집(藥軒遺集).xml,1700,1748,1861,1724,299,4.3478260869565215,0.6688963210702341,0.0,9.698996655518394,9.364548494983277,11.705685618729097,54.515050167224075,9.698996655518394
1049. 팔우헌집(八友軒集).xml,1709,1788,1831,1748,454,1.762114537444934,0.22026431718061676,0.0,8.590308370044053,2.643171806167401,5.066079295154185,74.44933920704845,7.268722466960352
1046. 송호집(松湖集).xml,1703,1773,1832,1738,395,1.0126582278481013,6.329113924050633,0.0,0.7594936708860759,3.2911392405063293,0.0,85.56962025316456,3.0379746835443036
1048. 활산집(活山集).xml,1709,1784,1826,1746,355,6.478873239436619,0.28169014084507044,0.0,2.535211267605634,4.225352112676056,6.760563380281689,65.07042253521126,14.647887323943662
1047. 봉곡계찰방유집(鳳谷桂察訪遺集).xml,1708,1775,1859,1741,171,4.678362573099415,2.3391812865497075,0.0,4.093567251461988,9.35672514619883,1.1695906432748537,28.07017543859649,50.29239766081871
1034. 겸산집(兼山集).xml,1696,1752,1775,1724,255,5.098039215686274,1.9607843137254901,0.0,11.372549019607844,5.490196078431373,23.137254901960784,38.82352941176471,14.117647058823529
1043. 백수집(白水集).xml,1700,1767,1928,1733,761,2.628120893561104,0.0,0.0,5.781865965834428,5.124835742444152,20.2365308804205,15.111695137976348,51.116951379763464
1052. 만옹집(晩翁集).xml,1711,1795,1899,1753,101,0.9900990099009901,0.0,0.0,3.9603960396039604,8.91089108910891,0.9900990099009901,78.21782178217822,6.9306930693069315
1033. 태화자고(太華子稿).xml,1696,1728,1736,1712,338,0.8875739644970414,0.0,0.0,1.7751479289940828,2.6627218934911245,3.2544378698224854,89.64497041420118,1.7751479289940828
1044. 이택재유고(麗澤齋遺稿).xml,1701,1778,1787,1739,114,5.263157894736842,0.0,0.0,4.385964912280701,4.385964912280701,42.10526315789473,32.45614035087719,11.403508771929824
1037. 한천유고(寒泉遺稿).xml,1697,1731,1739,1714,241,1.2448132780082988,0.0,0.0,0.0,1.6597510373443984,0.0,96.2655601659751,0.8298755186721992
1057. 표암고(豹菴稿).xml,1713,1791,,1752,455,1.9780219780219779,0.0,0.0,2.6373626373626373,24.615384615384617,0.0,65.05494505494505,5.714285714285714
1059. 용재집(庸齋集).xml,1713,1784,,1748,708,1.5536723163841808,1.2711864406779663,0.0,6.3559322033898304,0.7062146892655368,19.774011299435028,60.73446327683616,9.6045197740113
1035. 하정집(芐亭集).xml,1696,1751,1788,1723,288,3.4722222222222223,2.7777777777777777,0.0,8.680555555555555,4.513888888888888,33.33333333333333,34.72222222222222,12.5
1041. 이봉집(夷峯集).xml,1700,1773,1909,1736,438,3.1963470319634704,0.0,0.0,6.621004566210045,3.65296803652968,18.493150684931507,65.98173515981736,2.054794520547945
1060. 이호유고(梨湖遺稿).xml,1713,1751,1771,1732,49,10.204081632653061,0.0,0.0,4.081632653061225,6.122448979591836,40.816326530612244,18.367346938775512,20.408163265306122
1018. 이치재집(二恥齋集).xml,1691,1742,1899,1716,259,4.247104247104247,0.0,0.0,8.108108108108109,4.247104247104247,10.81081081081081,60.61776061776062,11.96911196911197
1032. 이안당집(易安堂集).xml,1695,1776,1852,1735,318,0.628930817610063,0.3144654088050315,0.0,3.1446540880503147,1.5723270440251573,0.9433962264150944,92.13836477987421,1.257861635220126
1017. 일암집(一菴集).xml,1690,1722,1768,1706,116,0.8620689655172413,0.0,0.0,6.0344827586206895,6.0344827586206895,1.7241379310344827,77.58620689655173,7.758620689655173
1025. 증소집(橧巢集).xml,1693,1738,,1715,549,2.914389799635701,0.0,0.0,9.107468123861565,2.0036429872495445,3.4608378870673953,81.05646630236795,1.4571948998178506
995. 박담옹집(朴澹翁集).xml,1683,1753,1770,1718,194,0.5154639175257731,0.0,0.0,0.0,2.5773195876288657,3.608247422680412,89.17525773195877,4.123711340206185
1026. 청벽집(靑壁集).xml,1693,1748,,1720,180,1.6666666666666667,1.1111111111111112,0.0,13.88888888888889,2.2222222222222223,19.444444444444446,60.0,1.6666666666666667
1027. 우천집(牛川集).xml,1694,1760,1832,1727,357,3.081232492997199,8.123249299719888,0.0,11.204481792717088,0.5602240896358543,11.204481792717088,64.9859943977591,0.8403361344537815
1021. 지암유고(止庵遺稿).xml,1691,1770,,1730,533,5.253283302063791,13.133208255159476,0.0,4.690431519699812,0.7504690431519699,0.18761726078799248,73.54596622889305,2.4390243902439024
1019. 한송재집(寒松齋集).xml,1691,1757,1796,1724,290,1.3793103448275863,0.0,0.0,3.793103448275862,3.4482758620689653,3.4482758620689653,81.37931034482759,6.551724137931035
1029. 정좌와집(靜坐窩集).xml,1694,1756,1756,1725,385,2.3376623376623376,0.2597402597402597,0.0,3.116883116883117,1.2987012987012987,42.857142857142854,38.701298701298704,11.428571428571429
1031. 만모유고(晩慕遺稿).xml,1695,1775,1834,1735,384,0.78125,3.125,0.0,4.166666666666666,1.3020833333333335,3.90625,84.63541666666666,2.083333333333333
1024. 모산유고(慕山遺稿).xml,1693,1747,1800,1720,238,1.2605042016806722,0.42016806722689076,0.0,7.563025210084033,2.5210084033613445,8.823529411764707,70.16806722689076,9.243697478991598
1028. 전긍재집(戰兢齋集).xml,1694,1780,1868,1737,254,2.3622047244094486,0.0,0.0,12.992125984251967,1.968503937007874,5.511811023622047,75.98425196850394,1.1811023622047243
1020. 두기시집(杜機詩集).xml,1691,1762,,1726,705,0.0,0.0,0.0,0.0,0.28368794326241137,0.0,99.71631205673759,0.0
976. 기옹집(寄翁集).xml,1675,1748,1764,1711,324,1.5432098765432098,0.6172839506172839,0.0,8.024691358024691,0.9259259259259258,0.0,88.27160493827161,0.6172839506172839
966. 고재집(顧齋集).xml,1669,1734,1850,1701,249,2.0080321285140563,0.4016064257028112,0.0,14.056224899598394,1.2048192771084338,61.044176706827315,18.473895582329316,2.8112449799196786
970. 포헌집(逋軒集).xml,1672,1759,1822,1715,348,2.0114942528735633,1.4367816091954022,0.0,14.655172413793101,1.1494252873563218,11.206896551724139,65.51724137931035,4.022988505747127
974. 지족당집(知足堂集).xml,1674,1753,1907,1713,150,4.0,0.0,0.0,14.000000000000002,4.666666666666667,6.0,68.66666666666667,2.666666666666667
965. 유회당집(有懷堂集).xml,1668,1734,,1701,421,6.88836104513064,15.439429928741092,0.0,6.88836104513064,4.275534441805226,2.137767220902613,59.61995249406176,4.750593824228028
959. 후계집(后溪集).xml,1663,1741,1747,1702,1078,1.0204081632653061,0.0927643784786642,0.0,0.463821892393321,2.3191094619666046,1.7625231910946195,93.69202226345084,0.6493506493506493
980. 졸은유고(拙隱遺稿).xml,1675,1748,1788,1711,150,7.333333333333333,0.0,0.0,9.333333333333334,8.0,6.666666666666667,37.333333333333336,31.333333333333336
967. 운와집(芸窩集).xml,1668,1735,1784,1701,542,1.2915129151291513,0.18450184501845018,0.0,1.8450184501845017,2.029520295202952,1.4760147601476015,92.43542435424355,0.7380073800738007
975. 우계집(雨溪集).xml,1675,1762,1880,1718,257,1.556420233463035,0.38910505836575876,0.0,3.501945525291829,1.1673151750972763,3.501945525291829,88.32684824902724,1.556420233463035
961. 삼수헌고(三秀軒稿).xml,1664,1700,1712,1682,226,1.3274336283185841,0.0,0.0,2.6548672566371683,10.176991150442479,0.0,84.070796460177,1.7699115044247788
981. 정암집(正菴集).xml,1678,1717,1773,1697,209,0.4784688995215311,0.0,0.0,1.9138755980861244,1.9138755980861244,30.62200956937799,43.0622009569378,22.00956937799043
971. 화은집(和隱集).xml,1672,1736,1738,1704,405,3.45679012345679,0.49382716049382713,0.0,3.2098765432098766,4.197530864197531,1.728395061728395,84.44444444444444,2.4691358024691357
969. 사천시초(槎川詩抄).xml,1671,1751,1778,1711,325,0.0,0.0,0.0,0.0,0.3076923076923077,0.0,99.6923076923077,0.0
977. 순암집(順菴集).xml,1675,1735,1741,1705,522,0.5747126436781609,0.0,0.0,4.022988505747127,5.363984674329502,3.065134099616858,86.39846743295018,0.5747126436781609
962. 화암집(和菴集).xml,1665,1736,1748,1700,431,0.23201856148491878,0.0,0.0,0.23201856148491878,0.23201856148491878,0.0,99.30394431554525,0.0
956. 눌헌집(訥軒集).xml,1663,1735,1898,1699,337,1.7804154302670623,0.0,0.0,9.792284866468842,2.3738872403560833,1.7804154302670623,67.35905044510386,16.913946587537094
963. 택재유타(澤齋遺唾).xml,1666,1683,1684,1674,82,4.878048780487805,0.0,0.0,0.0,8.536585365853659,0.0,86.58536585365853,0.0
1006. 관아재고(觀我齋稿).xml,1686,1761,,1723,150,3.3333333333333335,1.3333333333333335,0.0,12.0,14.000000000000002,0.0,58.666666666666664,10.666666666666668
973. 필운고(弼雲稿).xml,1673,1745,1747,1709,675,0.4444444444444444,1.1851851851851851,0.0,4.296296296296296,0.5925925925925926,1.7777777777777777,90.37037037037037,1.3333333333333335
1001. 퇴어당유고(退漁堂遺稿).xml,1684,1755,1805,1719,650,0.0,7.230769230769231,0.0,0.0,0.15384615384615385,0.0,92.61538461538461,0.0
1002. 봉암집(鳳巖集).xml,1684,1762,1807,1723,93,8.60215053763441,3.225806451612903,0.0,2.1505376344086025,11.827956989247312,20.43010752688172,26.881720430107524,26.881720430107524
1015. 석문집(石門集).xml,1688,1769,,1728,536,3.3582089552238807,2.9850746268656714,0.0,6.902985074626866,2.425373134328358,4.291044776119403,77.42537313432835,2.6119402985074625
972. 모계집(茅溪集).xml,1672,1736,1907,1704,240,4.583333333333333,1.6666666666666667,0.0,7.083333333333333,2.5,29.583333333333332,48.75,5.833333333333333
1014. 황고집(黃臯集).xml,1688,1768,1845,1728,385,2.5974025974025974,0.0,0.0,5.194805194805195,2.5974025974025974,18.961038961038962,65.97402597402598,4.675324675324675
1004. 둔암집(屯菴集).xml,1686,1736,1758,1711,280,3.571428571428571,8.928571428571429,0.0,5.357142857142857,3.571428571428571,6.428571428571428,64.28571428571429,7.857142857142857
1003. 노은집(老隱集).xml,1685,1728,1794,1706,125,1.6,4.0,0.0,5.6000000000000005,7.199999999999999,1.6,69.6,10.4
1016. 국포집(菊圃集).xml,1690,1742,1775,1716,804,1.9900497512437811,1.7412935323383085,0.0,4.104477611940299,2.2388059701492535,1.2437810945273633,85.07462686567165,3.6069651741293534
1009. 모헌집(慕軒集).xml,1687,1756,1840,1721,394,2.030456852791878,2.5380710659898478,0.0,3.2994923857868024,1.2690355329949239,3.2994923857868024,83.75634517766497,3.807106598984772
1012. 서재집(西齋集).xml,1687,1730,1844,1708,349,1.7191977077363898,6.303724928366762,0.0,3.7249283667621778,0.8595988538681949,11.74785100286533,73.92550143266476,1.7191977077363898
1013. 퇴헌유고(退軒遺稿).xml,1688,1762,,1725,328,9.75609756097561,37.19512195121951,0.0,15.853658536585366,0.6097560975609756,0.6097560975609756,34.45121951219512,1.524390243902439
1010. 화계집(花溪集).xml,1687,1760,1883,1723,966,0.8281573498964804,0.0,0.0,0.9316770186335404,2.380952380952381,3.4161490683229814,86.85300207039337,5.590062111801243
1022. 사촌집(沙村集).xml,1691,1742,1765,1716,209,0.9569377990430622,5.741626794258373,0.0,4.30622009569378,2.8708133971291865,4.784688995215311,78.94736842105263,2.3923444976076556
1011. 동계유고(東溪遺稿).xml,1687,1747,1759,1717,253,0.3952569169960474,0.0,0.0,3.9525691699604746,1.185770750988142,3.557312252964427,89.32806324110672,1.5810276679841897
1007. 목곡집(牧谷集).xml,1687,1755,1767,1721,407,3.9312039312039313,14.250614250614252,0.0,4.176904176904177,2.9484029484029484,0.0,72.48157248157248,2.211302211302211
1023. 명고집(鳴臯集).xml,1692,1757,1935,1724,796,2.763819095477387,3.1407035175879394,0.0,6.78391959798995,3.1407035175879394,17.462311557788944,62.437185929648244,4.271356783919598
953. 함계집(涵溪集).xml,1660,1720,1790,1690,479,0.8350730688935281,0.0,0.0,3.549060542797495,0.41753653444676403,27.139874739039666,65.97077244258872,2.0876826722338206
1000. 백남집(白南集).xml,1684,1729,1858,1706,413,1.2106537530266344,3.389830508474576,0.0,3.14769975786925,1.937046004842615,1.937046004842615,85.23002421307507,3.14769975786925
994. 화재집(華齋集).xml,1682,1747,,1714,139,7.194244604316546,7.194244604316546,0.0,6.474820143884892,0.7194244604316548,28.776978417266186,42.44604316546763,7.194244604316546
958. 창사집(昌舍集).xml,1664,1722,1874,1693,373,1.6085790884718498,2.1447721179624666,0.0,6.166219839142091,3.753351206434316,1.876675603217158,78.28418230563003,6.166219839142091
968. 용포집(龍浦集).xml,1669,1742,1872,1705,286,2.797202797202797,1.7482517482517483,0.0,6.293706293706294,2.097902097902098,5.944055944055944,78.32167832167832,2.797202797202797
986. 퇴암집(退庵集).xml,1680,1722,1898,1701,116,6.896551724137931,0.0,0.0,5.172413793103448,6.0344827586206895,35.3448275862069,38.793103448275865,7.758620689655173
999. 청령자유고(淸泠子遺稿).xml,1683,1712,,1697,134,0.7462686567164178,0.0,0.0,2.2388059701492535,0.0,0.0,97.01492537313433,0.0
996. 학고집(鶴臯集).xml,1683,1758,,1720,1190,1.0084033613445378,1.2605042016806722,0.0,1.5126050420168067,1.1764705882352942,0.33613445378151263,93.19327731092437,1.5126050420168067
940. 육화집(六化集).xml,1652,1731,1903,1691,183,4.371584699453552,0.546448087431694,0.0,9.289617486338798,6.557377049180328,1.092896174863388,74.86338797814209,3.278688524590164
952. 역옹유고(櫟翁遺稿).xml,1660,1727,,1693,163,4.294478527607362,30.061349693251532,0.0,3.067484662576687,0.0,0.0,55.21472392638037,7.361963190184049
947. 오재집(寤齋集).xml,1656,1739,,1697,570,1.4035087719298245,2.982456140350877,0.0,1.7543859649122806,1.4035087719298245,0.3508771929824561,90.87719298245615,1.2280701754385965
957. 홍도유고(弘道遺稿).xml,1662,1723,,1692,1123,0.44523597506678536,0.0,0.0,1.7809439002671414,0.5342831700801425,0.9795191451469278,67.67586821015138,28.584149599287624
946. 통허재집(洞虛齋集).xml,1654,1676,1769,1665,55,1.8181818181818181,3.6363636363636362,0.0,0.0,3.6363636363636362,18.181818181818183,69.0909090909091,3.6363636363636362
945. 회은집(晦隱集).xml,1654,1722,1723,1688,162,8.641975308641975,0.0,0.0,2.4691358024691357,3.0864197530864197,10.493827160493826,61.111111111111114,14.19753086419753
955. 우암집(寓庵集).xml,1661,1719,1860,1690,302,2.3178807947019866,0.0,0.0,3.3112582781456954,0.9933774834437087,0.9933774834437087,85.43046357615894,6.95364238410596
985. 죽헌집(竹軒集).xml,1678,1722,1760,1700,166,4.216867469879518,16.265060240963855,0.0,7.228915662650602,4.216867469879518,3.0120481927710845,63.85542168674698,1.2048192771084338
997. 회와집(悔窩集).xml,1683,1752,1904,1717,662,0.906344410876133,0.3021148036253776,0.0,1.9637462235649545,6.193353474320242,0.906344410876133,78.85196374622356,10.876132930513595
950. 모주집(茅洲集).xml,1658,1734,1790,1696,1298,0.9244992295839755,0.0,0.0,1.0015408320493067,0.6163328197226503,1.3097072419106317,95.91679506933744,0.23112480739599386
1008. 관수재유고(觀水齋遺稿).xml,1687,1705,1721,1696,102,0.0,0.0,0.0,3.9215686274509802,1.9607843137254901,0.0,93.13725490196079,0.9803921568627451
960. 박정자유고(朴正字遺稿).xml,1664,1697,,1680,345,2.318840579710145,3.4782608695652173,0.0,1.7391304347826086,0.8695652173913043,23.47826086956522,55.362318840579704,12.753623188405797
988. 용와집(慵窩集).xml,1680,1746,,1713,232,7.327586206896551,0.43103448275862066,0.0,3.0172413793103448,2.586206896551724,11.206896551724139,72.84482758620689,2.586206896551724
990. 응재집(凝齋集).xml,1681,1722,1776,1701,198,0.0,0.0,0.0,0.0,1.0101010101010102,0.0,89.8989898989899,9.090909090909092
987. 몽오재집(夢悟齋集).xml,1680,1721,1735,1700,165,0.6060606060606061,4.242424242424243,0.0,1.2121212121212122,1.8181818181818181,0.0,92.12121212121212,0.0
998. 명암집(明庵集).xml,1683,1746,1901,1714,599,1.1686143572621035,0.333889816360601,0.0,0.667779632721202,1.669449081803005,3.005008347245409,90.81803005008348,2.337228714524207
954. 만은유고(晩隱遺稿).xml,1660,1718,1802,1689,55,3.6363636363636362,5.454545454545454,0.0,14.545454545454545,1.8181818181818181,3.6363636363636362,63.63636363636363,7.2727272727272725
941. 남충장공시고(南忠壯公詩稿).xml,1653,1728,1748,1690,119,1.680672268907563,0.0,0.0,0.8403361344537815,2.5210084033613445,0.0,94.9579831932773,0.0
942. 검재집(儉齋集).xml,1653,1719,,1686,1039,2.4061597690086622,8.084696823869104,0.0,2.791145332050048,2.1174205967276225,30.12512030798845,47.16073147256978,7.314725697786333
989. 동포집(東圃集).xml,1681,1747,1757,1714,876,1.2557077625570776,0.0,0.0,1.2557077625570776,0.45662100456621,2.054794520547945,93.60730593607306,1.36986301369863
949. 탄촌유고(灘村遺稿).xml,1658,1730,1929,1694,134,2.2388059701492535,0.7462686567164178,0.0,17.16417910447761,17.91044776119403,29.1044776119403,19.402985074626866,13.432835820895523
964. 묵암집(默庵集).xml,1666,1734,,1700,16,31.25,6.25,0.0,18.75,18.75,12.5,0.0,12.5
978. 시암집(是庵集).xml,1675,1731,1868,1703,164,3.048780487804878,0.0,0.0,8.536585365853659,2.4390243902439024,0.0,82.92682926829268,3.048780487804878
993. 서주집(西州集).xml,1682,1747,1854,1714,441,2.2675736961451247,1.1337868480725624,0.0,6.802721088435375,0.6802721088435374,7.2562358276643995,80.49886621315193,1.3605442176870748
951. 추담집(秋潭集).xml,1659,1711,1926,1685,354,2.2598870056497176,0.0,0.0,11.016949152542372,2.2598870056497176,61.29943502824858,19.491525423728813,3.672316384180791
992. 송와집(松窩集).xml,1682,1752,1873,1717,675,0.4444444444444444,0.0,0.0,9.777777777777779,2.9629629629629632,17.48148148148148,66.81481481481481,2.5185185185185186
948. 자유헌집(自濡軒集).xml,1656,1716,1897,1686,185,2.7027027027027026,0.0,0.0,3.783783783783784,3.2432432432432434,7.567567567567568,78.37837837837837,4.324324324324325
991. 학당유고(鶴塘遺稿).xml,1681,1746,,1713,789,0.5069708491761723,38.656527249683144,0.0,2.6615969581749046,0.25348542458808615,0.0,48.162230671736374,9.759188846641319
933. 경암집(絅菴集).xml,1646,1707,1766,1676,291,3.0927835051546393,11.683848797250858,0.0,4.123711340206185,1.3745704467353952,3.0927835051546393,72.5085910652921,4.123711340206185
918. 약재집(約齋集).xml,1636,1707,1956,1671,972,1.440329218106996,6.893004115226338,0.0,1.646090534979424,0.720164609053498,0.0,88.68312757201646,0.6172839506172839
930. 야촌집(野村集).xml,1643,1712,1890,1677,398,3.015075376884422,2.261306532663317,0.0,11.306532663316583,1.256281407035176,7.035175879396985,72.8643216080402,2.261306532663317
927. 둔옹집(遁翁集).xml,1642,1709,1830,1675,137,3.64963503649635,1.4598540145985401,0.0,0.7299270072992701,13.138686131386862,0.0,46.715328467153284,34.306569343065696
917. 규정집(葵亭集).xml,1636,1699,1778,1667,705,1.4184397163120568,3.546099290780142,0.0,3.9716312056737593,0.7092198581560284,0.0,87.65957446808511,2.6950354609929077
932. 나은집(懶隱集).xml,1644,1700,1880,1672,541,1.478743068391867,5.360443622920517,0.0,8.502772643253234,0.36968576709796674,13.123844731977819,67.8373382624769,3.3271719038817005
924. 조암집(槽巖集).xml,1640,1676,1761,1658,107,1.8691588785046727,13.084112149532709,0.0,5.607476635514018,1.8691588785046727,0.9345794392523363,75.70093457943925,0.9345794392523363
922. 범허정집(泛虛亭集).xml,1638,1695,1744,1666,392,1.2755102040816326,11.479591836734695,0.0,5.357142857142857,2.0408163265306123,0.5102040816326531,75.0,4.336734693877551
919. 관란재유고(觀瀾齋遺稿).xml,1636,1711,1862,1673,64,9.375,1.5625,0.0,42.1875,12.5,28.125,1.5625,4.6875
921. 안촌집(安村集).xml,1637,1678,1908,1657,77,6.493506493506493,2.5974025974025974,0.0,7.792207792207792,1.2987012987012987,25.97402597402597,42.857142857142854,12.987012987012985
920. 노주집(蘆洲集).xml,1637,1702,1747,1669,426,3.9906103286384975,1.8779342723004695,0.0,5.39906103286385,0.9389671361502347,0.4694835680751174,84.03755868544602,3.286384976525822
914. 산택재집(山澤齋集).xml,1635,1719,1910,1677,243,2.4691358024691357,0.0,0.0,5.761316872427984,3.292181069958848,6.995884773662551,79.42386831275721,2.05761316872428
912. 폐추유고(敝帚遺稿).xml,1634,1707,1868,1670,196,0.5102040816326531,0.0,0.0,1.0204081632653061,3.571428571428571,0.5102040816326531,91.3265306122449,3.061224489795918
911. 퇴당집(退堂集).xml,1633,1705,,1669,708,2.401129943502825,8.615819209039548,0.0,2.11864406779661,1.8361581920903955,0.0,83.89830508474576,1.1299435028248588
913. 송파집(松坡集).xml,1633,1709,,1671,1381,4.127443881245474,3.258508327299059,0.0,1.3758146270818248,1.0137581462708183,0.5792903692976104,87.83490224475018,1.8102824040550327
1005. 매산집(梅山集).xml,1685,1757,1790,1721,527,7.020872865275142,1.5180265654648957,0.0,8.72865275142315,1.7077798861480076,33.017077798861486,44.59203036053131,3.415559772296015
890. 양곡집(陽谷集).xml,1624,1689,1762,1656,229,1.7467248908296942,18.777292576419214,0.0,10.043668122270741,2.1834061135371177,0.0,63.75545851528385,3.4934497816593884
886. 서암유고(西巖遺稿).xml,1622,1707,1710,1664,291,0.6872852233676976,1.718213058419244,0.0,0.6872852233676976,0.6872852233676976,0.0,94.84536082474226,1.3745704467353952
896. 송월재집(松月齋集).xml,1625,1715,,1670,104,8.653846153846153,0.0,0.0,10.576923076923077,11.538461538461538,3.8461538461538463,29.807692307692307,35.57692307692308
889. 남포집(南圃集).xml,1624,1671,1831,1647,584,1.1986301369863013,0.684931506849315,0.0,1.7123287671232876,3.0821917808219177,2.910958904109589,78.25342465753424,12.157534246575343
885. 귀암집(歸巖集).xml,1622,1680,1871,1651,407,6.388206388206388,19.41031941031941,0.0,12.776412776412776,3.6855036855036856,3.9312039312039313,50.61425061425061,3.194103194103194
903. 금강집(錦江集).xml,1629,1711,1772,1670,246,3.2520325203252036,0.0,0.0,7.723577235772358,2.0325203252032518,51.21951219512195,34.146341463414636,1.6260162601626018
904. 쌍백당집(雙栢堂集).xml,1630,1701,1721,1665,265,0.0,18.867924528301888,0.0,0.7547169811320755,1.8867924528301887,0.0,76.9811320754717,1.509433962264151
902. 임호집(林湖集).xml,1629,1698,1812,1663,414,0.7246376811594203,2.898550724637681,0.0,0.966183574879227,2.4154589371980677,1.6908212560386473,88.40579710144928,2.898550724637681
897. 오아재집(聱齖齋集).xml,1628,1695,1916,1661,712,2.247191011235955,2.247191011235955,0.0,2.9494382022471908,2.247191011235955,0.42134831460674155,86.51685393258427,3.3707865168539324
880. 춘소자집(春沼子集).xml,1619,1658,1682,1638,262,4.961832061068702,1.9083969465648856,0.0,4.961832061068702,5.343511450381679,2.2900763358778624,66.41221374045801,14.122137404580155
893. 운포유고(雲浦遺稿).xml,1625,1691,,1658,123,1.6260162601626018,95.9349593495935,0.0,0.0,0.8130081300813009,0.0,0.0,1.6260162601626018
884. 송계집(松溪集).xml,1622,1658,1774,1640,378,0.26455026455026454,4.497354497354497,0.0,2.380952380952381,1.0582010582010581,1.5873015873015872,89.41798941798942,0.7936507936507936
891. 초암집(初菴集).xml,1624,1656,,1640,496,1.0080645161290323,3.8306451612903225,0.0,2.0161290322580645,2.0161290322580645,2.0161290322580645,85.48387096774194,3.6290322580645165
887. 지촌집(芝村集).xml,1623,1695,1865,1659,246,3.6585365853658534,8.130081300813007,0.0,6.504065040650407,0.8130081300813009,26.422764227642276,53.65853658536586,0.8130081300813009
900. 동산유고(東山遺稿).xml,1628,1686,1881,1657,128,4.6875,0.0,0.0,8.59375,3.125,21.875,56.25,5.46875
895. 매간집(梅澗集).xml,1625,1691,1722,1658,347,0.5763688760806917,6.340057636887608,0.0,0.0,0.5763688760806917,0.0,92.507204610951,0.0
907. 덕포유고(德浦遺稿).xml,1631,1698,1833,1664,130,3.8461538461538463,16.923076923076923,0.0,7.6923076923076925,0.7692307692307693,8.461538461538462,60.76923076923077,1.5384615384615385
979. 서계집(西溪集).xml,1677,1756,1812,1716,775,8.38709677419355,0.25806451612903225,0.0,9.935483870967742,5.67741935483871,23.612903225806452,41.80645161290323,10.32258064516129
982. 추암집(KC01783菴集).xml,1676,1762,1823,1719,463,2.375809935205184,0.4319654427645789,0.0,4.751619870410368,4.967602591792657,6.047516198704104,76.45788336933045,4.967602591792657
983. 절곡집(節谷集).xml,1677,1740,1865,1708,144,1.3888888888888888,0.0,0.0,5.555555555555555,3.4722222222222223,16.666666666666664,68.75,4.166666666666666
984. 청대집(淸臺集).xml,1679,1759,1797,1719,966,5.900621118012422,2.7950310559006213,0.0,3.3126293995859215,3.7267080745341614,19.047619047619047,62.31884057971014,2.898550724637681
916. 일봉집(一峯集).xml,1634,1685,1717,1659,313,1.9169329073482428,4.792332268370607,0.0,3.1948881789137378,1.9169329073482428,1.2779552715654952,84.02555910543131,2.8753993610223643
944. 동계집(東溪集).xml,1653,1704,1736,1678,749,1.7356475300400533,8.01068090787717,0.0,2.1361815754339117,2.53671562082777,0.0,83.5781041388518,2.0026702269692924
929. 호은집(壺隱集).xml,1642,1704,1722,1673,364,0.0,7.142857142857142,0.0,4.670329670329671,0.5494505494505495,0.0,87.08791208791209,0.5494505494505495
877. 계와집(桂窩集).xml,1616,1659,,1637,188,1.5957446808510638,0.5319148936170213,0.0,1.5957446808510638,2.127659574468085,0.0,93.61702127659575,0.5319148936170213
879. 석문집(石門集).xml,1618,1666,1874,1642,387,1.03359173126615,1.2919896640826873,0.0,2.0671834625323,2.0671834625323,2.0671834625323,88.88888888888889,2.5839793281653747
866. 죽당집(竹堂集).xml,1610,1665,1689,1637,1115,0.9865470852017937,5.381165919282512,0.0,1.5246636771300448,2.8699551569506725,0.0,89.05829596412556,0.17937219730941703
870. 존양재집(存養齋集).xml,1612,1684,1901,1648,234,5.128205128205128,4.700854700854701,0.0,13.247863247863249,3.418803418803419,6.41025641025641,64.95726495726495,2.1367521367521367
872. 활재집(活齋集).xml,1613,1654,1805,1633,336,1.488095238095238,0.5952380952380952,0.0,1.7857142857142856,4.464285714285714,3.273809523809524,27.380952380952383,61.011904761904766
864. 회곡집(晦谷集).xml,1608,1670,1694,1639,540,0.5555555555555556,6.666666666666667,0.0,4.074074074074074,0.5555555555555556,0.0,87.03703703703704,1.1111111111111112
875. 석동유고(石洞遺稿).xml,1615,1689,1935,1652,212,5.188679245283019,0.0,0.0,8.49056603773585,3.30188679245283,10.849056603773585,67.45283018867924,4.716981132075472
873. 명곡집(明谷集).xml,1614,1683,1902,1648,197,2.030456852791878,2.030456852791878,0.0,3.0456852791878175,2.030456852791878,0.0,89.34010152284264,1.5228426395939088
876. 장육당유집(藏六堂遺集).xml,1615,1665,1685,1640,179,0.5586592178770949,7.82122905027933,0.0,3.35195530726257,1.1173184357541899,0.5586592178770949,86.59217877094973,0.0
883. 이계집(伊溪集).xml,1620,1681,1820,1650,365,4.657534246575342,2.4657534246575343,0.0,6.575342465753424,5.205479452054795,1.9178082191780823,72.05479452054794,7.123287671232877
882. 송봉유고(松峯遺稿).xml,1620,1679,1908,1649,266,2.631578947368421,2.631578947368421,0.0,9.022556390977442,4.511278195488721,2.631578947368421,69.17293233082707,9.398496240601503
871. 정허당집(靜虛堂集).xml,1612,1661,1708,1636,89,1.1235955056179776,0.0,0.0,3.3707865168539324,20.224719101123593,3.3707865168539324,55.0561797752809,16.853932584269664
867. 죽헌집(竹軒集).xml,1611,1678,1936,1644,121,4.958677685950414,4.132231404958678,0.0,10.743801652892563,4.132231404958678,2.479338842975207,71.07438016528926,2.479338842975207
863. 만주유집(晩洲遺集).xml,1606,1680,1794,1643,796,0.25125628140703515,1.7587939698492463,0.0,1.256281407035176,3.391959798994975,0.12562814070351758,90.45226130653266,2.763819095477387
856. 동촌유고(東村遺稿).xml,1543,1631,1807,1587,52,5.769230769230769,13.461538461538462,0.0,3.8461538461538463,3.8461538461538463,3.8461538461538463,65.38461538461539,3.8461538461538463
868. 팔사유고(八斯遺稿).xml,1611,1673,1889,1642,166,1.8072289156626504,0.0,0.0,13.253012048192772,3.614457831325301,3.0120481927710845,77.10843373493977,1.2048192771084338
869. 팔송집(八松集).xml,1611,1693,1902,1652,472,1.694915254237288,2.330508474576271,0.0,3.389830508474576,2.9661016949152543,0.847457627118644,84.53389830508475,4.23728813559322
862. 마경헌집(磨鏡軒集).xml,1606,1629,1635,1617,102,0.9803921568627451,0.0,0.0,0.0,0.9803921568627451,0.0,98.0392156862745,0.0
874. 추담집(秋潭集).xml,1614,1690,,1652,557,0.3590664272890485,10.053859964093357,0.0,2.6929982046678633,1.2567324955116697,2.872531418312388,80.61041292639139,2.154398563734291
860. 만주집(晩洲集).xml,1606,1664,1748,1635,604,0.0,4.470198675496689,0.0,0.16556291390728478,0.33112582781456956,0.0,92.21854304635761,2.814569536423841
909. 금호유고(琴湖遺稿).xml,1632,1702,1712,1667,619,0.6462035541195477,0.0,0.0,0.0,0.32310177705977383,0.0,99.03069466882067,0.0
899. 치암집(恥菴集).xml,1628,1691,1844,1659,246,1.2195121951219512,0.0,0.0,0.0,2.0325203252032518,73.57723577235772,18.69918699186992,4.471544715447155
908. 손암집(損庵集).xml,1631,1680,1749,1655,225,1.7777777777777777,14.222222222222221,0.0,5.777777777777778,3.111111111111111,15.555555555555555,50.22222222222222,9.333333333333334
910. 설초유고(雪蕉遺稿).xml,1632,1682,1705,1657,158,0.0,0.0,0.0,0.0,0.6329113924050633,0.0,99.36708860759494,0.0
881. 오탄집(梧灘集).xml,1620,1688,1708,1654,2027,0.09866798223976321,1.3813517513566849,0.0,0.740009866798224,0.19733596447952642,0.0,97.5826344351258,0.0
898. 금옹집(錦翁集).xml,1628,1673,1732,1650,118,4.23728813559322,0.847457627118644,0.0,11.016949152542372,4.23728813559322,28.8135593220339,44.91525423728814,5.932203389830509
906. 남악집(南岳集).xml,1631,1690,1704,1660,236,2.11864406779661,5.508474576271186,0.0,5.932203389830509,7.627118644067797,3.389830508474576,73.30508474576271,2.11864406779661
894. 죽서집(竹西集).xml,1625,1673,1685,1649,55,1.8181818181818181,96.36363636363636,0.0,0.0,1.8181818181818181,0.0,0.0,0.0
901. 육우당유고(六寓堂遺稿).xml,1628,1682,,1655,1679,0.05955926146515784,3.2162001191185228,0.0,1.5485407980941037,0.4169148302561048,0.0,93.98451459201907,0.7742703990470519
888. 범옹집(泛翁集).xml,1623,1680,1709,1651,572,0.6993006993006993,2.272727272727273,0.0,0.6993006993006993,1.048951048951049,0.0,94.93006993006993,0.34965034965034963
892. 추담집(秋潭集).xml,1625,1711,1905,1668,244,3.6885245901639343,0.0,0.0,12.704918032786885,0.4098360655737705,13.114754098360656,68.85245901639344,1.2295081967213115
858. 설해유고(雪海遺稿).xml,1604,1672,,1638,409,0.0,3.6674816625916873,0.0,0.7334963325183375,0.24449877750611246,0.0,88.50855745721272,6.845965770171149
851. 금천집(琴川集).xml,1601,1647,1907,1624,107,4.672897196261682,4.672897196261682,0.0,7.476635514018691,3.7383177570093453,2.803738317757009,74.76635514018692,1.8691588785046727
857. 낙촌집(洛村集).xml,1603,1644,,1623,80,8.75,15.0,0.0,23.75,1.25,0.0,48.75,2.5
844. 표은집(瓢隱集).xml,1598,1669,1735,1633,235,2.553191489361702,0.0,0.0,5.106382978723404,0.851063829787234,15.74468085106383,75.31914893617021,0.425531914893617
861. 무하당유고(無何堂遺稿).xml,1606,1672,,1639,1532,0.0,1.8929503916449086,0.0,4.503916449086162,0.13054830287206268,0.13054830287206268,93.34203655352479,0.0
849. 고송집(孤松集).xml,1600,1673,1739,1636,188,1.0638297872340425,1.0638297872340425,0.0,4.787234042553192,3.723404255319149,0.0,88.82978723404256,0.5319148936170213
850. 구포집(鷗浦集).xml,1600,1674,1696,1637,297,0.0,3.7037037037037033,0.0,0.33670033670033667,0.33670033670033667,0.0,91.24579124579124,4.377104377104377
848. 청천당집(聽天堂集).xml,1599,1676,,1637,247,3.643724696356275,13.360323886639677,0.0,13.360323886639677,1.6194331983805668,11.336032388663968,54.655870445344135,2.0242914979757085
835. 계서일고(溪西逸稿).xml,1595,1664,1863,1629,100,3.0,14.000000000000002,0.0,5.0,3.0,14.000000000000002,50.0,11.0
854. 백졸암집(百拙庵集).xml,1602,1662,1789,1632,186,1.6129032258064515,3.763440860215054,0.0,5.913978494623656,1.6129032258064515,13.440860215053762,72.58064516129032,1.0752688172043012
847. 송파집(松坡集).xml,1599,1655,1715,1627,257,1.1673151750972763,4.669260700389105,0.0,1.1673151750972763,7.003891050583658,0.0,83.26848249027238,2.7237354085603114
859. 당촌집(塘村集).xml,1605,1654,1907,1629,338,1.4792899408284024,2.6627218934911245,0.0,0.8875739644970414,3.8461538461538463,0.2958579881656805,87.57396449704143,3.2544378698224854
825. 석계집(石溪集).xml,1590,1674,,1632,238,5.88235294117647,0.42016806722689076,0.0,9.243697478991598,2.5210084033613445,5.46218487394958,71.00840336134453,5.46218487394958
842. 노암집(魯庵集).xml,1597,1675,1850,1636,93,7.526881720430108,16.129032258064516,0.0,10.75268817204301,8.60215053763441,2.1505376344086025,52.68817204301075,2.1505376344086025
846. 졸재집(拙齋集).xml,1598,1674,1791,1636,298,5.033557046979865,2.684563758389262,0.0,6.0402684563758395,6.0402684563758395,20.13422818791946,43.95973154362416,16.10738255033557
845. 기봉집(騏峯集).xml,1598,1668,1802,1633,449,0.22271714922048996,0.8908685968819599,0.0,0.0,0.4454342984409799,0.22271714922048996,97.10467706013362,1.1135857461024499
852. 우천집(愚川集).xml,1601,1663,1833,1632,565,2.1238938053097343,0.17699115044247787,0.0,4.601769911504425,3.0088495575221237,4.601769911504425,69.38053097345133,16.10619469026549
853. 당계집(棠溪集).xml,1602,1644,1869,1623,57,5.263157894736842,5.263157894736842,0.0,3.508771929824561,0.0,12.280701754385964,59.64912280701754,14.035087719298245
838. 창주집(滄洲集).xml,1596,1657,1863,1626,258,1.550387596899225,12.790697674418606,0.0,6.976744186046512,3.488372093023256,1.937984496124031,62.7906976744186,10.465116279069768
837. 두곡집(杜谷集).xml,1595,1656,1824,1625,369,1.6260162601626018,0.5420054200542005,0.0,4.0650406504065035,1.6260162601626018,1.084010840108401,88.34688346883469,2.710027100271003
843. 사우당집(四友堂集).xml,1597,1659,1890,1628,237,4.219409282700422,10.548523206751055,0.0,8.860759493670885,3.375527426160337,33.33333333333333,38.39662447257383,1.2658227848101267
840. 양곡유고(亮谷遺稿).xml,1596,1633,1789,1614,41,4.878048780487805,4.878048780487805,0.0,7.317073170731707,7.317073170731707,24.390243902439025,31.70731707317073,19.51219512195122
839. 야당유고(野塘遺稿).xml,1596,1663,,1629,749,0.0,0.0,0.0,0.0,0.0,0.0,100.0,0.0
836. 야곡집(冶谷集).xml,1595,1658,1893,1626,226,4.867256637168142,11.061946902654867,0.0,15.486725663716813,5.3097345132743365,17.25663716814159,31.858407079646017,14.15929203539823
855. 서귀유고(西歸遺藁).xml,1602,1662,1876,1632,348,2.8735632183908044,0.28735632183908044,0.0,6.321839080459771,5.459770114942529,4.885057471264368,75.28735632183908,4.885057471264368
841. 상곡집(商谷集).xml,1597,1668,1798,1632,250,0.4,4.3999999999999995,0.0,1.2,1.2,0.0,92.0,0.8
814. 임곡집(林谷集).xml,1586,1657,1834,1621,497,3.0181086519114686,0.0,0.0,7.042253521126761,3.8229376257545273,6.237424547283702,75.65392354124748,4.225352112676056
923. 팔오헌집(八吾軒集).xml,1641,1707,1873,1674,309,1.9417475728155338,5.501618122977346,0.0,6.796116504854369,2.26537216828479,4.207119741100324,77.02265372168284,2.26537216828479
826. 설정시집(雪汀詩集).xml,1590,1647,,1618,799,0.0,0.0,0.0,0.0,0.5006257822277848,0.0,99.49937421777221,0.0
915. 모암집(茅庵集).xml,1635,1707,1873,1671,199,6.532663316582915,1.507537688442211,0.0,8.040201005025125,0.5025125628140703,7.537688442211055,73.36683417085426,2.512562814070352
928. 구천유고(龜川遺稿).xml,1642,1718,,1680,910,0.0,0.0,0.0,0.0,0.0,5.274725274725275,0.0,94.72527472527472
939. 수초당집(遂初堂集).xml,1651,1726,1869,1688,225,4.0,13.777777777777779,0.0,2.2222222222222223,2.666666666666667,34.66666666666667,38.666666666666664,4.0
828. 분서집(汾西集).xml,1592,1645,1682,1618,479,2.2964509394572024,0.20876826722338201,0.0,3.1315240083507305,5.010438413361169,0.6263048016701461,84.13361169102296,4.592901878914405
829. 소은유고(素隱遺稿).xml,1592,1661,1696,1626,160,5.625,0.625,0.0,1.25,2.5,0.0,80.0,10.0
926. 구소집(鳩巢集).xml,1642,1708,1890,1675,218,1.3761467889908259,3.669724770642202,0.0,8.256880733944955,0.9174311926605505,0.9174311926605505,83.4862385321101,1.3761467889908259
831. 청봉집(晴峯集).xml,1594,1660,1673,1627,540,0.0,1.8518518518518516,0.0,0.0,0.3703703703703704,0.0,97.03703703703704,0.7407407407407408
937. 관복재유고(觀復齋遺稿).xml,1649,1704,,1676,516,0.3875968992248062,67.82945736434108,0.0,0.1937984496124031,1.1627906976744187,0.3875968992248062,27.71317829457364,2.3255813953488373
934. 정재집(靜齋集).xml,1646,1701,1937,1673,225,7.555555555555555,35.11111111111111,0.0,23.11111111111111,1.3333333333333335,12.444444444444445,13.777777777777779,6.666666666666667
935. 양와집(養窩集).xml,1646,1700,,1673,992,3.326612903225806,0.8064516129032258,0.0,2.721774193548387,2.217741935483871,7.056451612903227,72.27822580645162,11.59274193548387
832. 석병집(石屛集).xml,1594,1669,1913,1631,298,0.0,4.697986577181208,0.0,1.342281879194631,1.006711409395973,0.33557046979865773,87.91946308724832,4.697986577181208
938. 봉곡집(鳳谷集).xml,1650,1692,1905,1671,162,5.555555555555555,5.555555555555555,0.0,8.024691358024691,1.2345679012345678,13.580246913580247,59.25925925925925,6.790123456790123
931. 동강유고(東岡遺稿).xml,1646,1730,1858,1688,186,11.29032258064516,0.0,0.0,11.827956989247312,4.838709677419355,31.182795698924732,37.634408602150536,3.225806451612903
936. 시와유고(是窩遺稿).xml,1646,1687,1739,1666,188,2.6595744680851063,14.361702127659576,0.0,6.914893617021277,3.1914893617021276,0.0,67.02127659574468,5.851063829787234
943. 기봉집(碁峯集).xml,1653,1704,1764,1678,203,1.9704433497536946,15.763546798029557,0.0,5.911330049261084,0.9852216748768473,0.0,74.38423645320196,0.9852216748768473
878. 요은집(鬧隱集).xml,1617,1678,1792,1647,89,3.3707865168539324,0.0,0.0,3.3707865168539324,5.617977528089887,0.0,73.03370786516854,14.606741573033707
827. 한사집(寒沙集).xml,1591,1658,1870,1624,336,3.571428571428571,7.440476190476191,0.0,17.857142857142858,3.571428571428571,0.5952380952380952,64.58333333333334,2.380952380952381
925. 박천집(博泉集).xml,1641,1698,1721,1669,817,1.591187270501836,4.8959608323133414,0.0,1.7135862913096693,5.385556915544676,0.0,83.5985312117503,2.8151774785801713
821. 둔계유편(遯溪遺編).xml,1588,1661,1679,1624,70,2.857142857142857,4.285714285714286,0.0,10.0,32.857142857142854,15.714285714285714,0.0,34.285714285714285
820. 묵수당집(嘿守堂集).xml,1588,1641,,1614,364,0.0,4.670329670329671,0.0,1.9230769230769231,5.21978021978022,6.318681318681318,66.48351648351648,15.384615384615385
816. 화포유고(花浦遺稿).xml,1586,1637,1709,1611,115,4.3478260869565215,8.695652173913043,0.0,3.4782608695652173,2.608695652173913,0.8695652173913043,73.91304347826086,6.086956521739131
819. 둔헌집(遯軒集).xml,1588,1671,1890,1629,491,0.40733197556008144,1.2219959266802443,0.0,0.20366598778004072,0.40733197556008144,0.40733197556008144,96.5376782077393,0.8146639511201629
823. 나재집(懶齋集).xml,1589,1659,,1624,242,4.958677685950414,10.330578512396695,0.0,12.8099173553719,4.132231404958678,14.46280991735537,50.82644628099173,2.479338842975207
822. 조은집(釣隱集).xml,1589,1662,1780,1625,128,8.59375,0.0,0.0,10.9375,4.6875,0.78125,71.875,3.125
812. 천묵유고(天默遺稿).xml,1585,1645,1713,1615,141,2.127659574468085,24.822695035460992,0.0,12.76595744680851,1.4184397163120568,3.546099290780142,49.645390070921984,5.673758865248227
817. 무주일고(無住逸稿).xml,1586,1646,,1616,97,2.0618556701030926,12.371134020618557,0.0,8.24742268041237,0.0,1.0309278350515463,72.16494845360825,4.123711340206185
813. 백석유고(白石遺稿).xml,1585,1651,,1618,279,1.4336917562724014,15.412186379928317,0.0,4.659498207885305,3.225806451612903,10.39426523297491,56.272401433691755,8.60215053763441
824. 우교당유고(于郊堂遺稿).xml,1590,1666,1922,1628,658,0.60790273556231,0.0,0.0,0.7598784194528876,0.4559270516717325,1.21580547112462,96.35258358662614,0.60790273556231
905. 구봉집(九峯集).xml,1630,1680,,1655,253,0.3952569169960474,2.371541501976284,0.0,1.185770750988142,0.7905138339920948,0.3952569169960474,93.67588932806325,1.185770750988142
818. 현암유고(玄巖遺稿).xml,1587,1656,1675,1621,258,0.7751937984496124,0.3875968992248062,0.0,0.0,1.1627906976744187,0.7751937984496124,92.24806201550388,4.651162790697675
805. 무민당집(无悶堂集).xml,1583,1640,1814,1611,350,2.0,0.2857142857142857,0.0,6.857142857142858,2.0,11.714285714285715,46.285714285714285,30.857142857142854
830. 만사고(晩沙稿).xml,1593,1662,1759,1627,181,2.209944751381215,56.9060773480663,0.0,7.734806629834254,0.5524861878453038,0.0,29.83425414364641,2.7624309392265194
834. 소전집(少痊集).xml,1595,1658,,1626,172,1.1627906976744187,11.046511627906977,0.0,2.3255813953488373,0.0,8.720930232558139,74.4186046511628,2.3255813953488373
833. 수은유집(睡隱遺集).xml,1595,1660,1771,1627,102,8.823529411764707,0.0,0.0,10.784313725490197,2.941176470588235,9.803921568627452,64.70588235294117,2.941176470588235
801. 추산집(秋山集).xml,1582,1646,1846,1614,161,2.484472049689441,5.590062111801243,0.0,2.484472049689441,4.968944099378882,1.8633540372670807,78.88198757763976,3.7267080745341614
810. 청하집(靑霞集).xml,1585,1659,1720,1622,245,1.2244897959183674,0.0,0.0,0.8163265306122449,3.2653061224489797,0.0,92.65306122448979,2.0408163265306123
803. 현주집(玄洲集).xml,1582,1657,,1619,576,2.083333333333333,4.513888888888888,0.0,1.9097222222222223,2.7777777777777777,0.0,88.02083333333334,0.6944444444444444
797. 월봉집(月峯集).xml,1578,1636,1864,1607,177,2.2598870056497176,31.07344632768362,0.0,3.389830508474576,3.389830508474576,0.0,59.32203389830508,0.5649717514124294
809. 남간집선(南磵集選).xml,1584,1638,1799,1611,108,2.7777777777777777,0.0,0.0,0.0,5.555555555555555,0.0,86.11111111111111,5.555555555555555
804. 시암집(時庵集).xml,1582,1657,1845,1619,237,2.109704641350211,0.8438818565400843,0.0,14.345991561181433,2.5316455696202533,31.223628691983123,44.72573839662447,4.219409282700422
800. 하음집(河陰集).xml,1580,1639,1835,1609,587,1.7035775127768313,2.72572402044293,0.0,5.110732538330494,0.5110732538330494,14.139693356047701,73.08347529812606,2.72572402044293
792. 만오집(晩悟集).xml,1576,1631,1927,1603,313,2.5559105431309903,21.405750798722046,0.0,5.111821086261981,1.9169329073482428,12.140575079872203,54.31309904153354,2.5559105431309903
811. 태천집(苔川集).xml,1585,1639,,1612,319,1.5673981191222568,2.507836990595611,0.0,1.2539184952978055,0.9404388714733543,0.0,92.16300940438872,1.5673981191222568
796. 석문집(石門集).xml,1577,1650,1821,1613,377,1.8567639257294428,0.5305039787798408,0.0,3.978779840848806,1.3262599469496021,1.8567639257294428,89.38992042440319,1.0610079575596816
786. 청풍자집(淸風子集).xml,1571,1629,1760,1600,417,1.9184652278177456,0.0,0.0,2.158273381294964,0.9592326139088728,5.275779376498801,88.72901678657075,0.9592326139088728
808. 수북유고(水北遺稿).xml,1584,1647,1805,1615,353,0.84985835694051,4.2492917847025495,0.0,1.69971671388102,0.56657223796034,0.28328611898017,90.6515580736544,1.69971671388102
791. 동계집(東溪集).xml,1575,1644,1875,1609,377,3.183023872679045,7.6923076923076925,0.0,9.549071618037134,0.7957559681697612,12.46684350132626,63.395225464190986,2.9177718832891246
799. 수암집(修巖集).xml,1582,1635,1773,1608,213,2.8169014084507045,1.4084507042253522,0.0,16.901408450704224,0.9389671361502347,31.92488262910798,40.375586854460096,5.633802816901409
789. 등암집(藤庵集).xml,1574,1655,1859,1614,339,2.949852507374631,0.0,0.0,20.943952802359885,1.1799410029498525,21.828908554572273,48.96755162241888,4.129793510324483
793. 쌍봉집(雙峯集).xml,1577,1658,1809,1617,196,3.571428571428571,5.1020408163265305,0.0,14.795918367346939,6.122448979591836,1.0204081632653061,59.183673469387756,10.204081632653061
788. 잠와유고(潛窩遺稿).xml,1572,1630,,1601,195,2.051282051282051,4.615384615384616,0.0,7.6923076923076925,2.564102564102564,2.564102564102564,79.48717948717949,1.0256410256410255
807. 죽유시집(竹牖詩集).xml,1584,1663,1668,1623,247,1.214574898785425,0.0,0.0,2.42914979757085,0.4048582995951417,0.0,95.1417004048583,0.8097165991902834
795. 망와집(忘窩集).xml,1577,1648,,1612,534,1.1235955056179776,6.741573033707865,0.0,3.7453183520599254,0.18726591760299627,2.8089887640449436,84.6441947565543,0.7490636704119851
794. 죽로집(竹老集).xml,1576,1643,,1609,111,3.6036036036036037,0.9009009009009009,0.0,0.9009009009009009,9.90990990990991,3.6036036036036037,75.67567567567568,5.405405405405405
806. 백담유집(白潭遺集).xml,1583,1650,1807,1616,179,2.2346368715083798,1.675977653631285,0.0,10.05586592178771,2.2346368715083798,0.0,82.68156424581005,1.1173184357541899
802. 금암집(琴巖集).xml,1582,1612,1616,1597,111,0.0,0.0,0.0,0.0,1.8018018018018018,0.0,97.2972972972973,0.9009009009009009
784. 관포집(灌圃集).xml,1571,1642,1846,1606,174,0.5747126436781609,3.4482758620689653,0.0,1.7241379310344827,1.1494252873563218,0.0,88.50574712643679,4.597701149425287
787. 국담집(菊潭集).xml,1572,1652,,1612,97,4.123711340206185,1.0309278350515463,0.0,2.0618556701030926,8.24742268041237,0.0,73.19587628865979,11.34020618556701
1188. 온유재집(溫裕齋集).xml,1791,1870,1879,1830,259,6.563706563706563,0.0,0.0,1.5444015444015444,3.861003861003861,9.266409266409266,73.35907335907336,5.405405405405405
1167. 관암전서(冠巖全書).xml,1774,1851,,1812,766,2.3498694516971277,9.530026109660575,0.0,8.355091383812011,19.5822454308094,7.180156657963447,31.20104438642298,21.801566579634464
1166. 호고와집(好古窩集).xml,1773,1832,1896,1802,588,1.530612244897959,0.17006802721088435,0.0,4.2517006802721085,2.2108843537414966,22.448979591836736,55.952380952380956,13.435374149659864
1164. 난국재집(蘭菊齋集).xml,1772,1837,1851,1804,147,5.442176870748299,0.0,0.0,19.047619047619047,4.761904761904762,10.884353741496598,54.421768707483,5.442176870748299
1187. 고계집(古溪集).xml,1788,1861,1897,1824,261,12.260536398467432,1.9157088122605364,0.0,12.260536398467432,14.17624521072797,11.11111111111111,45.593869731800766,2.681992337164751
1178. 신와집(愼窩集).xml,1781,1858,1903,1819,230,4.782608695652174,1.3043478260869565,0.0,19.130434782608695,12.173913043478262,33.47826086956522,13.91304347826087,15.217391304347828
1171. 제암집(制庵集).xml,1774,1848,1873,1811,371,5.121293800539084,0.2695417789757413,0.0,7.547169811320755,4.31266846361186,12.668463611859837,64.42048517520216,5.660377358490567
1163. 정일당유고(靜一堂遺稿).xml,1772,1832,1836,1802,95,8.421052631578947,0.0,0.0,5.263157894736842,7.368421052631578,12.631578947368421,54.736842105263165,11.578947368421053
1180. 서소집(書巢集).xml,1783,1866,1900,1824,173,8.092485549132949,2.8901734104046244,0.0,13.872832369942195,4.046242774566474,5.780346820809249,57.22543352601156,8.092485549132949
1182. 동리집(東里集).xml,1783,1853,1884,1818,272,2.2058823529411766,0.3676470588235294,0.0,14.338235294117647,5.514705882352941,16.176470588235293,60.66176470588235,0.7352941176470588
1173. 활수옹유고(活水翁遺稿).xml,1779,1865,1882,1822,131,9.16030534351145,1.5267175572519083,0.0,2.2900763358778624,3.0534351145038165,6.870229007633588,61.832061068702295,15.267175572519085
1168. 송서집(松西集).xml,1773,1834,1926,1803,330,2.4242424242424243,1.2121212121212122,0.0,9.393939393939393,2.4242424242424243,17.87878787878788,62.121212121212125,4.545454545454546
1169. 초암전집(初庵全集).xml,1774,1842,1901,1808,364,18.681318681318682,0.5494505494505495,0.0,11.813186813186812,3.8461538461538463,12.637362637362637,48.62637362637363,3.8461538461538463
1189. 순재고(純齋稿).xml,1790,1834,1836,1812,1117,0.08952551477170993,74.93285586392122,0.0,3.849597135183527,0.7162041181736795,0.0,14.861235452103848,5.550581915846016
1181. 정수재유고(靜修齋遺稿).xml,1783,1830,1878,1806,189,0.5291005291005291,1.0582010582010581,0.0,4.761904761904762,6.349206349206349,2.1164021164021163,70.37037037037037,14.814814814814813
1174. 경암집(敬菴集).xml,1778,1864,1885,1821,513,7.212475633528265,0.0,0.0,2.729044834307992,2.53411306042885,17.73879142300195,64.32748538011695,5.458089668615984
1186. 만희집(晩羲集).xml,1788,1860,1895,1824,781,1.0243277848911652,0.6402048655569782,0.0,0.6402048655569782,5.633802816901409,2.4327784891165174,79.00128040973111,10.627400768245838
1162. 중암고(重菴稿).xml,1769,1801,,1785,280,1.4285714285714286,2.857142857142857,0.0,1.0714285714285714,8.928571428571429,1.4285714285714286,60.357142857142854,23.92857142857143
1179. 수정재집(壽靜齋集).xml,1782,1839,1900,1810,415,1.9277108433734942,0.0,0.0,12.530120481927712,1.2048192771084338,35.903614457831324,44.57831325301205,3.8554216867469884
1184. 보산집(甫山集).xml,1787,1868,1877,1827,470,0.851063829787234,1.702127659574468,0.0,2.553191489361702,1.4893617021276597,0.0,92.12765957446808,1.276595744680851
1177. 둔오집(屯塢集).xml,1781,1859,1872,1820,255,19.607843137254903,0.0,0.0,4.313725490196078,6.666666666666667,33.33333333333333,22.745098039215687,13.333333333333334
1172. 몽관시고(夢觀詩稿).xml,1778,1853,1891,1815,289,0.0,0.0,0.0,0.0,1.0380622837370241,0.0,98.96193771626297,0.0
1159. 대야집(大埜集).xml,1768,1834,,1801,277,2.888086642599278,0.0,0.0,11.913357400722022,3.6101083032490973,46.57039711191336,25.27075812274368,9.747292418772563
1170. 소암집(所菴集).xml,1774,1840,1904,1807,581,5.507745266781412,0.0,0.0,8.433734939759036,4.130808950086059,51.29087779690189,20.65404475043029,9.982788296041308
1138. 신야집(新野集).xml,1758,1833,,1795,489,8.588957055214724,0.0,0.0,8.588957055214724,5.112474437627812,14.92842535787321,56.850715746421265,5.930470347648262
1144. 도계유고(陶溪遺稿).xml,1760,1826,,1793,217,3.225806451612903,0.0,0.0,9.67741935483871,4.6082949308755765,8.294930875576037,71.42857142857143,2.7649769585253456
1127. 치암집(癡庵集).xml,1748,1812,1860,1780,573,5.93368237347295,0.5235602094240838,0.0,5.5846422338568935,6.980802792321117,8.726003490401396,61.43106457242583,10.820244328097731
1137. 산목헌집(山木軒集).xml,1757,1821,1833,1789,454,5.726872246696035,14.977973568281937,0.0,13.215859030837004,5.947136563876652,0.0,41.85022026431718,18.28193832599119
1133. 궁오집(窮悟集).xml,1754,1822,,1788,544,2.941176470588235,0.3676470588235294,0.0,1.8382352941176472,3.4926470588235294,2.5735294117647056,87.31617647058823,1.4705882352941175
1154. 눌와집(訥窩集).xml,1765,1836,1934,1800,472,1.694915254237288,0.211864406779661,0.0,5.508474576271186,1.059322033898305,15.889830508474576,74.57627118644068,1.059322033898305
1135. 족수당집(足睡堂集).xml,1755,1812,1824,1783,547,0.3656307129798903,0.0,0.0,0.9140767824497258,0.5484460694698354,0.18281535648994515,97.07495429616088,0.9140767824497258
1143. 성재집(誠齋集).xml,1760,1821,,1790,280,2.5,0.0,0.0,14.285714285714285,1.4285714285714286,62.5,13.214285714285715,6.071428571428571
1160. 수계집(修溪集).xml,1768,1834,1865,1801,402,2.9850746268656714,1.4925373134328357,0.0,8.955223880597014,3.731343283582089,21.393034825870647,50.99502487562189,10.44776119402985
1153. 돈암집(敦巖集).xml,1765,1817,,1791,297,3.7037037037037033,46.464646464646464,0.0,6.7340067340067336,2.6936026936026933,12.794612794612794,25.252525252525253,2.356902356902357
1139. 현와집(弦窩集).xml,1757,1827,1897,1792,312,0.9615384615384616,0.9615384615384616,0.0,12.179487179487179,7.371794871794872,16.666666666666664,57.37179487179487,4.487179487179487
1142. 갈천집(葛川集).xml,1760,1830,1903,1795,262,7.633587786259542,3.435114503816794,0.0,12.977099236641221,5.343511450381679,12.977099236641221,48.854961832061065,8.778625954198473
1156. 백하집(白下集).xml,1766,1840,1909,1803,373,6.434316353887399,1.6085790884718498,0.0,12.868632707774799,4.021447721179625,11.26005361930295,61.93029490616622,1.876675603217158
1145. 좌소산인집(左蘇山人集).xml,1762,1822,,1792,178,2.247191011235955,0.0,0.0,3.3707865168539324,5.056179775280898,10.674157303370785,57.865168539325836,20.786516853932586
1149. 학서집(鶴棲集).xml,1763,1837,,1800,521,12.667946257197697,3.8387715930902107,0.0,17.65834932821497,6.525911708253358,10.36468330134357,36.2763915547025,12.667946257197697
1152. 수와집(守窩集).xml,1765,1842,1906,1803,209,4.30622009569378,0.9569377990430622,0.0,10.526315789473683,8.133971291866029,13.875598086124402,42.10526315789473,20.095693779904305
1151. 해은유고(海隱遺稿).xml,1764,1848,1895,1806,544,16.176470588235293,0.1838235294117647,0.0,5.147058823529411,14.705882352941178,22.610294117647058,24.816176470588236,16.360294117647058
1155. 냉천유고(冷泉遺稿).xml,1766,1815,1895,1790,183,3.278688524590164,0.0,0.0,9.289617486338798,0.546448087431694,41.53005464480874,43.169398907103826,2.185792349726776
1157. 송월만록(松月漫錄).xml,1767,1822,,1794,1064,0.0,0.0,0.0,0.0,0.0,0.0,100.0,0.0
1150. 일포집(逸圃集).xml,1764,1842,,1803,417,5.0359712230215825,1.1990407673860912,0.0,13.189448441247004,5.755395683453238,2.3980815347721824,60.19184652278178,12.23021582733813
1161. 운곡집(雲谷集).xml,1768,1850,1899,1809,530,6.415094339622642,6.7924528301886795,0.0,14.150943396226415,3.5849056603773586,13.773584905660377,42.83018867924528,12.452830188679245
1158. 삼명시집(三溟詩集).xml,1768,1833,,1800,1263,0.0,0.0,0.0,0.0,0.0791765637371338,0.0,99.92082343626286,0.0
1146. 강고집(江皐集).xml,1762,1834,1852,1798,656,11.585365853658537,0.9146341463414633,0.0,14.176829268292682,6.554878048780488,39.9390243902439,23.01829268292683,3.8109756097560976
1147. 수재유고(壽齋遺稿).xml,1762,1787,,1774,172,1.1627906976744187,34.883720930232556,0.0,5.813953488372093,1.744186046511628,6.976744186046512,40.116279069767444,9.30232558139535
1148. 질암집(質菴集).xml,1762,1813,1930,1787,121,3.3057851239669422,19.834710743801654,0.0,11.570247933884298,3.3057851239669422,11.570247933884298,38.84297520661157,11.570247933884298
1165. 문산집(文山集).xml,1772,1839,1870,1805,618,0.0,0.0,0.0,2.5889967637540456,1.9417475728155338,4.368932038834951,89.32038834951457,1.779935275080906
1141. 괴담유고(槐潭遺稿).xml,1759,1789,1811,1774,69,4.3478260869565215,0.0,0.0,18.84057971014493,11.594202898550725,15.942028985507244,26.08695652173913,23.18840579710145
1131. 광뢰집(廣瀨集).xml,1755,1831,,1793,487,6.7761806981519515,0.0,0.0,8.213552361396303,4.722792607802875,31.416837782340863,41.889117043121146,6.981519507186857
1136. 일엄유고(一广遺稿).xml,1756,1822,1853,1789,288,0.6944444444444444,0.0,0.0,1.3888888888888888,2.7777777777777777,0.0,89.58333333333334,5.555555555555555
1070. 성당집(性堂集).xml,1719,1793,1845,1756,137,2.18978102189781,4.37956204379562,0.0,8.75912408759124,2.18978102189781,17.51824817518248,62.04379562043796,2.9197080291970803
1129. 열암집(悅菴集).xml,1750,1828,1836,1789,385,1.0389610389610389,0.0,0.0,6.753246753246753,3.896103896103896,27.532467532467532,54.285714285714285,6.493506493506493
1066. 밀암집(密菴集).xml,1716,1774,1939,1745,192,2.083333333333333,0.5208333333333333,0.0,6.25,0.5208333333333333,35.9375,39.58333333333333,15.104166666666666
1125. 구암집(龜巖集).xml,1745,1802,1820,1773,275,7.2727272727272725,0.36363636363636365,0.0,3.272727272727273,6.545454545454546,19.636363636363637,39.63636363636363,23.272727272727273
1053. 하지유집(下枝遺集).xml,1710,1772,1793,1741,256,1.171875,0.0,0.0,16.796875,5.46875,19.53125,48.4375,8.59375
1067. 나와집(懶窩集).xml,1716,1797,1912,1756,366,2.459016393442623,0.546448087431694,0.0,3.0054644808743167,3.278688524590164,32.51366120218579,57.103825136612016,1.092896174863388
1130. 화산집(華山集).xml,1751,1824,1830,1787,306,2.6143790849673203,1.9607843137254901,0.0,7.516339869281046,2.941176470588235,10.784313725490197,64.05228758169935,10.130718954248366
1068. 경현재집(警弦齋集).xml,1717,1786,1840,1751,293,3.4129692832764507,0.6825938566552902,0.0,1.023890784982935,1.3651877133105803,1.023890784982935,89.07849829351537,3.4129692832764507
1064. 쌍백당유고(雙柏堂遺稿).xml,1714,1799,,1756,478,0.0,0.0,0.0,1.0460251046025104,1.2552301255230125,0.20920502092050208,96.23430962343096,1.2552301255230125
1077. 약재집(約齋集).xml,1723,1772,1811,1747,212,0.4716981132075472,0.0,0.0,4.245283018867925,4.716981132075472,41.509433962264154,34.43396226415094,14.622641509433961
1123. 태호집(太湖集).xml,1744,1807,1840,1775,336,1.7857142857142856,1.488095238095238,0.0,13.690476190476192,4.166666666666666,3.571428571428571,70.53571428571429,4.761904761904762
1050. 평암집(平庵集).xml,1710,1767,1878,1738,271,3.3210332103321036,3.3210332103321036,0.0,9.22509225092251,4.428044280442804,7.7490774907749085,60.88560885608856,11.07011070110701
1128. 박옹시초(泊翁詩鈔).xml,1750,1836,1860,1793,727,0.0,0.0,0.0,0.0,1.1004126547455295,0.0,98.89958734525447,0.0
1065. 위암집(韋庵集).xml,1715,1784,,1749,311,7.07395498392283,12.861736334405144,0.0,5.144694533762058,0.6430868167202572,3.215434083601286,69.77491961414792,1.2861736334405145
1055. 봉록집(鳳麓集).xml,1712,1774,1778,1743,358,2.5139664804469275,0.0,0.0,3.910614525139665,1.675977653631285,0.8379888268156425,90.5027932960894,0.5586592178770949
1111. 가정유고(柯汀遺稿).xml,1739,1808,1847,1773,367,7.3569482288828345,17.166212534059948,0.0,2.997275204359673,3.2697547683923704,0.0,62.39782016348774,6.811989100817439
1054. 누실집(陋室集.xml,1711,1794,1903,1752,162,3.0864197530864197,0.0,0.0,17.28395061728395,1.8518518518518516,24.691358024691358,50.617283950617285,2.4691358024691357
1062. 단릉유고(丹陵遺稿).xml,1714,1759,1779,1736,564,0.7092198581560284,1.773049645390071,0.0,6.73758865248227,1.0638297872340425,0.0,81.56028368794325,8.156028368794328
1061. 이계집(尼溪集).xml,1713,1785,1893,1749,646,1.393188854489164,0.0,0.0,4.024767801857585,4.179566563467492,1.238390092879257,88.08049535603715,1.08359133126935
1134. 근와집(近窩集).xml,1755,1822,1960,1788,212,2.8301886792452833,0.0,0.0,15.566037735849056,3.30188679245283,32.075471698113205,39.15094339622642,7.0754716981132075
1069. 해악집(海嶽集).xml,1718,1764,1801,1741,288,0.6944444444444444,4.513888888888888,0.0,6.597222222222222,2.083333333333333,1.7361111111111112,70.48611111111111,13.88888888888889
1122. 사헌집(思軒集).xml,1744,1835,1860,1789,243,2.05761316872428,1.646090534979424,0.0,18.51851851851852,5.761316872427984,9.876543209876543,58.0246913580247,4.11522633744856
1132. 눌암집(訥菴集).xml,1754,1819,1908,1786,391,16.36828644501279,1.0230179028132993,0.0,4.859335038363171,5.115089514066496,39.38618925831202,29.923273657289002,3.324808184143223
1063. 유심재집(有心齋集).xml,1714,1781,,1747,131,6.870229007633588,0.0,0.0,8.396946564885496,2.2900763358778624,67.93893129770993,0.0,14.50381679389313
1124. 정와집(貞窩集).xml,1744,1818,,1781,501,6.187624750499002,0.0,0.0,3.792415169660679,5.9880239520958085,11.377245508982035,71.25748502994011,1.3972055888223553
1056. 농수집(農叟集).xml,1712,1779,1896,1745,190,1.5789473684210527,0.0,0.0,1.5789473684210527,4.2105263157894735,21.578947368421055,66.3157894736842,4.736842105263158
1126. 화천집(華泉集).xml,1745,1820,1886,1782,505,9.900990099009901,2.5742574257425743,0.0,12.871287128712872,5.544554455445545,22.37623762376238,41.18811881188119,5.544554455445545
1114. 지애집(芝厓集).xml,1740,1811,1845,1775,287,5.574912891986063,0.0,0.0,17.073170731707318,1.7421602787456445,13.240418118466899,56.79442508710801,5.574912891986063
1115. 전암집(典庵集).xml,1741,1816,1927,1778,443,2.4830699774266365,0.0,0.0,2.708803611738149,3.3860045146726865,9.255079006772009,75.39503386004515,6.772009029345373
1101. 동야집(東埜集).xml,1734,1799,1845,1766,392,6.887755102040815,1.0204081632653061,0.0,9.693877551020408,6.377551020408164,9.948979591836734,54.8469387755102,11.224489795918368
1112. 치서집(菑墅集).xml,1739,1821,,1780,249,20.481927710843372,0.0,0.0,7.630522088353414,2.4096385542168677,1.2048192771084338,63.45381526104418,4.819277108433735
1106. 덕봉집(德峯集).xml,1738,1805,1902,1771,201,4.477611940298507,5.970149253731343,0.0,11.940298507462686,2.9850746268656714,24.875621890547265,45.77114427860697,3.9800995024875623
1110. 면암집(俛庵集).xml,1739,1810,1876,1774,407,4.176904176904177,0.0,0.0,3.9312039312039313,2.211302211302211,59.95085995085995,24.815724815724817,4.914004914004914
1119. 우원집(尤園集).xml,1743,1807,,1775,222,3.6036036036036037,0.9009009009009009,0.0,15.315315315315313,1.8018018018018018,24.774774774774773,46.846846846846844,6.756756756756757
1121. 호곡집(壺谷集).xml,1744,1823,1900,1783,354,7.344632768361582,0.0,0.0,6.779661016949152,4.23728813559322,70.62146892655367,7.062146892655368,3.954802259887006
1109. 구암집(懼庵集).xml,1739,1822,1860,1780,496,2.82258064516129,0.4032258064516129,0.0,7.661290322580645,2.620967741935484,5.443548387096774,74.79838709677419,6.25
1100. 이재집(頤齋集).xml,1733,1805,1836,1769,296,6.081081081081082,0.6756756756756757,0.0,10.81081081081081,14.18918918918919,8.108108108108109,31.756756756756754,28.37837837837838
1104. 탁계집(濯溪集).xml,1736,1811,1828,1773,219,5.93607305936073,0.0,0.0,10.95890410958904,3.1963470319634704,38.81278538812785,26.94063926940639,14.15525114155251
1113. 학림집(鶴林集).xml,1740,1808,1844,1774,625,1.6,0.8,0.0,9.28,4.96,27.200000000000003,52.0,4.16
1102. 국헌집(菊軒集).xml,1734,1765,,1749,16,6.25,6.25,0.0,31.25,12.5,18.75,18.75,6.25
1099. 나산집(蘿山集).xml,1731,1809,1859,1770,209,2.8708133971291865,2.3923444976076556,0.0,11.483253588516746,7.177033492822966,59.33014354066985,0.0,16.74641148325359
1107. 구와집(龜窩集).xml,1739,1816,1846,1777,471,17.40976645435244,4.670912951167728,0.0,13.800424628450106,9.978768577494693,26.751592356687897,23.142250530785564,4.246284501061571
1105. 검암산인시집(儉巖山人詩集).xml,1738,1801,1814,1769,290,0.0,0.0,0.0,0.0,0.6896551724137931,0.0,99.3103448275862,0.0
1098. 회병집(晦屛集).xml,1731,1812,,1771,457,6.564551422319474,0.0,0.0,6.3457330415754925,4.595185995623632,35.22975929978118,41.13785557986871,6.12691466083151
1108. 두와집(蠹窩集).xml,1739,1812,1908,1775,420,6.666666666666667,0.9523809523809524,0.0,6.666666666666667,9.285714285714286,24.285714285714285,44.761904761904766,7.380952380952381
1090. 우고집(雨皐集).xml,1728,1812,,1770,279,8.24372759856631,0.0,0.0,13.261648745519713,6.810035842293908,34.76702508960574,35.842293906810035,1.0752688172043012
1118. 제암집(濟庵集).xml,1743,1791,,1767,334,0.5988023952095809,0.29940119760479045,0.0,9.880239520958083,0.8982035928143712,34.73053892215569,49.700598802395206,3.8922155688622757
1120. 손재집(損齋集).xml,1744,1809,,1776,546,1.465201465201465,0.0,0.0,4.945054945054945,0.5494505494505495,67.58241758241759,22.52747252747253,2.93040293040293
1103. 만취정유고(晩翠亭遺稿).xml,1735,1801,,1768,132,0.7575757575757576,0.0,0.0,3.0303030303030303,3.0303030303030303,9.848484848484848,68.18181818181817,15.151515151515152
1116. 가암유고(可庵遺稿).xml,1740,1786,,1763,888,1.5765765765765765,4.617117117117117,0.0,2.815315315315315,0.9009009009009009,19.03153153153153,66.21621621621621,4.842342342342342
1117. 안와유고(安窩遺稿).xml,1729,1777,1787,1753,342,0.0,8.771929824561402,0.0,6.725146198830409,2.923976608187134,0.0,77.77777777777779,3.8011695906432745
1075. 후산집(后山集).xml,1722,1797,1823,1759,348,3.7356321839080464,0.0,0.0,8.333333333333332,2.586206896551724,67.52873563218391,11.781609195402298,6.0344827586206895
1081. 운재유고(雲齋遺稿).xml,1724,1754,1831,1739,195,2.564102564102564,0.0,0.0,7.179487179487179,1.5384615384615385,2.051282051282051,86.66666666666667,0.0
1074. 석당유고(石堂遺稿).xml,1722,1788,1804,1755,549,2.5500910746812386,0.0,0.0,1.639344262295082,3.4608378870673953,1.639344262295082,83.7887067395264,6.9216757741347905
1073. 추담집(秋潭集).xml,1722,1779,1895,1750,139,3.597122302158273,4.316546762589928,0.0,3.597122302158273,3.597122302158273,7.913669064748201,70.50359712230215,6.474820143884892
1080. 동암집(東巖集).xml,1724,1796,1807,1760,322,6.832298136645963,0.0,0.0,9.627329192546584,3.7267080745341614,66.77018633540372,8.695652173913043,4.3478260869565215
1084. 퇴헌집(退軒集).xml,1725,1775,1824,1750,413,0.48426150121065376,3.389830508474576,0.0,3.87409200968523,0.7263922518159807,18.64406779661017,72.39709443099274,0.48426150121065376
1091. 최와집(最窩集).xml,1729,1791,1848,1760,198,5.05050505050505,3.535353535353535,0.0,11.616161616161616,2.0202020202020203,21.21212121212121,45.95959595959596,10.606060606060606
1076. 운계만고(雲溪漫稿).xml,1722,1787,,1754,532,3.571428571428571,11.466165413533833,0.0,7.7067669172932325,2.443609022556391,11.466165413533833,50.37593984962406,12.969924812030076
1086. 소암집(素巖集).xml,1727,1800,1880,1763,195,12.82051282051282,0.0,0.0,13.846153846153847,8.205128205128204,28.205128205128204,33.33333333333333,3.5897435897435894
1078. 천사집(川沙集).xml,1724,1797,1806,1760,609,0.6568144499178982,0.16420361247947454,0.0,5.582922824302135,2.6272577996715927,65.84564860426929,19.868637110016422,5.254515599343185
1083. 노우집(魯宇集).xml,1725,1789,1881,1757,297,1.6835016835016834,0.33670033670033667,0.0,13.131313131313133,1.0101010101010102,14.14141414141414,65.993265993266,3.7037037037037033
1082. 제헌집(霽軒集).xml,1725,1786,1786,1755,265,6.415094339622642,0.37735849056603776,0.0,4.905660377358491,6.415094339622642,3.7735849056603774,58.11320754716981,20.0
1096. 묵산집(默山集).xml,1730,1796,1874,1763,202,1.9801980198019802,2.4752475247524752,0.0,14.85148514851485,2.9702970297029703,14.356435643564355,59.900990099009896,3.4653465346534658
1094. 만곡집(晩谷集).xml,1729,1803,,1766,555,11.891891891891893,0.0,0.0,9.54954954954955,5.405405405405405,27.387387387387385,40.36036036036036,5.405405405405405
1088. 운호집(雲湖集).xml,1727,1796,1817,1761,75,6.666666666666667,0.0,0.0,8.0,6.666666666666667,60.0,0.0,18.666666666666668
1072. 윤지당유고(允摯堂遺稿).xml,1721,1793,1796,1757,39,10.256410256410255,0.0,0.0,7.6923076923076925,12.82051282051282,0.0,0.0,69.23076923076923
1097. 오룡재유고(五龍齋遺稿).xml,1731,1798,1801,1764,77,0.0,3.896103896103896,0.0,2.5974025974025974,3.896103896103896,32.467532467532465,53.246753246753244,3.896103896103896
1095. 임여재집(臨汝齋集).xml,1730,1808,1849,1769,404,10.396039603960396,0.24752475247524752,0.0,15.594059405940595,5.693069306930694,30.445544554455445,34.65346534653465,2.9702970297029703
1085. 오산집(梧山集).xml,1726,1781,1831,1753,170,6.470588235294119,0.0,0.0,12.352941176470589,4.117647058823529,28.823529411764703,42.94117647058823,5.294117647058823
1071. 반포유고(伴圃遺稿).xml,1721,1772,1813,1746,122,0.0,0.0,0.0,0.0,3.278688524590164,0.0,96.72131147540983,0.0
1092. 두암집(斗庵集).xml,1730,1802,1836,1766,232,21.982758620689655,1.7241379310344827,0.0,9.482758620689655,9.051724137931034,9.482758620689655,33.189655172413794,15.086206896551724
1087. 여와집(餘窩集).xml,1727,1810,,1768,1455,5.154639175257731,0.7560137457044673,0.0,1.443298969072165,4.742268041237113,0.8247422680412372,84.3298969072165,2.7491408934707904
1093. 소미산방장(少眉山房藏).xml,1729,1813,1852,1771,272,1.1029411764705883,0.3676470588235294,0.0,12.132352941176471,2.941176470588235,0.0,73.16176470588235,10.294117647058822
1079. 태을암집(太乙菴集).xml,1724,1799,1944,1761,449,1.55902004454343,1.1135857461024499,0.0,17.37193763919822,1.7817371937639197,23.608017817371937,50.779510022271715,3.78619153674833
1259. 소눌집(小訥集).xml,1855,1931,1933,1893,1981,13.932357395254922,0.05047955577990913,0.0,3.382130237253912,5.754669358909641,37.65774861181222,27.713276123170118,11.509338717819283
1247. 총쇄(叢瑣).xml,1834,1906,,1870,4521,0.0,2.8533510285335106,0.0,1.39349701393497,2.03494802034948,5.640345056403451,83.6319398363194,4.445919044459191
1208. 내헌집(耐軒集).xml,1804,1892,1907,1848,189,17.46031746031746,0.0,0.0,18.51851851851852,7.4074074074074066,19.047619047619047,32.804232804232804,4.761904761904762
1221. 운강집(雲岡集).xml,1814,1875,1894,1844,264,4.924242424242424,0.3787878787878788,0.0,7.575757575757576,4.545454545454546,42.42424242424242,28.030303030303028,12.121212121212121
1256. 대계집(大溪集).xml,1847,1916,1927,1881,1714,3.9089848308051343,0.40840140023337224,0.0,5.017502917152859,4.784130688448075,51.22520420070011,27.47957992998833,7.176196032672112
1218. 경헌집(敬軒集).xml,1809,1830,1836,1819,743,0.0,38.088829071332434,0.0,0.6729475100942126,0.8075370121130552,0.0,57.604306864064604,2.826379542395693
1246. 대계유고(大溪遺稿).xml,1835,1885,,1860,391,3.8363171355498724,0.0,0.2557544757033248,7.161125319693094,6.138107416879795,37.851662404092075,40.66496163682864,4.092071611253197
1214. 시암집(時庵集).xml,1807,1879,1894,1843,613,2.2838499184339316,0.3262642740619902,0.0,8.31973898858075,4.730831973898858,17.781402936378466,60.0326264274062,6.525285481239804
1245. 성암집(誠菴集).xml,1835,1899,1904,1867,693,3.0303030303030303,0.0,2.0202020202020203,3.318903318903319,4.040404040404041,32.467532467532465,47.04184704184704,8.080808080808081
1217. 운창집(芸窓集).xml,1809,1890,1930,1849,429,9.79020979020979,4.195804195804196,0.0,8.391608391608392,10.256410256410255,22.843822843822846,31.7016317016317,12.82051282051282
1244. 조암집(照菴集).xml,1831,1887,1903,1859,256,0.78125,0.0,0.0,5.859375,1.953125,52.734375,33.203125,5.46875
1222. 인산집(仁山集).xml,1814,1889,,1851,389,3.0848329048843186,0.2570694087403599,0.0,4.627249357326478,5.655526992287918,71.2082262210797,9.768637532133676,5.3984575835475574
1226. 역암집(櫟菴集).xml,1817,1891,1920,1854,518,3.088803088803089,3.667953667953668,0.0,11.96911196911197,5.019305019305019,13.320463320463322,57.91505791505791,5.019305019305019
1220. 이재집(頤齋集).xml,1813,1896,1906,1854,536,13.059701492537313,0.5597014925373134,0.0,9.14179104477612,7.649253731343284,32.83582089552239,29.850746268656714,6.902985074626866
1209. 해장집(海藏集).xml,1805,1865,1925,1835,1520,1.513157894736842,7.631578947368421,0.0,2.697368421052632,3.552631578947368,7.236842105263158,67.82894736842105,9.539473684210527
1249. 진계집(進溪集).xml,1838,1900,1925,1869,337,3.857566765578635,0.0,0.0,4.154302670623145,8.30860534124629,57.566765578635014,21.958456973293767,4.154302670623145
1223. 석산유고(石山遺稿).xml,1814,1880,1885,1847,660,1.9696969696969695,15.0,0.0,6.363636363636363,1.9696969696969695,1.6666666666666667,58.18181818181818,14.84848484848485
1252. 향산집(響山集).xml,1842,1910,1948,1876,855,21.28654970760234,0.0,1.2865497076023393,3.625730994152047,10.175438596491228,31.46198830409357,25.497076023391813,6.666666666666667
1258. 석릉집(石菱集).xml,1844,1890,1898,1867,130,16.923076923076923,6.153846153846154,0.0,1.5384615384615385,17.692307692307693,3.076923076923077,0.0,54.61538461538461
1251. 석간집(石澗集).xml,1839,1897,1916,1868,346,1.4450867052023122,0.0,0.0,11.560693641618498,2.023121387283237,52.601156069364166,29.47976878612717,2.8901734104046244
1257. 회당집(晦堂集).xml,1851,1926,1932,1888,1826,16.812705366922234,0.0,0.0,3.5049288061336252,9.200438116100766,36.473165388828036,16.64841182913472,17.360350492880613
1216. 사애집(沙厓集).xml,1808,1882,1933,1845,371,3.7735849056603774,2.15633423180593,0.0,2.15633423180593,1.6172506738544474,19.946091644204852,63.342318059299195,7.008086253369273
1227. 백후집(柏後集).xml,1818,1873,1896,1845,465,1.0752688172043012,0.21505376344086022,0.0,3.010752688172043,2.1505376344086025,27.741935483870968,64.08602150537635,1.7204301075268817
1224. 하거집(荷居集).xml,1816,1888,1888,1852,203,2.955665024630542,23.645320197044335,0.0,3.4482758620689653,3.9408866995073892,6.403940886699508,53.69458128078818,5.911330049261084
1250. 심석재집(心石齋集).xml,1839,1912,1912,1875,1414,15.205091937765205,0.07072135785007072,0.0,1.4851485148514851,5.9405940594059405,25.247524752475247,37.12871287128713,14.92220650636492
1253. 노백헌집(老柏軒集).xml,1843,1911,1912,1877,1898,9.58904109589041,0.0,0.0,2.897787144362487,5.690200210748156,50.526870389884095,20.916754478398314,10.379346680716543
1210. 교정시집(皎亭詩集).xml,1807,1888,1906,1847,308,0.0,0.0,0.0,0.0,0.974025974025974,0.0,98.7012987012987,0.3246753246753247
1231. 어당집(峿堂集).xml,1820,1882,1900,1851,1202,2.329450915141431,0.0,0.8319467554076538,2.246256239600666,8.153078202995008,13.560732113144757,58.15307820299501,14.725457570715475
1229. 입재집(立齋集).xml,1818,1902,1905년 이후,1860,858,13.636363636363635,0.0,8.391608391608392,5.827505827505827,6.643356643356643,34.032634032634036,25.757575757575758,5.710955710955711
1240. 임재집(臨齋集).xml,1825,1905,1910,1865,634,4.574132492113565,0.0,0.15772870662460567,3.943217665615142,7.413249211356467,55.83596214511041,20.82018927444795,7.255520504731862
1239. 척암집(拓菴集).xml,1825,1912,1917,1868,1786,21.612541993281077,0.0,0.6159014557670772,6.159014557670773,11.87010078387458,25.867861142217247,23.180291153415453,10.694288913773796
1233. 죽포집(竹圃集).xml,1824,1898,1912,1861,247,13.765182186234817,0.0,6.477732793522267,2.0242914979757085,8.502024291497975,17.408906882591094,40.48582995951417,11.336032388663968
1234. 운암집(雲菴集).xml,1822,1894,1897,1858,1888,3.5487288135593222,0.0,0.31779661016949157,4.290254237288135,3.8665254237288136,49.09957627118644,29.60805084745763,9.26906779661017
1232. 근암집(近庵集).xml,1823,1881,1895년 이후,1852,115,4.3478260869565215,0.0,0.0,16.52173913043478,4.3478260869565215,23.47826086956522,42.608695652173914,8.695652173913043
1213. 대산집(對山集).xml,1807,1858,1868,1832,613,0.0,0.0,0.0,0.0,1.1419249592169658,0.0,98.69494290375204,0.1631321370309951
1236. 혼재집(渾齋集).xml,1824,1896,1909,1860,321,4.049844236760125,0.0,0.0,6.5420560747663545,4.049844236760125,62.616822429906534,8.722741433021806,14.018691588785046
1235. 만성집(晩醒集).xml,1824,1894,1925,1859,587,9.880749574105621,0.0,1.192504258943782,4.429301533219761,9.369676320272573,19.08006814310051,41.737649063032364,14.310051107325384
1225. 신암집(愼庵集).xml,1815,1874,1904,1844,467,6.638115631691649,0.0,0.0,6.638115631691649,2.141327623126338,46.680942184154176,34.26124197002141,3.640256959314775
1230. 유헌집(遊軒集).xml,1823,1908,1925,1865,794,7.304785894206549,0.0,5.6675062972292185,6.801007556675064,5.793450881612091,8.18639798488665,60.20151133501259,6.045340050377834
1215. 석세유고(石世遺稿).xml,1808,1859,1899,1833,90,3.3333333333333335,24.444444444444443,0.0,7.777777777777778,2.2222222222222223,0.0,61.111111111111114,1.1111111111111112
1228. 만향재시초(晩香齋詩鈔).xml,1820,1869,1867,1844,177,0.0,0.0,0.0,0.0,0.5649717514124294,0.0,99.43502824858757,0.0
1248. 효산집(曉山集).xml,1837,1908,,1872,558,3.584229390681003,0.0,0.5376344086021506,7.706093189964158,3.225806451612903,18.817204301075268,61.648745519713266,4.480286738351254
1241. 극재집(克齋集).xml,1827,1885,1897,1856,437,4.118993135011442,0.0,0.0,1.3729977116704806,2.745995423340961,30.205949656750576,58.12356979405035,3.4324942791762014
1238. 소송유고(小松遺稿).xml,1825,1891,1898,1858,580,0.8620689655172413,0.0,0.1724137931034483,1.896551724137931,1.5517241379310345,9.310344827586208,83.27586206896552,2.9310344827586206
1255. 농산집(農山集).xml,1850,1900,,1875,413,10.16949152542373,0.0,0.0,5.326876513317192,8.232445520581114,37.28813559322034,23.002421307506054,15.980629539951574
1219. 녹리집(甪里集).xml,1810,1886,1895,1848,672,1.488095238095238,0.4464285714285714,0.0,4.613095238095238,3.869047619047619,13.988095238095239,71.27976190476191,4.315476190476191
1254. 사복재집(思復齋集).xml,1840,1898,1903,1869,293,4.436860068259386,0.0,0.0,6.143344709897611,7.167235494880546,27.303754266211605,42.32081911262799,12.627986348122866
1242. 동호유고(東湖遺稿).xml,1830,1893,1899,1861,173,1.7341040462427744,0.0,0.0,0.5780346820809248,8.092485549132949,0.0,76.30057803468208,13.294797687861271
1202. 유계집(柳溪集).xml,1801,1867,1898,1834,396,8.080808080808081,0.25252525252525254,0.0,11.868686868686869,8.080808080808081,45.45454545454545,11.868686868686869,14.393939393939394
1194. 향은집(薌隱集).xml,1794,1860,1897,1827,275,1.8181818181818181,1.090909090909091,0.0,8.363636363636363,10.181818181818182,26.545454545454543,32.72727272727273,19.272727272727273
1207. 구애집(龜厓集).xml,1803,1877,1898,1840,278,2.877697841726619,0.7194244604316548,0.0,12.23021582733813,3.237410071942446,36.69064748201439,41.36690647482014,2.877697841726619
1193. 응와집(凝窩集).xml,1792,1871,1926,1831,942,9.341825902335456,3.1847133757961785,0.0,5.626326963906582,8.598726114649681,12.526539278131635,50.63694267515923,10.084925690021231
1204. 옥수집(玉垂集).xml,1803,1887,1935,1845,5326,0.244085617724371,0.0,0.0,0.0,1.0514457378895983,1.7461509575666543,95.43747653022906,1.5208411565903117
1185. 지헌집(止軒集).xml,1786,1870,1877,1828,425,9.647058823529411,0.2352941176470588,0.0,13.647058823529413,2.3529411764705883,48.23529411764706,15.058823529411763,10.823529411764705
1183. 봉촌집(鳳村集).xml,1786,1849,1893,1817,421,0.9501187648456058,0.0,0.0,4.98812351543943,4.513064133016627,22.327790973871732,32.779097387173394,34.441805225653205
1203. 입헌집(立軒集).xml,1802,1863,1880,1832,794,0.8816120906801008,0.2518891687657431,0.0,3.1486146095717884,1.7632241813602016,46.59949622166247,44.08060453400503,3.27455919395466
1205. 소정고(卲亭稿).xml,1802,1868,1891,1835,263,1.520912547528517,2.6615969581749046,0.0,3.041825095057034,4.182509505703422,2.6615969581749046,79.46768060836501,6.4638783269961975
1237. 월고집(月皐集).xml,1824,1904,1929,1864,949,6.533192834562697,0.0,0.0,2.9504741833508956,3.8988408851422554,41.51738672286617,39.09378292939937,6.006322444678609
1243. 경재집(景齋集).xml,1830,1905,1911,1867,303,1.65016501650165,0.0,0.33003300330033003,2.31023102310231,8.58085808580858,26.072607260726073,41.914191419141915,19.141914191419144
1211. 천재집(泉齋集).xml,1806,1866,1895,1836,418,1.674641148325359,0.23923444976076555,0.0,7.655502392344498,3.588516746411483,18.421052631578945,62.44019138755981,5.980861244019139
1196. 농려집(農廬集).xml,1797,1860,1895,1828,371,4.5822102425876015,0.0,0.0,6.46900269541779,9.703504043126685,16.172506738544474,53.36927223719676,9.703504043126685
1191. 영은집(瀛隱集).xml,1793,1875,1895,1834,333,5.105105105105105,0.0,0.0,10.81081081081081,7.807807807807808,12.912912912912914,57.65765765765766,5.7057057057057055
1200. 정와집(訂窩集).xml,1800,1871,1889,1835,522,10.53639846743295,1.1494252873563218,0.0,11.494252873563218,5.363984674329502,18.96551724137931,45.785440613026815,6.704980842911877
1197. 정헌집(定軒集).xml,1799,1870,1900,1834,439,10.478359908883828,0.9111617312072893,0.0,4.555808656036446,8.200455580865604,29.6127562642369,41.230068337129836,5.0113895216400905
1201. 동림집(東林集).xml,1800,1862,1906,1831,564,4.432624113475177,0.0,0.0,5.49645390070922,3.0141843971631204,25.70921985815603,56.205673758865245,5.141843971631205
1198. 진암집(進菴集).xml,1799,1879,1915,1839,424,11.556603773584905,0.2358490566037736,0.0,8.49056603773585,5.89622641509434,31.839622641509436,35.37735849056604,6.60377358490566
1175. 중산재집(重山齋集).xml,1779,1842,1859,1810,218,7.79816513761468,3.669724770642202,0.0,12.844036697247708,4.587155963302752,8.715596330275229,53.21100917431193,9.174311926605505
1195. 덕은유고(德隱遺稿).xml,1797,1841,1895,1819,67,7.462686567164178,0.0,0.0,14.925373134328357,4.477611940298507,7.462686567164178,62.68656716417911,2.9850746268656714
1190. 직재집(直齋集).xml,1793,1860,1908,1826,278,5.0359712230215825,0.0,0.0,3.597122302158273,4.316546762589928,22.66187050359712,52.87769784172662,11.510791366906476
1206. 회정집(晦亭集).xml,1802,1873,1909,1837,645,1.7054263565891472,0.0,0.0,4.0310077519379846,2.0155038759689923,14.573643410852712,71.31782945736434,6.3565891472868215
1176. 외와집(畏窩集).xml,1779,1841,1900,1810,110,2.727272727272727,1.8181818181818181,0.0,2.727272727272727,5.454545454545454,20.909090909090907,46.36363636363636,20.0
1192. 지락와유고(至樂窩遺稿).xml,1796,1875,1888,1835,225,4.0,0.0,0.0,19.11111111111111,4.444444444444445,6.222222222222222,61.33333333333333,4.888888888888889
1199. 용이와집(龍耳窩集).xml,1800,1873,1909,1836,410,2.4390243902439024,1.2195121951219512,0.0,7.560975609756097,4.390243902439024,4.390243902439024,72.4390243902439,7.560975609756097
