Α¦Έρ,ΐϊΐΪ,»ύ³β,Έτ³β,Θ°µΏΏ¬µµ,Νλσ³ΧΎ,ίφΚΫΧΎ,ίνΫΆΧΎ,γΜΧΎ,δξπ®ΧΎ,νΪξΚΧΎ,ξξΡΐΧΎ,SUM
χΑξ±ΰ»ίζΩώσΆ,Χ³Ϋ°ΰΌ,1388,1443,1415,0,0,8,529,3,3,0,543
ά¬ΤΧσΆ,λΕίΤ,1373,1455,1414,18,1,5,89,7,2,0,122
ΜΧξ±σΆ,ωΑζΡ,1376,1453,1414,1,0,8,224,0,12,1,246
ήηβΧξ±σΆ,Λ©ύρΨλ,1424,1483,1453,6,4,23,311,5,29,8,386
αΖυΏλ¶ΝΓ,ϋσλ®αέ,1431,1529,1480,0,1,3,65,0,2,0,71
Ϋάυ½ΰ»ίζΩώσΆ,ΡΡΩώΡΓ,1399,1456,1427,34,22,0,4,0,10,2,72
ΰχΰ»ίζλ¶ΝΓ,ΰχί²Ωύ,1418,1456,1437,4,2,24,395,0,22,4,451
ΪΣΰ»ίζλ¶ΝΓ,ΪΣψ°Ò΄,1417,1456,1436,11,24,54,191,0,42,1,323
ίζΧΏγνΩώσΆ,ΧέΨλ?,1392,1480,1436,6,4,9,291,1,11,1,323
εΫΝΆμοΝΓ,παΥι,1420,1489,1454,0,2,2,85,0,4,0,93
υΥΛ°άβσΆ,Ρυόψθ®,1454,1492,1473,6,4,4,388,2,9,5,418
ΨήκΕΣΡλ¶σΆ,ΡΡγΑγ§,1435,1493,1464,42,9,3,2399,3,126,24,2606
γΤ?σΆ,ΡΡαϊθ®,1409,1481,1445,0,1,8,211,0,36,1,257
χΌϊΘοΝγΜσΆ,υΛωφ,1409,1474,1441,26,1,17,132,3,18,2,199
ξΐϊΝσΆ,Χέΰ΄ϊϋ,1415,1477,1446,4,4,30,452,0,24,0,514
ήΜΚΆγΜσΆ,ίοΛάοα,1420,1488,1454,1,3,73,3911,0,58,9,4055
ζεϊΝνΪΝΓ,ΧέλρΩς,1449,1507,1478,1,0,2,236,0,4,0,243
δΤΡβΣΡσΆ,ΡΡδ¦,1445,1502,1473,1,5,5,134,0,2,0,147
Òνξ±σΆ,ΥΩα¤ρύ,1415,1482,1448,38,4,2,14,0,11,0,69
άΑωΨξ±σΆ,γιβÒρΗ,1417,1475,1446,7,2,33,680,3,22,6,753
β²ϊΝγΜσΆ,ΟνηιάΨ,1467,1498,1482,0,2,2,196,22,2,1,225
ΨΞϊΝΰ»ίζΩώσΆ,Χέ?,1464,1504,1484,11,0,1,258,0,2,0,272
?ω΄ξ±γΜσΆ,ΡΡπσςΑ,1431,1492,1461,1,6,8,743,0,18,0,776
ΥΐΝΆΰ»ίζΩώσΆ,ψϊζΝΨΘ,1449,1498,1473,43,1,2,10,0,2,3,61
ϊΘΫάΣΡΩώσΆ,ΰχϊΥ,1439,1504,1471,29,4,40,1118,17,69,3,1280
άτιΨϊΝσΆ,οΛΠΊμÒ,1401,1481,1441,0,1,3,56,0,1,0,61
υΡΝΆΰ»ίζλ¶σΆ,λΕόψαέ,1431,1503,1467,37,5,3,4,1,2,1,53
ΜΧξ±ΰ»ίζλ¶ΝΓ,Ρυβ³Ωώ,1408,1442,1425,1,1,9,14,21,6,3,55
ΣήάθσΆ,εΕύχς­(ύός«),1439,1503,1471,7,6,4,63,2,1,1,84
π΅δΰΰ»ίζΩώσΆ,παΞΓπΣ,1482,1519,1500,125,2,4,31,27,17,6,212
Νέδΰΰ»ίζΩώσΆ,αΜα¦Υή,1476,1528,1502,0,1,3,172,0,27,0,203
Òνξ±ΰ»ίζά¬σΆ,ΪΣίΤ,1474,1530,1502,0,0,6,664,1,2,0,673
ϊΘδΰΰ»ίζλ¶σΆ,οχύρΥή,1469,1502,1485,0,0,1,296,0,2,0,299
Òνξ±λ¶ΝΓ,ΪΣρςη΄,1464,1493,1478,10,14,1,296,1,0,2,324
ς®κΕΣΡΩώσΆ,ΡΡΠΊΠω,1379,1463,1421,0,0,2,191,0,0,0,193
άΧξ±ΰ»ίζΩώσΆ,Πτρε,1492,1521,1506,0,1,2,317,0,61,0,381
Ωώο½ΝλΠέΰ»ίζμοΝΓ,ΡΡΣΏ,1416,1464,1440,75,0,0,12,0,1,0,88
αζξ±ΰ»ίζΩώσΆαΩσΆ,Χέ?,1469,1517,1493,18,1,1,272,0,3,1,296
?φ¨ϊΝλ¶ΝΓ,ΪΣλέ,1479,1504,1491,0,0,1,148,1,1,4,155
σηΝΆΰ»ίζΩώσΆ,ΩώΜΧΤΞ,1457,1521,1489,0,0,2,454,0,0,1,457
ϊΘΫάΰ»ίζαΩσΆ,ϋσΟώΣΉ,1444,1504,1474,6,0,43,858,19,35,36,997
ιΧξ±ΰ»ίζΩώσΆ,αέρκΤΖ,1463,1529,1496,78,1,0,1,0,6,0,86
θ¬ΝΆΰ»ίζΩώσΆ,ΪλιΞϊϋ,1458,1522,1490,4,0,7,127,0,0,0,138
ΣώκΉΰ»ίζΩώσΆ,ΧέΨΗΤΞ(ΨΗΤÒ),1443,1518,1480,0,0,1,80,0,0,0,81
αζθΐΰ»ίζΩώσΆ,ΧέπτλΓ,1431,1495,1463,82,0,0,4,0,2,0,88
?υ½ΰ»ίζΩώσΆ,όάύμ(αψΦΥ),1363,1452,1407,618,18,3,16,10,1,3,669
δªΞΩϊΝλ¶σΆ,γταϊ,1483,1524,1503,0,0,5,79,0,1,0,85
χΟϊΝσΆ,ΪΣυ¨,1367,1454,1410,6,1,0,51,0,0,1,59
ζΠήΌΣΡΰ»ίζΩώσΆ,γτΰµπΣ,1407,1459,1433,40,2,1,14,0,3,0,60
ΨήΝΆΰ»ίζΩώσΆ,πΖκΙ,1454,1503,1478,2,1,8,302,0,11,3,327
φϋηΕΰ»ίζΩώσΆαΩ,ΡΡμραέ,1464,1498,1481,6,1,8,141,9,16,5,186
γ§ξ±σΆ,ΟνΫϋ,1520,1593,1556,11,0,4,888,2,3,3,911
Ούλίΰ»ίζλ¶σΆ,ηοΝ©πσ,1407,1459,1433,0,17,1,44,2,12,0,76
ΡΨξ±ΰ»ίζΩώσΆ,σωαψ,1449,1515,1482,54,0,0,132,0,10,1,197
χάξ±ΰ»ίζΩώσΆέΎΦβ,ΡΡηµλ΅,1418,1495,1456,47,0,3,11,0,0,0,61
αΞι«ξ±σΆ,υΛβΧορ,1432,1479,1455,0,0,6,231,0,1,0,238
β©οΝΰ»ίζσΆ,ά«τ¥ύ§,1373,1437,1405,0,0,1,300,0,0,0,301
Τξξ±ΰ»ίζΩώσΆ,οχζ£ϊ²,1450,1530,1490,2,7,9,23,8,2,6,57
ς­ς­ΣΡΰ»ίζγΜσΆ,ΡΡΨλΰυ,1437,1486,1461,0,0,4,247,0,0,0,251
κΕτΉσΆ,ΡΡΡΞχΧ,1408,1473,1440,0,0,0,86,0,16,0,102
εΫυ½σΆ,φΨειΞΓ,1490,1568,1529,7,1,3,636,0,5,0,652
αζξ±ΰ»ίζλ¶ΝΓ,Τώα¦σΕ,1498,1551,1524,10,4,1,54,1,2,2,74
ιΨοΝσΆ,ΡΡΠΊΰχ,1474,1540,1507,1,1,1,505,0,0,0,508
μ°ψΔήΐσΆ,ΧέΩΟ,1471,1498,1484,5,0,1,83,2,4,0,95
δΜέΒΣΡΩώσΆ,ΧέύράΠ,1473,1548,1510,0,0,0,104,0,0,0,104
δ¨τθΰ»ίζσΆ,ΡΡα¦ω°,1473,1533,1503,0,0,5,280,0,2,0,287
λδδπσΆ,Χέ?,1480,1533,1506,6,4,3,117,0,7,1,138
ν΅δάσΆ,ΪΚπΊμÒ,1493,1549,1521,1,0,1,469,0,9,0,480
μιξ±ΰ»ίζΩώσΆ,Χέωφ,1499,1576,1537,1,21,2,29,0,4,2,59
εΧγύΣΡγΜσΆ,παΰω,1492,1555,1523,2,3,2,89,0,0,0,96
Π¤δΰΰ»ίζΩώσΆ,αδΧψαψ,1487,1547,1517,2,4,1,81,0,5,4,97
ν»δΰΰ»ίζΩώσΆ,ΡΡΟ½,1488,1533,1510,4,5,1,67,0,1,1,79
ό£ΣΑσΆ,ίοΜΧΣμ,1489,1546,1517,21,8,6,152,0,10,0,197
χάΝΆΰ»ίζξοίφλ¶σΆθβψΉ,ΧέόΡ,1501,1570,1535,54,2042,87,1542,0,56,53,3834
ΟΟάθσΆ,αδμΟω°,1534,1599,1566,0,64,0,405,0,4,0,473
υ®ΚΥΰ»ίζΩώσΆ,ΟνΩώϊ­,1534,1591,1562,8,0,3,244,12,3,0,270
Ν―θ¬ΰ»ίζγΜσΆ,οχ?,1533,1603,1568,0,0,0,223,0,0,0,223
γ§π΅σΆ,αδΫΐπΤ,1567,1618,1592,1,11,1,144,13,3,3,176
Φμδάΰ»ίζΩώσΆ,ΧέϊηάΠ,1467,1555,1511,14,10,4,160,0,2,1,191
ΰ΄ρ½σΆ,Ον?,1569,1612,1590,0,2,3,708,0,14,0,727
ωΑΰ¤ΰ»ίζξοσΆ,ΡΡΧψύ§,1510,1560,1535,2,11,4,1266,4,6,5,1298
ΠήΝΆΰ»ίζÒ®σΆ,όάρΥΥή,1517,1563,1540,13,26,0,867,2,11,1,920
β©ίδσΆ,ϊΙ?,1563,1640,1601,1,3,0,781,0,1,0,786
Ϊ¶δάΰ»ίζξοσΆ,Χ³ύρυπ,1513,1577,1545,7,27,5,261,8,27,2,337
νΦδάμοΝΓ,ΡΡλωοφ,1495,1547,1521,2,2,0,134,4,2,0,144
ΚητΉΰ»ίζΩώσΆ,ΧωύΉ,1500,1584,1542,0,2,4,43,0,8,0,57
τθΛ°ΰ»ίζαΩσΆ,Χέπ­γν,1536,1584,1560,6,9,10,238,13,19,35,330
α°ΝΑΰ»ίζΩώσΆ,ΪΣγ―μς,1516,1585,1550,12,28,6,254,16,144,14,474
ΝµΣΑμοΝΓ,ΧέβνμÒ,1533,1592,1562,4,3,2,269,1,1,0,280
αϊδΰΰ»ίζλ¶ΝΓ,ΪΣς«ό¤,1513,1592,1552,0,5,1,92,0,0,0,98
θ¬άθγΜσΆ,ΫάΞΓύ³,1537,1582,1559,0,0,4,446,0,0,0,450
αζΛ°λ¶ΝΓ,οχτΝ,1536,1593,1564,5,1,3,210,0,2,0,221
Σώχ¨ΰ»ίζσΆ,ά«ήΝοφ,1529,1596,1562,5,20,1,28,4,2,0,60
ιΪΝΆΰ»ίζσΆ,ΰχϋι,1535,1598,1566,75,154,2,75,0,1,0,307
ΫΫΝΫΰ»ίζσΆ,οχΝίαψ,1538,1602,1570,26,15,7,28,3,9,10,98
ΨΉφ¨ΰ»ίζμοΝΓ,ΡΡΛΜΟΠ,1548,1605,1576,0,0,0,60,4,2,0,66
ΜΧΣΡΰ»ίζΩώσΆ,νεύιόψ,1564,1633,1598,3,7,1,58,6,21,0,96
ςΉτΉσΆέΎΦβ,όάοΥιξ,1532,1607,1569,4,8,4,180,7,3,6,212
ΤΤϋΙΰ»ίζΩώσΆ,ά«ηµτθ,1516,1580,1548,0,0,0,136,1,0,0,137
β©έΑοΝσΆ,ΡΡύιΟΠ,1557,1623,1590,0,0,0,154,0,0,0,154
αϊΩΣσΆ,οχη¥,1563,1625,1594,39,10,0,88,24,3,5,169
ηόάθσΆ,γιρύπª,1562,1624,1593,3,7,1,413,8,2,1,435
ίΪυ½ΰ»ίζσΆ,γιύγ,1566,1628,1597,89,36,81,1531,31,60,68,1896
ηόΧμΰ»ίζΩώσΆ,ΧέκªμΟ,1547,1634,1590,99,6,2,45,7,3,0,162
γεΤΌξ±ΰ»ίζξοίφ,ΡΡσΆ,1574,1656,1615,38,82,6,223,10,1,32,392
ήΦδΰΰ»ίζΩώσΆ,ΪΣβθ,1523,1589,1556,7,2,12,496,8,6,8,539
κΕοβΰ»ίζσΆ,λΕΠΖαψ,1537,1616,1576,0,14,15,228,21,3,11,292
ΡυΩΆΰ»ίζΩώσΆ,πΖγΥ,1501,1572,1536,6,34,11,143,0,14,24,232
αΜξ±ΰ»ίζΩώσΆ,ΦΤαϊγε,1517,1590,1553,57,29,11,1266,6,15,26,1410
ΫΫΣΑΰ»ίζΩώσΆ,ΞύάσΦΖ,1526,1586,1556,21,87,8,1133,45,7,7,1308
λΡΝΫΰ»ίζξοίφ,Χέμ΄,1536,1584,1560,145,86,20,472,28,22,44,817
ήΜΧΊξ±σΆ,ΧέοΥ?,1541,1600,1570,34,21,4,760,24,4,2,849
ΫάΝΫσΆ?ΣήΚΖΤτΝ­σΆ,τ¥Òφ,1543,1614,1578,0,2,4,181,0,4,3,194
έ©ύΜΣΡσΆ,ΰΌασ,1543,1615,1579,0,0,0,227,0,1,0,228
ρμάθΰ»ίζΩώσΆ,παϊΚ,1544,1592,1568,37,35,11,243,0,10,10,346
μ°υχΩλΝλξοίφ,Χέβογν,1545,1598,1571,83,9,1,35,12,82,5,227
ήήΝΆΰ»ίζξοίφ,ΡΡνώίζ,1548,1631,1589,33,66,13,3,2,3,12,132
ΨΞιΨΰ»ίζΩώσΆ,Ξ¬ξΆιή,1552,1617,1584,19,12,7,54,15,13,5,125
Ϋάήήΰ»ίζσΆ,ΧέωφάΨ,1556,1618,1587,262,31,24,395,29,15,52,808
κΕήήΰ»ίζσΆ,ΧέοΥΟΟ,1564,1635,1599,255,97,45,1371,61,90,97,2016
τθλδΰ»ίζσΆ,ΡΡίΖϊΚ,1570,1652,1611,183,47,39,930,18,12,119,1348
πΈκΕΣΡΣήήΤσΆ,βχΩ¤(ΜΧϊΝ),1546,1636,1591,0,10,0,57,0,1,0,68
ψ½εΟΣΡσΆ,ειΡ¦,1581,1644,1612,0,6,1,93,0,5,0,105
ϊΘΫάΣΡγΜσΆ,Ω¥πΞ,1593,1661,1627,0,0,0,372,0,0,0,372
άσρ½ΝΓ,ΪΣΤΤΥΥ,1569,1635,1602,1,1,3,108,1,0,1,115
άσυ½σΆ,ΪΣΤΤΰγ,1564,1622,1593,2,3,3,191,1,0,1,201
ΤΤΩ¨ΰ»ίζΩώσΆ,όάριλΓ,1577,1648,1612,6,11,1,566,3,3,4,594
Κέξ±σΆ,υΛζΡ,1503,1549,1526,5,0,1,356,0,15,2,379
ΤΤκ®ΰ»ίζΩώσΆ,ΡΡΟώη΄,1520,1594,1557,26,1,1,73,2,0,10,113
ΜΕξ±ΰ»ίζΩώσΆ,ωΑϋπΣψ,1593,1666,1629,0,85,9,172,40,22,13,341
?ξ±ΰ»ίζΩώσΆ,ϋσειω°,1476,1549,1512,4,0,1,408,0,1,0,414
ηόξ±σΆέΎΦβ,ΥΩΨΊι»,1598,1651,1624,28,20,1,126,1,11,0,187
θ§άθΰ»ίζσΆ,ΡΡπΊΪΚ,1527,1599,1563,4,0,2,273,3,1,7,290
χΔτΉΡΡΰ»ίζσΆ,ΡΡςΆβ¶,1585,1639,1612,22,0,6,463,6,5,2,504
ΰ¤Ούλ¶ΝΛ,ΧέΡΓ?,1602,1662,1632,1,17,18,265,22,10,7,340
κύϊΝΰ»ίζσΆγ¦λ¶,οΛ?,1512,1560,1536,23,1,4,670,4,3,13,718
εΥΝΫΰ»ίζΩώσΆ,αΜα¦εΣ,1486,1562,1524,0,0,13,1351,2,12,34,1412
αΘλίΰ»ίζλ¶ΝΓ,γετΈμΝ,1592,1661,1626,5,1,4,143,2,12,10,177
ωΚψΥσΆ,οχβÒρ²,1607,1665,1636,16,3,8,144,0,9,0,180
ωΞΛªΰ»ίζΩώσΆέΎΦβ,οχΟΗ,1543,1620,1581,30,208,61,236,183,15,18,751
ρ«μιθΐΰ»ίζΩώσΆ,Ϋ®Ω¥η§,1618,1661,1639,18,3,1,65,6,6,2,101
ΤΤΛªΰ»ίζΩώσΆέΎΦβ,ΡΡιΤ?,1540,1603,1571,112,16,2,56,44,8,5,243
ΣήΝΫΰ»ίζΩώσΆ,ΰχκ΅,1497,1579,1538,0,0,1,206,4,4,4,219
κ£τΉΰ»ίζΩώσΆ,ΡΡιΐ,1557,1620,1588,4,4,3,359,26,2,6,404
ΠχάθσΆ,ΫάΞΓϋπ,1522,1556,1539,0,0,0,123,0,0,0,123
αζτΉΰ»ίζλ¶σΆ,ΥΩλλπ£,1519,1581,1550,5,6,2,223,0,1,0,237
ΠήϋΙλ¶ΝΓ,Χωϊϋβ³,1514,1545,1529,1,0,2,124,0,0,0,127
Νέξ±ΰ»ίζιΧΤπΦβ,οχΛΏτθ,1529,1590,1559,7,9,7,14,2,149,0,188
ωΞά΅ΣΡΰ»ίζΩώσΆ,Ξ¬ΡΆαψ,1549,1616,1582,2,0,1,70,0,0,0,73
αζϋΙσΆ,ΫάςΙΡυ,1563,1618,1590,0,23,1,286,0,0,0,310
ΨΉκ£σΆ,οχυχγα,1575,1635,1605,12,16,4,30,5,0,0,67
όγξ±λ¶σΆ,ΪΣΞΓθ¬,1526,1593,1559,1,0,4,260,0,1,0,266
ΝµρΣλ¶ΝΓ,υΛΜΤσγ,1539,1583,1561,0,0,1,207,0,0,0,208
δΤωυΝλλ¶ΝΓ,κΰΣμύ§,1556,1605,1580,0,8,8,251,0,3,0,270
λίάθξοίφ,δΜΫΐρΥ,1573,1654,1613,28,45,7,38,1,17,2,138
πΈάθαΩσΆ,ΝΤΜΧΩ¤,1533,1592,1562,3,0,1,991,0,0,0,995
?δζσΆ,αδβν,1493,1582,1537,0,4,4,389,0,0,4,401
τιΠΨλ¶ΝΓ,κΰοΥύ³,1578,1662,1620,0,3,2,133,4,1,0,143
λφξ±λ¶ΝΓ,ηοο¬,1516,1558,1537,1,0,1,243,0,0,0,245
κΕάθσΆ,ΝΤάχτΉ,1578,1636,1607,54,0,6,94,2,0,1,157
υΥΣΑΰ»ίζΩώσΆ,ΡΡιÒΠί,1574,1643,1608,2,1,3,1503,2,7,2,1520
ίψωΗΣΡλ¶ΝΓ,ΡΡΰχκΐ,1525,1597,1561,0,1,1,196,0,1,0,199
ήΦξ±σΆ,ΡΡοαΟΠ,1485,1541,1513,7,5,6,407,0,20,5,450
Λ°?λ¶ΝΓ,ΪΣύΉ,1484,1540,1512,10,14,1,296,1,0,2,324
μοϊΝλ¶ΝΓ,οχδ¦,1520,1592,1556,0,0,1,234,0,3,0,238
τΈ?ΰ»ίζλ¶ΝΓ,ΧέίΖϋ°,1585,1645,1615,30,5,1,49,6,0,0,91
ΝΆλδσΆ,παψ°Ò΄,1549,1612,1580,4,5,1,287,0,2,0,299
τμωΗσΆ,ΟνΠΊρι,1554,1608,1581,2,1,14,513,9,0,0,539
ασδάΰ»ίζΩώσΆ,Χ³ςί,1582,1635,1608,3,48,3,69,8,2,2,135
ΛΏδέΰ»ίζΩώσΆ,Λ©μΟ,1523,1567,1545,0,8,1,42,0,2,0,53
ασρΣλ¶ΝΓ,παΫΐςΑ,1574,1645,1609,0,3,1,267,0,0,0,271
ΨΉΣμσΆ,ΡΡΣήΠο,1557,1631,1594,1,4,2,320,11,0,0,338
ΨΉόβσΆ,ΟνΤπΠω,1570,1622,1596,12,21,0,56,0,1,3,93
ΤΤΝΆσΆ,ΪΣυπνώ,1595,1664,1629,1,7,7,43,0,8,0,66
ΨΉψΥσΆ,ΪΣΠΖόψ,1550,1607,1578,3,8,3,45,2,2,0,63
ωΝρ¶ΰ»ίζξοσΆ,ΡΡϋπιτ,1602,1654,1628,25,6,5,489,13,4,4,546
ΨΉήήΝΓ,φΨρύκΉ,1593,1662,1627,101,0,0,19,8,1,4,133
Ργυ½ΰ»ίζΩώσΆ,ΧέΤ³νώ,1603,1644,1623,10,3,7,26,5,2,4,57
όδξ±ΰ»ίζΩώσΆ,Χέειξθ(ξθ),1491,1553,1522,24,0,5,233,9,15,12,298
ÒΝΝΆΩώσΆ,ΧέάΦόΊ(ρύ?),1562,1607,1584,0,15,4,27,5,1,2,54
ζ΅ϊΝΰ»ίζΩώσΆ,νεϊιΞΓ,1554,1637,1595,31,67,41,139,72,67,31,448
ΰδοβσΆ,Χέ?,1568,1630,1599,18,2,3,330,33,0,1,387
Κέξ±ΰ»ίζΩώσΆ,ΧέΣμϋπ,1541,1596,1568,2,10,2,140,0,13,0,167
ΰ΄Χ§λ¶ΝΓ,ΧέΜΤξο,1567,1644,1605,15,0,0,712,10,12,0,749
υχόψΣΡλ¶σΆ,ΡΡϊπ,1546,1638,1592,0,0,1,51,0,0,0,52
Ϋέτ¶ΣΡλ¶ΝΓ,ηο?,1615,1653,1634,20,0,1,93,2,0,1,117
όΐΝΆΰ»ίζλ¶ΝΓ,ΧέΣή±β,1540,1609,1574,0,1,2,112,3,0,2,120
ΚΫξ±ΩώσΆ,ά«ριμι,1575,1660,1617,0,5,0,44,1,1,0,51
ΰ¤ΝΆΰ»ίζΩώσΆ,οχειΞΫ,1569,1640,1604,0,4,0,169,4,1,0,178
νΦΝΆμ°ΰ»ίζλ¶ΝΓ,ΧέξομÒ,1516,1568,1542,2,0,2,45,0,1,0,50
γΑδέσΆ,παίΣιΰ,1582,1657,1619,3,51,10,94,25,4,3,190
ΨΉφ¨σΆ,ηοεβΦΖ,1552,1618,1585,17,0,3,123,0,5,7,155
ςΉϊΝΰ»ίζΩώσΆέΎΦβ,οχήΝα¤,1545,1607,1576,1,32,1,47,2,0,0,83
ΩνωΌθΊσΆ,Χέκªαέ,1498,1554,1526,0,3,0,143,1,3,1,151
εΧςΑΰ»ίζΩώσΆ,Τ΄α΅κδ,1571,1649,1610,0,21,0,64,6,0,0,91
αζΝΆΰ»ίζΩώσΆ,ΧέϊϋΡϋ,1556,1627,1591,0,4,0,86,1,0,0,91
ΩΥξ±ΩώσΆ,ΧέδΜΤ³,1541,1584,1562,1,11,0,55,0,1,0,68
Ν¬ΝΫσΆ,νελ«,1587,1638,1612,154,2,58,1133,42,47,52,1488
ωΣλδΰ»ίζΩώΝΓ,ΧέΣμϋ°,1561,1613,1587,88,28,1,224,0,0,0,341
αζδπΰ»ίζΩώσΆ,ΡΡΜΤζ®,1596,1653,1624,66,11,0,8,3,0,0,88
ήΜιÒΣΡσΆ,αδΟΠχΚ,1597,1659,1628,14,64,10,63,5,0,4,160
ΨΉξοσΆ,ϋσΚ¦γν,1541,1615,1578,16,11,8,163,2,7,2,209
ε§ΝΫΰ»ίζσΆ,παΠΊΰΌ,1595,1658,1626,11,37,19,49,13,12,4,145
ϊΝϊΝϊΝΰ»ίζΩώσΆ,ΡΡζ£ρμ,1556,1630,1593,1,0,1,44,2,2,3,53
τθω¦ν­ΩώσΆ,οχλΓΩΟ,1571,1629,1600,0,19,0,421,7,0,0,447
σηρ½ΰ»ίζλ¶ΝΓ,ΡΡμΜύχ,1610,1656,1633,75,0,0,351,0,0,1,427
ππϊΝλ¶ΝΓ,εΕϊΙΟΠ,1576,1659,1617,0,0,1,62,0,0,0,63
εΫυ½λ¶ΝΓ,εΕ?,1597,1650,1623,4,15,4,260,8,2,0,293
ΤΥΝΆσΆ,οχθ³,1569,1641,1605,36,28,17,525,36,11,33,686
ε·ψΥΰ»ίζΩώσΆ,οχφό,1526,1605,1565,56,87,9,238,21,4,2,417
ΤαΝΫΰ»ίζΩώσΆ,ϋσιΤοÒ,1595,1656,1625,0,7,3,369,0,0,0,379
ΟΟδάσΆ,Χέοί,1512,1571,1541,24,26,29,940,42,20,15,1096
κΕΚΥσΆ,Χέ?,1558,1647,1602,2,42,1,88,15,1,4,153
ΩιΪΏΣΡσΆ,ΪΣμί,1583,1640,1611,0,46,5,106,7,8,1,173
ρΣ?ΰ»ίζΩώσΆ,ηοιϊ,1540,1617,1578,3,22,15,170,7,2,8,227
ΤΤΝΆΰ»ίζΩώσΆ,ΟνΤ¦,1575,1644,1609,25,27,7,242,20,3,8,332
ΚΥαζσΆ,παμςΤ³,1585,1664,1624,4,53,60,479,22,16,14,648
ΡυΝΑΩώσΆ,ΪΣλλϋ¬,1605,1658,1631,0,4,2,483,5,1,0,495
ΨΉϊΝσΆ,οΛζϋ,1524,1609,1566,5,6,9,166,22,10,8,226
ΡχΝΆΰ»ίζΩώσΆ,ΧέρμΩς,1568,1629,1598,1,31,2,226,4,1,0,265
αζχ¨σΆ,οχϋπίύ,1571,1648,1609,2,0,1,152,0,0,0,155
ΠΦλίλ¶σΆ,ΪΣύρΩώ,1586,1659,1622,0,0,0,159,3,1,0,163
ΜΧοΝσΆ,ΧέΪΕΰτ,1570,1629,1599,22,2,9,724,4,18,0,779
ΚΫμ―ΣΡσΆ,υΛ?,1539,1612,1575,32,1,59,2,10,10,26,140
?ξ±σΆ,υΛϊΩ,1563,1640,1601,47,40,16,148,30,21,14,316
χΚΣΡΰ»ίζά¬σΆ,ΧέγΥ,1584,1647,1615,114,1,56,1322,17,48,58,1616
σοΰ΄ΰ»ίζΩώσΆ,ΧέρΨ,1560,1635,1597,107,136,22,521,25,28,20,859
ιΧάΡΰ»ίζΩώσΆ,οχΜθα¦,1563,1633,1598,162,194,37,232,32,10,39,706
ΥΞδέΰ»ίζΩώσΆ,οχμÒϋπ,1535,1623,1579,82,7,4,21,12,2,20,148
ΤΤϋΙΰ»ίζΩώσΆ,ΧέΌ­,1566,1651,1608,1,18,3,38,10,0,3,73
δΆΝΫΰ»ίζΩώσΆ,νεπªκª,1556,1621,1588,0,6,3,164,6,0,0,179
Τ¶ΝΫΰ»ίζΩώσΆ,ΪΣπσιή,1587,1654,1620,0,8,5,43,4,2,0,62
ΩΖΝ¬σΆ,ΩώκΥ,1554,1631,1592,2,72,2,25,8,3,6,118
Ϊ¤χ¨ΰ»ίζΩώσΆ,αέ?,1566,1628,1597,0,13,0,158,1,0,0,172
Τδδάΰ»ίζΩώσΆ,ΧέΡ°θ¬,1566,1604,1585,3,55,6,112,11,2,0,189
ωΝϋΙΰ»ίζΩώσΆ,ΡΡάεπΣ,1572,1630,1601,19,27,1,60,6,3,1,117
?ωΣΰ»ίζΩώσΆ,αέΡΓεΥ,1559,1617,1588,1,12,4,336,5,5,4,367
Ργδσΰ»ίζΩώσΆ,οχΞΓτΈ,1553,1594,1573,1,1,2,107,1,0,0,112
ΰδΝΆΰ»ίζσΆ,ΩώΥδ,1553,1605,1579,4,3,2,243,5,2,1,260
θ¬ΤΧΰ»ίζσΆ,ΩώμΜΰχ,1526,1584,1555,1,0,3,66,0,1,5,76
ηόΝΆΩώσΆ,πΖοΨΨ΅,1583,1660,1621,2,3,8,183,8,1,8,213
ηιλροΝΰ»ίζΩώσΆ,Χέλρθ®,1577,1636,1606,0,8,0,49,0,0,0,57
αζχηλ¶ΝΓ,δΜΩΣσ£,1611,1654,1632,0,0,2,48,0,1,2,53
αζξ±λ¶ΝΓ,πΖΝ©Ω¥,1568,1641,1604,1,0,0,78,0,0,0,79
ϋΙλδΰ»ίζλ¶σΆ,ΩώΜΧυχ,1494,1555,1524,0,8,1,171,3,15,0,198
κΕτΉΰ»ίζΩώσΆ,παΩΟ,1524,1606,1565,6,18,17,120,0,6,3,170
ΚΖδΰΰ»ίζΩώσΆ,ξοκσΜΤ,1605,1643,1624,1,5,2,57,0,0,0,65
ΝΤάθΰ»ίζΩώσΆέΎΦβ,ΠτΣήγ®,1527,1572,1549,3,159,5,344,1,1,17,530
ςΐτΉσΆ,υΛΩ°ΡΞ,1586,1647,1616,94,0,1,763,0,0,6,864
ΩλΧΥσΆέΎΦβ,ρ²α¦έί,1495,1554,1524,4,32,36,1118,0,16,15,1221
ωΞήήσΆ,Λ©ΣήβΔ(Σήςδ),1591,1658,1624,24,2,10,207,48,3,9,303
ρμϋΙΰ»ίζΩώσΆ,λΕφρζΤ,1538,1594,1566,4,3,0,52,0,1,2,62
ΰδαζΰ»ίζΩώσΆ,ΡΡβύπΣ,1598,1632,1615,2,2,1,47,2,1,0,55
φ§ήήΩώσΆ,Χέζ£?,1556,1631,1593,6,0,5,68,3,5,4,91
κ£ψΥμοΝΓ,ΧέηΞ,1546,1616,1581,0,21,6,18,0,5,0,50
ΜΕδΰΰ»ίζΩώσΆ,Χ³κ£Χ£,1539,1601,1570,1,61,5,39,3,4,2,115
Ω¥ΝΆμοΝΓ,οχϋΏλω,1602,1655,1628,0,1,18,281,10,3,0,313
ί²ύΜμοΝΓ,οχϋΏγα,1605,1653,1629,0,2,1,190,4,2,0,199
ΨΠδΰΰ»ίζΩώσΆ,ά«μ¤ρι,1546,1611,1578,7,20,6,25,3,0,1,62
άσΝΫμοΝΓ,πΖμ¤τΈ,1560,1638,1599,0,0,4,99,0,2,0,105
Ρυσλΰ»ίζΩώσΆ,ΡΡϊάΰχ,1542,1621,1581,0,0,5,281,0,0,0,286
ΰδτΉΰ»ίζΩώσΆ,Χέλρόΐ,1573,1627,1600,6,4,0,189,6,1,3,209
ν΅ξ±ΰ»ίζΩώσΆ,ΦΤύγ,1527,1602,1564,0,2,1,62,2,0,0,67
αΧτΉσΆ,ιΰζ£Ωκ,1591,1657,1624,8,0,14,122,20,8,3,175
ωΕζΠΰ»ίζΩώσΆ,ΧέρκΥΪ,1504,1582,1543,2,5,2,204,2,0,0,215
σηρ½ΰ»ίζΩώσΆ,ϊΙΤΙ,1586,1632,1609,0,9,4,75,4,3,1,96
φΒξ±ΰ»ίζΩώσΆ,ϊΙΩ¤γι,1569,1637,1603,0,0,2,292,13,4,0,311
ωΝΤΧΰ»ίζΩώσΆ,οχλ«Ϋη,1583,1649,1616,1,5,5,85,9,2,0,107
αΞι«ΣΡΰ»ίζμοΝΓ,ΪΣωΑΣΏ,1479,1560,1519,0,4,8,63,3,20,1,99
ΤΤρ½ΰ»ίζμοΝΓ,ΰχπªκª,1506,1559,1532,0,0,1,62,3,2,2,70
ιΧΝΫΰ»ίζΩώσΆ,αδΥΥ,1534,1618,1576,3,14,2,26,3,3,3,54
ιΜΨµΰ»ίζΩώσΆ,ΟνΡΊ,1546,1624,1585,0,0,1,213,0,0,0,214
ρΊάθΰ»ίζΩώσΆ,ΧέΥΟ,1588,1649,1618,18,3,1,50,4,0,0,76
θ¬άθΰ»ίζΩώσΆ,ΟνκΡ,1552,1630,1591,1,6,1,169,14,0,5,196
ΟÒΣΑσΆ,ΪΣαψυπ,1572,1652,1612,2,0,7,116,0,3,0,128
όδΝΫΰ»ίζΩώσΆ,ΟνυπΥµ,1539,1615,1577,1,10,3,129,22,4,5,174
ΪΧξ±ΰ»ίζΩώσΆ,ΡΡÒο,1527,1580,1553,0,3,5,368,7,0,3,386
ύρδέΰ»ίζλ¶ΝΓ,ϊάΣμγ®,1564,1627,1595,0,2,2,355,0,0,1,360
εΓΝΆΰ»ίζΩώσΆ,οχϋΏμÒ,1597,1654,1625,0,5,6,52,2,4,5,74
αζΝΆλ¶ΝΓ,ΧέΧψΠτ,1549,1631,1590,0,0,3,63,0,0,0,66
σηΥΘΰ»ίζΩώσΆ,ΰχΩώρί,1559,1626,1592,0,0,2,267,0,0,0,269
αζδάΰ»ίζΩώσΆάΝλ¶,ΧέΦΫ,1544,1598,1571,7,9,1,125,14,2,13,171
κ£ωΙσΆ,παψΑ,1569,1647,1608,1,2,12,147,6,10,5,183
ΰύηξΣΡΰ»ίζΩώσΆ,ΧέΛΏΨ΅,1546,1625,1585,0,14,2,189,1,0,0,206
ς±έΒϊΝΰ»ίζΩώσΆ,νεμ¤κδ,1598,1660,1629,3,6,5,35,12,4,0,65
ιΜϋΙΰ»ίζΩώσΆ,ΪΣΩώΩΌ,1570,1623,1596,0,3,2,37,10,11,0,63
ΞΖΦδΩώσΆ,ΡΡζΕπΣ,1585,1613,1599,0,1,1,158,1,2,0,163
β©ΰ¤ΰ»ίζΩώσΆ,ΪΣΰΌνώ,1555,1616,1585,3,4,2,178,22,7,0,216
ί²Ρ¥ΣΡΰ»ίζΩώσΆ,ΠΦγΐεΧ,1598,1663,1630,0,0,1,91,1,0,1,94
ςΉα¶ΰ»ίζΩώσΆ,όάμιϋΣ,1588,1641,1614,3,1,4,163,7,4,2,184
ΛÒϋΙΰ»ίζλ¶ΝΓ,ΡΡγΐρΊ,1575,1617,1596,1,0,1,73,5,0,0,80
ΡπΝΫλ¶ΝΓ,οχΡΝ,1566,1619,1592,1,1,1,50,3,0,0,56
εΫξκΰ»ίζΩώσΆ,Χ³ρκΧ£,1558,1629,1593,0,4,3,78,2,3,1,91
ΞϊΛάΣΡμοσΆ,οχΜΤύι,1569,1621,1595,0,18,1,38,2,6,1,66
Μ£ΚΥσΆ,παοώ,1555,1636,1595,13,12,1,142,19,5,0,192
ΣÒυ½σΆ,όάκΡ,1605,1654,1629,4,1,10,251,2,5,2,275
θΛοΝΰ»ίζσΆ,ΧέειηΘ,1568,1639,1603,12,21,0,114,13,9,3,172
ωΓΝΫΰ»ίζγΜ?,ϊΙ?,1551,1588,1569,1,7,3,87,4,4,2,108
ΨΉωΚΣΡΰ»ίζΩώσΆ,ΫΠίΖλ¥,1622,1666,1644,2,66,16,109,0,1,7,201
ΤΤΝΑΰ»ίζΩώσΆ,ίοήΦΰΤ,1579,1651,1615,3,0,6,247,15,1,4,276
αζαµΰ»ίζΩώσΆ,ΟνιΤ,1552,1590,1571,0,16,1,136,10,0,2,165
Ω·ΣΡσΆ,ϋσΧΫίΤ,1549,1615,1582,20,0,3,222,2,0,1,248
ωΞτ»σΆ,ΧέαΧ,1606,1665,1635,0,7,6,207,0,4,0,224
ΠΦτΉσΆ,οχγΑασ,1601,1647,1624,5,3,5,84,6,2,2,107
κ£ΝΆΩώσΆ,ξομ¤ΰυ,1577,1645,1611,0,6,3,77,0,0,0,86
Ϋέππδέΰ»ίζΩώσΆ,Χ³ςΓ,1602,1662,1632,0,23,2,197,8,0,0,230
δªά΅ΣΡγΜσΆ,Χέκªίζ,1567,1654,1610,0,0,1,145,0,0,0,146
νϊδέσΆ,ΡΡσγπΣ,1581,1637,1609,0,0,0,220,1,1,0,222
ΩώΝΫΰ»ίζλ¶σΆ,ϋσύΪ,1602,1653,1627,0,0,3,74,6,2,1,86
ιΜΝΆΰ»ίζΩώσΆ,ηο?,1576,1641,1608,4,12,0,69,2,1,0,88
γΌλίΣΡΰ»ίζΩώσΆ,ΧέςÒ,1555,1628,1591,0,5,0,40,2,4,0,51
ΠΦμ―ΣΡΰ»ίζΩώσΆ,ΫΠΧ£ΡΞ,1556,1609,1582,7,18,9,235,10,14,14,307
θ¬ΝΆσΆ,ΦΤ?,1518,1578,1548,8,4,2,94,36,12,11,167
ΜΧθΐσΆ,ΡΡύΞ,1597,1638,1617,0,12,1,423,4,14,5,459
μ¥ΝΆσΆ,Ρυϊ­Υα,1598,1667,1632,3,3,14,194,8,14,9,245
σηρ½ΰ»ίζλ¶ΝΓ(αΩσΆ),ΤώΩςαζ,1577,1653,1615,51,2,3,106,3,4,0,169
ρΣϊΝΰ»ίζΩώσΆ,πΖβΧ,1504,1582,1543,2,0,1,220,0,0,0,223
ΰφξ±ΰ»ίζΩώσΆ,ΠΦΥµβ³,1530,1604,1567,0,13,0,114,1,5,0,133
Πκξ±ΩώσΆ,γιΞΓωΣ,1484,1555,1519,21,0,7,1232,12,19,15,1306
ΫάϋΙσΆ,ΪΣπª,1549,1587,1568,9,0,0,636,0,0,0,645
Κ¦ύΟΰ»ίζΩώσΆ,παμΝ,1556,1613,1584,1,1,0,631,4,0,1,638
ϊάΝΫσΆ,πακΥωΫ,1567,1649,1608,14,1,8,597,15,2,1,638
ςΉί£ΰ»ίζΩώσΆ,πΗϋΏμΜ,1545,1609,1577,0,12,5,198,5,0,3,223
ςθάθμοΝΓ,ΟνΞΫ,1575,1652,1613,0,0,1,145,3,0,0,149
ιΜάθΰ»ίζΩώσΆ,όάμΜτθ,1589,1659,1624,3,8,3,82,0,2,1,99
εΥχ¨ΰ»ίζΩώσΆ,ΡΡ?εΧ,1574,1644,1609,0,6,0,95,11,0,0,112
ΤΤΝΆΩώσΆ,παϊϋΤ³(κΐΤ³),1567,1637,1602,1,11,4,489,9,2,1,517
Τφδέΰ»ίζΩώσΆ,ΫΠίΣΧ£,1574,1655,1614,0,62,12,99,36,0,5,214
δΕξ±ΰ»ίζΩώσΆ,ίοήΦκΐ,1550,1615,1582,0,22,0,236,0,6,24,288
ΰδκΕΣΡΰ»ίζΩώσΆ,ΡΡέ£ΧΓ,1531,1598,1564,0,27,0,315,9,2,0,353
ΠΞγ·ξ±ΰ»ίζΩώσΆ,ΡΡϊ§,1555,1593,1574,3,23,0,110,2,0,2,140
ϋΫΝΆσΆ,γιξκΤ³,1574,1663,1618,18,0,0,44,6,4,0,72
μ£ιΧΣΡΰ»ίζΩώσΆ,Ον?,1580,1651,1615,6,13,4,199,5,0,1,228
κνζΤΣΡΰ»ίζΩώσΆ,ΡΡΣήϊη,1553,1602,1577,2,12,4,49,9,5,0,81
ΟÒ?ΰ»ίζσΆ,ΧέσΎ,1575,1654,1614,0,5,1,78,5,0,0,89
υΥκΕΣΡΰ»ίζΩώσΆ,ωΫί£Τΰ,1556,1627,1591,1,3,2,137,3,5,0,151
υΥκΕϊΝΰ»ίζΩώσΆ,αέί²ΰπ,1585,1653,1619,0,8,2,63,0,0,0,73
σηΟΘΣΡλ¶ΝΓ,ΡΡαΆΫ΅,1569,1642,1605,0,0,2,49,0,0,0,51
Ψήδάΰ»ίζΩώσΆ,ΧέβÒΥΪ,1519,1592,1555,0,4,0,55,1,2,2,64
ά΅ηόΰ»ίζΩώσΆ,ΧέΩώΥΪ,1498,1581,1539,0,3,0,82,3,0,0,88
υπψΥλ¶ΝΓ,Χ³γξΦΥ,1581,1648,1614,0,0,1,405,0,1,0,407
ωΝάθΰ»ίζΩώσΆ,ΡΡα¤μι,1538,1593,1565,22,74,2,491,4,12,8,613
ό£ψέλ¶ΝΓ,ϋσμΟωΣ,1586,1638,1612,3,0,0,83,0,0,0,86
ψΩθΊσΆ,οχεΘ,1600,1668,1634,8,22,1,43,11,0,0,85
Κ«ρ¶σΆ,ΧέίΖςυ,1597,1635,1616,0,0,2,97,2,1,1,103
ΰ¤ΝΆΰ»ίζμοΝΓ,ΡΡΣΔαψ,1535,1603,1569,0,6,2,98,0,0,0,106
γΌΡυΰ»ίζΩώσΆέΎΦβ,κδΝ΅,1607,1664,1635,84,96,19,721,33,32,16,1001
ΫΫδάΰ»ίζΩώσΆ,ΡΡ?,1540,1616,1578,28,18,2,236,11,2,0,297
ιΜδάΰ»ίζΩώσΆ,ΪΣκ£,1493,1562,1527,0,12,2,64,7,0,4,89
ΛÒδάΰ»ίζΩώσΆ,ΡΡιΤΞΫ,1524,1590,1557,9,4,1,42,2,0,1,59
υΥχηΰ»ίζσΆ,αδΡΛαψ,1507,1583,1545,7,0,0,26,0,10,9,52
τμΦ¥σΆ,Χέύ­Ϋά,1520,1578,1549,0,0,2,103,0,1,0,106
ÒάψΥΩώσΆ,οχΩώέ΅,1565,1624,1594,17,0,1,379,5,0,0,402
ς±πλΣΡΰ»ίζΩώσΆ,ΪΣΩ¥?,1571,1639,1605,24,19,25,163,0,6,3,240
υΥΣΑΰ»ίζλ¶σΆ,οχ?,1599,1657,1628,0,11,0,34,5,0,1,51
ύΜ?λ¶ΝΓ,ΥεόψΨλ,1607,1659,1633,0,1,2,399,0,2,0,404
ΤΤί£σΆ,ΟνΠΊΥΥ,1584,1631,1607,0,2,1,50,1,0,1,55
ωΚψΥΰ»ίζΩώσΆ,οχύΎ,1588,1647,1617,0,10,2,55,12,1,0,80
όψΦ―ξ±λ¶σΆ,ΧέΜΦρΊ,1500,1597,1548,0,0,4,28,0,17,1,50
ΰ΄τΉσΆ,ΧωεβΦΖ,1496,1568,1532,0,0,1,701,0,0,0,702
ΤΤΝΑλ¶ΝΓ,ΧέρέΜΤ,1499,1578,1538,103,19,1,48,6,0,7,184
μϊζΠξ±ΩώσΆ,ΫΠί²μΜ,1534,1588,1561,11,13,3,366,0,1,4,398
ΰ¤ΜΠσΆ,Χ³ΠΖ,1549,1627,1588,35,6,7,374,6,1,6,435
ηιάθΰ»ίζΩώσΆέΎΦβ,ΧέϋΏΪΚ,1553,1634,1593,87,40,33,945,38,40,13,1196
Ω·ΣΡΰ»ίζΩώσΆ,αέτ¥Òν,1553,1634,1593,0,19,11,396,5,0,4,435
Κοβ§ξ±ΩώσΆ,ΪΣζ£ΥΪ,1554,1611,1582,37,3,5,191,15,7,0,258
ΰ¤ΣΑΰ»ίζαΩσΆ,ϋσκΤ,1559,1624,1591,1,33,0,202,7,0,3,246
μΫξ±σΆ,ϋσΰη,1504,1585,1544,0,0,1,362,0,0,39,402
Σ΅ΝΫΰ»ίζΩώσΆ,Ξ¬??,1568,1633,1600,2,17,10,240,6,15,8,298
ύΜθΊσΆ,φΨΞΓα¦,1577,1624,1600,5,0,3,224,5,3,1,241
ΨΞθΐΰ»ίζΩώσΆ,ΡΡη΄πΣ,1577,1648,1612,24,13,1,417,8,1,2,466
ΰ΄Ϊ¦ΰ»ίζΩώσΆ,οχη΄Ϋΐ,1577,1645,1611,2,8,0,494,11,2,3,520
νΦΝΫΰ»ίζλ¶ΝΓ,ΡΡλΌ,1580,1658,1619,132,22,21,382,30,8,18,613
ΫάΛ°σΆ,ΧέΜΧζ«,1585,1657,1621,139,7,1,573,21,0,5,746
ωΝήήΰ»ίζΩώσΆ,ΡΡλλπΣ,1587,1667,1627,28,12,33,353,40,15,83,564
σηρ½σΆ,φΨρύωΣ,1596,1657,1626,24,3,5,161,6,0,2,201
αζΨ½σΆ,ΟΣφΨ,1576,1654,1615,1,1,3,80,1,16,0,102
δªάθσΆ,οχΠΊύ­,1577,1658,1617,8,2,23,114,10,8,9,174
Ω¥ΝΫλ¶ΝΓ,ηούρΤ³,1584,1624,1604,3,0,3,43,6,6,0,61
ΛÒΝΫΰ»ίζλ¶σΆ,Χέμ³αζ,1598,1665,1631,5,6,5,281,12,5,6,320
σηρ½ΰ»ίζΩώσΆ,ΪΣΤΔάΦ,1584,1647,1615,9,12,5,146,5,3,3,183
β²λίΰ»ίζλ¶σΆ,ΧέϋππΤ,1595,1660,1627,0,8,1,49,7,0,6,71
ρΣ?σΆ,Ξύη«,1584,1663,1623,0,1,7,199,0,1,3,211
πελίσΆ,ωΫΩΣσΡ,1589,1662,1625,0,1,5,75,12,0,8,101
ϊΘρΗΩώσΆ,ΡΡζ£ις,1581,1661,1621,0,0,2,214,5,1,1,223
κ£δΐΰ»ίζΩώσΆ,Χέωδ,1554,1632,1593,6,6,2,93,4,2,0,113
χηΝΫλ¶ΝΓ,Χέα¤ρι,1539,1593,1566,2,10,1,225,0,0,1,239
?ξοΰ»ίζΩώσΆ,ΡΡριτθ,1566,1629,1597,15,18,45,320,0,7,5,410
ςΉΦΊΰ»ίζΩώσΆ,λΕλωοφ,1525,1602,1563,0,2,2,135,0,5,1,145
ΨΉηφΰ»ίζΩώσΆ,γιΣΉΤ³,1576,1631,1603,66,35,8,130,6,4,4,253
ΝΆλδσΆ,πΖωΣήΉ,1583,1640,1611,0,24,5,132,0,1,0,162
ππξ±ΰ»ίζΩώσΆ,σωαΙΟν,1480,1548,1514,6,0,3,199,1,3,7,219
αϊδέΰ»ίζΩώσΆ,οχήΜςθ,1567,1616,1591,0,19,7,52,7,0,1,86
Ριυ½ΰ»ίζλ¶ΝΓ,ΪΣυχκª,1507,1581,1544,0,0,4,192,1,1,2,200
ΞΔΰ¤ΰ»ίζγωΡΊ,ΪΣςθηΘ,1569,1641,1605,0,13,3,30,3,0,1,50
αζηρΰ»ίζΩώσΆ,οχξν,1569,1639,1604,7,13,2,44,5,3,2,76
Ϊ¨δάΰ»ίζΩώσΆ,ΡΡΧΜ,1549,1594,1571,0,5,3,108,4,1,0,121
ΟΟυ½σΆ,Χ³ΜΨδΆ,1516,1571,1543,2,0,3,78,0,11,1,95
έΑδνΰ»ίζΩώσΆ,ΡΡΠπ,1547,1603,1575,0,7,0,124,3,1,1,136
όβΣΡσΆ,γικªΦί,1516,1576,1546,0,2,0,49,4,0,0,55
Σήϊ­ΰ»ίζΩώσΆ,όάλλτθ,1524,1605,1564,1,2,1,59,1,0,0,64
Ϋ°ϋΎΰ»ίζΩώσΆ,παρεΤ³,1576,1665,1620,0,10,3,146,4,5,4,172
ίΝκψσΆ,Χ³ήΦΠ®,1534,1607,1570,0,0,0,406,0,0,0,406
ΰύδΰσΆ,ΡΡόψκª,1532,1590,1561,7,1,2,201,4,3,4,222
βύΣμξ±ΰ»ίζλ¶ΝΓ,ΧέλΘΜΤ,1498,1562,1530,1,30,0,97,1,0,0,129
εΧϋΗΣΡλ¶ΝΓ,ΧέΣμζν,1534,1599,1566,82,0,1,4,0,2,0,89
ΰ΄ΣΑΰ»ίζΩώσΆ,ΧέλΘιλ,1569,1634,1601,5,31,7,153,19,2,10,227
μιαζσΆ,φΨύμαψ,1548,1622,1585,38,0,0,440,16,0,6,500
δΜυ½σΆ,ΫΠλλ?,1544,1602,1573,1,4,0,204,4,2,0,215
ΡυτΉΰ»ίζΩώσΆ,ΟνΤΰΩώ,1543,1617,1580,2,3,1,191,6,0,0,203
ΩΖυ½ΰ»ίζΩώσΆ,Χέοη,1541,1613,1577,0,18,2,37,2,0,0,59
ÒΘχηΰ»ίζΩώσΆ,Χέύί,1557,1627,1592,0,0,2,110,12,2,8,134
ω£δπσΆ,δΜΪΒωΚ,1542,1601,1571,0,2,2,110,5,1,0,120
ΪιΚΥσΆ,όάÒο,1578,1626,1602,0,2,3,128,2,6,0,141
νΦθΐλ¶ΝΓ,ΧέΩ¤ρΥ,1572,1630,1601,9,5,3,153,4,0,1,175
πΓΰύΣΡΩώσΆ,ΡΡχΚΧ£,1547,1627,1587,0,8,8,191,7,2,2,218
κΕάθΰ»ίζΩώσΆ,ΝΤμÒΝ©,1564,1647,1605,0,29,3,206,10,0,8,256
ςΉάθΰ»ίζλ¶ΝΓ,Χέπση΄,1551,1606,1578,1,0,1,67,0,0,0,69
ΨήσλσΆ,οχήΝγα,1558,1619,1588,4,5,5,227,10,1,3,255
ΰύΠΊΣΡΰ»ίζΩώσΆ,ΡΡϋπΪ°,1557,1605,1581,17,18,11,75,2,1,5,129
ΡβΠΦϊΝΰ»ίζΩώσΆ,ΧέοΤΫΫ,1553,1600,1576,0,0,2,103,1,0,0,106
ΞÒδέΰ»ίζμοΝΓ,ΧέΚΟ(ΜΦτΈ),1576,1637,1606,0,0,0,65,0,0,2,67
ÒΞξΒλ¶ήΐ,ΧέεΥκª,1526,1592,1559,1,2,0,127,0,6,2,138
ΤΤΧζΰ»ίζΩώσΆ,ΡΡλΓδΜ,1560,1622,1591,3,13,0,282,11,2,0,311
ν»ΡβΣΡΰ»ίζλ¶σΆ,ΟναϊΜθ,1584,1659,1621,2,0,0,113,0,0,1,116
?ξ±σΆ,πΖιÒμÒ,1561,1625,1593,2,2,6,355,1,6,1,373
ϋΙεΥΰ»ίζΩώσΆ,ΟνμΜσγ,1562,1645,1603,0,1,2,100,1,10,0,114
ζ²Ρβξ±ΰ»ίζΩώσΆ,ΡΡφΘΞ°,1569,1661,1615,0,3,1,99,5,3,0,111
ΞΩϊΝσΆ,Ξ¬ξΆΜΕ,1547,1615,1581,0,1,1,101,1,0,0,104
ΠήΝΆσΆ,ΦΫμγ,1566,1622,1594,6,0,3,82,0,0,0,91
υπβ²ΣΡσΆ,οχβ³ΪΕ,1577,1658,1617,0,1,2,317,37,0,1,358
ϋΎάθΰ»ίζΩώσΆ,ΧέΤΒ,1568,1624,1596,0,0,1,177,1,0,0,179
υΥί£ΰ»ίζΩώσΆ,ΪΣϋπρι(ϋπΨ΅),1582,1646,1614,9,3,5,131,4,3,3,158
ÒβάθσΆ,ς®Σμϊ­,1583,1641,1612,8,5,6,57,2,0,2,80
Ρυχηλ¶ΝΓ,δΜλ¦γε,1580,1657,1618,2,5,0,338,6,3,2,356
ΜΧξ±λ¶ΝΓ,ΡΡγΐοί,1579,1612,1595,0,0,0,212,0,0,0,212
Ρυυ½λ¶ΝΓ,λΕρύϋϊ,1476,1558,1517,0,0,4,135,0,2,0,141
?ξ±ΰ»ίζΩώσΆ,ΪΣΞΓιΞ,1495,1545,1520,2,2,1,138,2,5,2,152
ωΝτΉΰ»ίζλ¶σΆ,Χέάρυπ,1542,1625,1583,0,3,1,103,4,0,1,112
ΰ§Ούν­ΰ»ίζλ¶ΝΓ,οχλΓϊ²,1553,1618,1585,0,19,2,161,4,1,0,187
?άθΰ»ίζΩώσΆ,υΛσ³?,1583,1656,1619,0,0,1,169,0,0,0,170
ήήυ½ΰ»ίζΩώσΆ,δΜΣμΧψ,1563,1609,1586,0,0,1,48,2,4,0,55
τθΝΆσΆ,Ξύύμ,1552,1599,1575,0,0,1,97,0,0,0,98
ψΆάθΰ»ίζΩώσΆ,ϋσΪΒγν,1556,1607,1581,1,0,0,80,0,1,0,82
ΨήΣΑΰ»ίζγΜΝΓ,δΜΝλγα,1496,1561,1528,0,0,0,108,0,0,0,108
σηρ½ΰ»ίζλ¶ΝΓ,οχίΩ,1533,1609,1571,1,1,1,105,0,4,0,112
ϊΕϋΙσΆ,υΛκ£ιη,1532,1605,1568,1,33,3,32,2,1,0,72
ςΉί£ΰ»ίζΩώσΆ,ΡΡψΆκª,1524,1569,1546,0,2,2,114,5,2,0,125
ιΥδέλ¶σΆ,ΡΡρΏ,1512,1565,1538,5,0,3,66,0,6,2,82
τΧΩ·ΣΡΩώσΆ,Χωιύ,1517,1572,1544,3,0,1,143,0,3,0,150
αζΝΆΰ»ίζμοσΆ,ΠΦ?,1510,1592,1551,0,3,2,55,0,0,0,60
ί²ΰύξ±μοΝΓ,αέύιΦΙ,1548,1578,1563,2,3,2,99,1,6,0,113
ϊ­κΕΰ»ίζΩώσΆ,όάζ£μι,1556,1596,1576,9,26,7,628,18,5,4,697
γ§θΐλ¶σΆ,ΧέρΊτΈ,1600,1654,1627,0,3,3,77,2,2,0,87
Ρπΰδξ±γΜσΆ,ϊΙυΆύο,1563,1589,1576,0,0,0,52,0,0,0,52
Σζλίΰ»ίζΩώσΆ,ΟνΜί,1604,1666,1635,0,3,0,88,4,6,1,102
ΨήϊΝσΆ,ϋσρέϊϋ,1606,1666,1636,0,0,15,139,8,0,0,162
?ηΔΰ¤ΩώσΆ,ξοΩ¥Χ£,1606,1666,1636,3,7,11,367,6,9,0,403
φ­λίμοΝΓ,αδΣμέª,1603,1664,1633,0,16,0,52,7,0,0,75
λΡκ®ΰ»ίζΩώσΆ,ΧέΝυ,1533,1612,1572,0,4,2,86,0,0,0,92
κλϊΝΩώσΆ,γιΡΞύΗ,1604,1663,1633,0,0,0,148,1,0,1,150
π΅?ξ±ΰ»ίζμοΝΓ,ΡΡλλΩ°,1593,1647,1620,3,0,1,34,8,4,1,51
ΤΰδάΩώσΆ,ξοη΄,1609,1660,1634,1,7,8,47,1,0,0,64
σηδάλ¶ΝΓ,ά«Ω¤μΜ,1610,1660,1635,0,4,4,171,2,0,0,181
Ργΰ¤σΆ,νεΨΉ,1566,1629,1597,62,4,1,77,0,1,0,145
έΜΰ¤σΆ,ΪΣ?,1592,1645,1618,0,0,23,474,15,7,8,527
ηιί£σΆ,σ³τΈΦΩ,1556,1615,1585,0,0,0,64,0,0,0,64
ϊάρ½σΆ,πασΕωΫ,1572,1653,1612,30,4,64,546,16,28,9,697
ί²Υ¥ΣΡΝΓ,ΪΣόζΩς,1575,1666,1620,9,12,3,1056,9,0,0,1089
ϋΙρ½σΆ,σωλ®ύ­,1599,1660,1629,27,0,7,419,16,5,13,487
ςΉάθσΆ,Χέ?ΞΓ,1563,1628,1595,0,0,13,547,0,0,0,560
κΕΣΑΰ»ίζμοΝΓ,ΡΡοΥΧ£,1561,1619,1590,0,3,0,76,2,0,0,81
ί²ο½λ¶ΝΓ,λΕμ¤Ω¥,1561,1646,1603,32,0,0,146,0,2,0,180
ς±χάΣΡΰ»ίζλ¶ΝΓ,ΧέοΥϋ°,1549,1607,1578,8,3,0,176,8,0,1,196
μνύΜΨυςδΥΧΰ»ίζΦ¤ΝΓ,ΠΦλλϊρ,1526,1596,1561,0,39,2,143,14,0,2,200
Ρ±δέσΆ,οχϋπΩ¨,1577,1650,1613,31,6,13,634,46,15,8,753
ΞωΣΡΰ»ίζσΆ,ΪΣνώκΐ,1607,1666,1636,80,6,27,1037,33,37,11,1231
αζΚΥΰ»ίζΩώσΆ,όάλλΠ¥,1518,1598,1558,3,0,0,377,11,0,2,393
τ¥ίΘθΐΩώσΆ,υΛοΨζΤ,1571,1654,1612,1,0,1,96,8,0,0,106
Ξ΄ψΥσΆ,ΪΣϋπΪΈ,1571,1642,1606,2,0,2,321,2,0,1,328
υπΣÒΰ»ίζΩώσΆ,ηοαϊηΓ,1521,1607,1564,0,0,7,405,3,1,0,416
μΜεΥΦ¤Ϋ»σΆ,ΡυΜΤύΉ,1572,1612,1592,4,16,7,256,24,7,4,318
ΠτδάσΆ,ΫφΜ±,1552,1634,1593,0,0,1,105,0,0,0,106
θ®ΝΆΰ»ίζμοΝΓ,Χέϊ®,1496,1550,1523,0,11,3,128,5,13,4,164
π΅ΞΊξ±ΰ»ίζά¬σΆ,ΧέΣ®ίΣ,1628,1669,1648,40,258,6,280,7,6,0,597
ΤÒυπΣΡΰ»ίζσΆ,αδρέΡΞ,1606,1672,1639,206,480,39,70,22,4,45,866
Κηδέΰ»ίζΩώσΆ,Χέϊάμο,1627,1704,1665,137,364,64,242,24,36,98,965
λ¶ΝΓά¬,λΕρυ,1629,1714,1671,129,342,58,629,86,14,139,1397
νΫδάΰ»ίζσΆ,οχϋΛ,1648,1736,1692,136,39,45,232,32,32,104,620
ΪΛδΰΰ»ίζΩώσΆ,Χέξ¨,1657,1730,1693,3,227,57,262,24,24,65,662
ΡυΣÒσΆ,ωΫκªςθ,1682,1751,1716,41,291,37,179,10,32,21,611
Ϊ΄ϋΙσΆ,ΡΡκªϊΌ,1702,1772,1737,29,243,31,183,43,11,66,606
Σήί£ΰ»ίζΩώσΆ,ΧέίΪοώ,1711,1781,1746,8,570,101,399,25,40,68,1211
ΫέέΧδΰΰ»ίζΩώσΆέΎΦβ,υΛύικΐ,1705,1786,1745,0,307,9,57,16,24,11,424
ί²ί£ξ±σΆ,ΡΡΧΫδΜ,1722,1791,1756,31,63,28,204,30,13,13,382
ΰυΣΑΰ»ίζσΆ,αδόΊΡΉ,1728,1807,1767,97,276,123,218,31,53,231,1029
αίξ±ΰ»ίζΩώσΆ,ΡυωΣπΘ,1744,1809,1776,3,334,3,136,0,24,0,500
ÒΗρ½σΆ,ηούχίΘ,1763,1833,1798,30,292,31,0,30,5,61,449
Λ§ξ±ΰ»ίζσΆ,αδφΔΠ¤,1759,1838,1798,78,92,105,47,18,21,101,462
αϊπσξ±σΆ,αδΣΉβª,1808,1858,1833,14,85,55,71,10,12,29,276
ΝΥί£ΰ»ίζαΩσΆ,μςϊΚόδ,1811,1876,1843,45,389,89,185,23,70,181,982
ΩνιΔΣΡλ¶ΝΓ,β³ζΡ,1651,1719,1685,0,10,4,85,0,7,0,106
?δΰσΆ,??,1717,1789,1753,1,14,1,124,0,0,0,140
φ¨Ϊ°ΣήήΤσΆ,αϊτψ,1590,1668,1629,0,1,2,160,0,0,0,163
κΕξΒσΆ,Τ³δΜ,1638,1715,1676,19,1,7,219,0,6,0,252
ΰ¤ψέΰ»ίζσΆ,ΡΡΨΏρμ,1637,1692,1664,47,0,5,230,14,1,1,298
ÒάδάσΆ,ΡΡσγϊπ,1651,1708,1679,70,166,61,589,69,47,31,1033
ί²ζΠσΆ,ΡΡσγύθ,1653,1722,1687,2,123,57,1514,44,94,57,1891
τθΣζΰ»ίζΩώσΆ,ΟνίΣμι,1679,1759,1719,29,129,35,793,16,16,45,1063
Τ¶δΰΰ»ίζσΆ,Χέξ­,1678,1746,1712,57,480,48,647,22,16,385,1655
ΰψϋΙΰ»ίζΩώσΆ,ΧέμΛ,1681,1763,1722,31,301,196,576,10,64,156,1334
κ£ψΐΰ»ίζΩώσΆ,αδÒφίΣ,1710,1758,1734,19,98,2,68,11,8,0,206
ΫΰδάσΆ,σωπ­Νρ,1720,1799,1759,349,29,67,1877,95,99,156,2672
θΦΣΡΰ»ίζξοσΆ,ΡΡοαύμ,1786,1856,1821,23,53,46,769,4,30,1,926
ΦΦήήσΆέΎΦβ,Πτοαςε,1798,1878,1838,3,292,207,258,6,94,66,926
ζΠξ±ΰ»ίζΩώσΆ,αδάΌΰΗ,1836,1895,1865,34,403,175,261,41,210,321,1445
ν΅ξ±ΰ»ίζΩώσΆ,οχπσΦΫ,1738,1816,1777,8,259,75,783,34,46,192,1397
άσίψσΆ,κδγξόΊ,1801,1859,1830,4,38,24,4,7,34,21,132
ςΛδΰσΆ,ΧέτΈάΠ,1698,1761,1729,74,8,29,362,25,18,10,526
ιΧΣΑΰ»ίζΩώσΆ,οΛγΑωΧ,1625,1707,1666,33,66,0,4,7,0,4,114
ΰ¤χησΆ,ηοΤ³μι,1645,1703,1674,145,36,40,1216,41,24,12,1514
αζδάσΆ,Χέξ°ϊϋ,1665,1731,1698,0,133,1,20,8,6,8,176
ε·ί£ΨΌΝΓ,ηοΞΓκ΅,1689,1745,1717,31,2,34,317,16,34,29,463
β©υ½ΩώσΆ,ηογ·αψ,1632,1681,1656,83,3,1,226,4,3,0,320
ν΅ξ±ΰ»ίζλ¶ΝΓ,Λ©ξΆωφ,1689,1756,1722,60,18,25,612,31,67,18,831
ί£τ»σΆ,ΪΣρ²ρ£,1803,1877,1840,19,98,19,221,64,14,25,460
Λ°ρ§ΰ»ίζΩώσΆ,ΟνΨΏ,1688,1749,1718,4,45,13,642,27,22,11,764
ΪςΝΆσΆ,ΧέεΧηξ,1737,1811,1774,0,0,1,603,0,0,0,604
ιΜί£σΆ,ΧέΤ§,1639,1713,1676,1,6,7,360,7,2,0,383
ΜΧΣΡλ¶ΝΓ,Χ³ίΣρέ,1853,1895,1874,0,13,9,32,4,13,4,75
κΕρ½σΆ,αΜΤΰί£,1627,1693,1660,90,21,3,189,0,0,0,303
ΟύδΕθΐσΆ,Χ³ΞΔτΈ,1732,1799,1765,35,191,23,661,11,15,5,941
ω£Λβλ¶ΝΓ,ΧέΩώΠ®,1617,1688,1652,1,4,10,157,2,8,1,183
σηΝΆσΆ,Χωη¶,1649,1696,1672,41,197,5,343,6,40,8,640
ϊΘξ±σΆ,Χ³ϋ³κΉ(α¦κΉ),1632,1695,1663,0,0,2,96,0,2,0,100
ΝΆΣΡσΆ,οχόβσΎ,1759,1831,1795,0,1,19,587,9,11,3,630
ρΣάθσΆ,ΝΤιΔρο,1672,1735,1703,12,0,14,222,0,2,0,250
θ§τΉλ¶ΝΓ,ωΫΫΧκο,1675,1742,1708,2,28,5,190,13,6,0,244
ΫΪάθσΆ,οχίΤΧ£,1643,1709,1676,1,0,4,303,0,4,4,316
ϋΎλίσΆ,οχΟΠήΉ,1667,1727,1697,3,0,4,145,0,1,0,153
ιΜρ¶ΰ»ίζλ¶ΝΓ,παΜη,1586,1669,1627,100,0,28,591,40,11,52,822
ΡυχησΆ,ϋσιΤκΉ,1605,1687,1646,94,36,2,466,3,14,6,621
ÒΘδνσΆ,Χ³Τ³κΉ,1721,1791,1756,0,70,1,154,11,2,15,253
Λ°ωΣσΆ,όάΜΨκΉ,1709,1787,1748,56,42,162,189,42,109,60,660
ΰ¤ρ¶ΰ»ίζΩώσΆ,Ϋ®Τΰξ°,1645,1706,1675,0,17,0,72,0,2,0,91
ÒΗάθσΆ,ΪΚπ£ρμ,1628,1692,1660,95,92,1,64,10,0,22,284
νφδέΩώσΆ,ΡΡγΑΥ¦,1857,1896,1876,1,81,10,94,16,8,9,219
ψΆηξϊΝΰ»ίζΩώσΆ,ΡΡαΆΞω,1641,1707,1674,14,13,0,198,28,4,2,259
ιλΝΑΩώσΆ,ΡΡΤ³ϊΌ,1728,1812,1770,0,79,4,98,24,3,11,219
ςΉυ½ΰ»ίζΩώσΆ,ΡΡΫΐΛω,1623,1695,1659,20,52,10,95,2,0,5,184
άτΟ΄ΣΪΰ»ίζΩώσΆ,ΡΡ?,1606,1681,1643,2,0,11,71,24,6,0,114
ςΉΝΫΰ»ίζλ¶σΆ,ΡΡοαωΣ,1711,1766,1738,0,5,3,100,17,3,0,128
ϊΒί£ΩώσΆ,ΧέΨΉΤ§,1842,1895,1868,11,221,123,276,10,19,184,844
Λνξ±ΰ»ίζλ¶σΆ,ΡΡτ¶μπ,1537,1593,1565,10,29,20,150,19,15,5,248
ΤΥΛªΰ»ίζλ¶ΝΓ,ΧέλφΜΧ,1704,1778,1741,0,12,19,54,6,11,20,122
ΨΉαϊξ±λ¶ΝΓ,ΧέΪΒΡ­,1646,1704,1675,10,31,12,106,0,0,6,165
ϊ­ΠήσΆ,ηοΣΉκ΅,1700,1746,1723,1,0,0,250,0,1,0,252
ΨήωΙΰ»ίζλ¶ΝΓ,ίοάσΦΏ,1622,1687,1654,5,249,16,23,12,24,2,331
Τ³υ½λ¶ΝΓ,ΡΡμÒωφ,1749,1828,1788,0,0,8,167,1,5,2,183
αζχηλ¶ΝΓ,Χέύμω¥,1813,1886,1849,0,0,2,175,0,0,0,177
?ΪΑξ±ΩώσΆ,Ωώφ¦ΞΓ,1752,1835,1793,0,7,5,65,0,0,2,79
ΡυψΥΰ»ίζσΆέΎΦβ,ΡΡΨΏηΘ,1684,1731,1707,4,18,15,526,7,37,7,614
ηµήΦξ±λ¶ΝΓ,υΛΰω,1639,1710,1674,4,0,6,111,0,5,0,126
πνξ±σΆ,κΰΫΧΠ¨,1727,1799,1763,3,14,43,166,5,64,29,324
υπϊΝσΆ,κΰΜφΪκ,1848,1895,1871,0,60,45,214,4,23,55,401
ϋΎί£ΛάήΝλ¶ΝΓ,κΰωΑπΤ,1809,1881,1845,0,2,3,145,0,1,0,151
ρΣηρΰ»ίζλ¶ΝΓ,κΰΤ³?,1763,1830,1796,2,3,27,10,1,7,12,62
ίφΝΆλ¶ΝΓαΩσΆ,κΰΫΧβν,1737,1815,1776,3,5,7,48,1,14,9,87
ΡΐελσΆ,ϊΙΩΟ,1595,1682,1638,99,115,93,94,44,138,231,814
ηιάθλ¶ΝΓ,δΜαψΦί,1776,1857,1816,5,91,15,155,10,8,8,292
γεδέΩώσΆ,ΧέΨΉΚΒ,1815,1874,1844,0,176,12,158,20,12,28,406
ηΙμ»ξ±λ¶ΝΓ,κΰΩώΣμ,1704,1784,1744,0,13,7,227,1,5,7,260
ήΦέ¥ξ±ΰ»ίζΩώσΆ,αδςεάσ,1840,1898,1869,0,65,17,117,9,13,7,228
β©υ½σΆ,ΝΤοΥάσ,1743,1822,1782,2,24,6,171,0,13,5,221
ΡυχησΆ,ΧέύκΰΈ,1804,1889,1846,0,31,16,267,7,12,4,337
ΤΤηρλ¶ΝΓ,πΖλφΝή,1832,1893,1862,0,49,9,107,5,4,0,174
αζω»σΆ,δΜΟΠοξ,1854,1898,1876,0,99,3,54,7,0,3,166
Νµί£λ¶ΝΓ,λΕΰΌΤ³,1587,1671,1629,47,38,18,316,0,6,4,429
ÒΝÒΝξ±ΰ»ίζΩώσΆ,ΡΡΨΏύΞ,1625,1694,1659,0,4,1,169,0,4,0,178
φ»φ»ξ±ΩώσΆ,ΡΡβ³ί²,1679,1767,1723,0,3,8,166,6,6,0,189
ΩώΝΓ,ΧΑιΔπ£,1843,1888,1865,0,0,29,454,12,26,11,532
ζ®Υτξ±σΆ,νεϊΚρ²,1777,1867,1822,4,140,30,174,4,33,45,430
όΐόψξ±σΆ,ΪΣϊΜΚ¦,1713,1772,1742,0,18,4,87,3,11,4,127
ϊάψΥΰ»ίζΩώσΆ,ΡΡΰΈΟΟ,1653,1718,1685,1,8,11,27,3,10,0,60
ΜηΣΡλ¶ΝΓ,ίολλβθ,1824,1880,1852,1,29,18,190,19,14,7,278
κ£ΝΆΰ»ίζΩώσΆ,όάγαΟΟ,1633,1685,1659,4,55,6,168,11,7,17,268
αΘψΥλ¶ΝΓ,ηοΜθΧΫ,1813,1893,1853,4,20,6,148,0,1,1,180
ΨωθΐσΆ,αΜΤΤΤ³,1592,1671,1631,16,2,1,223,0,0,2,244
ήήδνΰ»ίζΩώσΆ,ΪΚ?ϊι,1808,1882,1845,7,62,9,235,4,13,6,336
ήΦΰύξ±λ¶ΝΓ,αδϊΜξ¤,1863,1884,1873,0,14,8,27,0,5,0,54
πΈκΕΣΡσΆ,αδΠ¥Φ²,1630,1709,1669,53,0,2,376,12,3,10,456
αψϊΝΝΓ,ΧέρμΜΤ,1599,1678,1638,0,4,7,199,11,1,0,222
ύθξ±ΝΓ,ΧέήΦςυ,1705,1776,1740,1,14,26,293,35,14,12,395
μιΩΣΝΓ,ΧέΠ¥ίΪ,1727,1799,1763,0,0,51,513,38,21,30,653
τιχξϊΝΝΓ,Χέβ³Ϋζ,1665,1717,1691,0,10,0,98,1,0,0,109
ζετ»λ¶ΝΓ,υΛμνύΜ,1638,1699,1668,0,21,25,283,24,12,0,365
ρΣδάΩώσΆ,ΧέλλΟΟ,1703,1781,1742,0,0,1,225,5,3,0,234
ρΣψΥσΆ,ΪΣΡ«ρ£,1824,1898,1861,10,30,16,109,0,30,31,226
ΠΊΡρξ±σΆ,Ονπ­ΜΧ,1737,1814,1775,0,27,2,21,6,3,5,64
ΰύΛπξ±λ¶ΝΓ,Λ©?,1647,1691,1669,0,17,1,139,11,0,5,173
ΩΖί£σΆ,Λ©ΪΒξΚ,1651,1705,1678,4,3,1,141,0,0,0,149
ά³ΝΫΰ»ίζΩώσΆ,Ον?,1672,1741,1706,0,62,7,128,15,14,5,231
ιΧΝΫσΆ,Λ©ΫΫ,1690,1777,1733,0,0,0,350,2,0,0,352
χΑΥζΩώσΆ,ΝΤλΓγΥ,1831,1891,1861,4,32,0,196,10,3,0,245
υ®ΥζΩώσΆ,ΡΡίΣαψ,1815,1895,1855,0,41,5,256,16,8,13,339
γατΈξ±ΩώσΆ,ΟνήΦλΘ,1732,1803,1767,0,10,4,157,16,11,8,206
Κ¦ξ±ΩώσΆ,ΟνΩ¥ιΞ,1722,1795,1758,0,28,2,96,15,3,4,148
νΦΝΆΩώσΆ,ΟνσγγΥ,1724,1804,1764,0,4,0,80,8,3,6,101
ÒνϊΉξ±σΆ,ΧέήΤςΓ,1732,1810,1771,1,6,1,84,0,4,8,104
ΡυΚΨσΆ,Χ³ΤΤζΠ,1613,1681,1647,0,0,1,216,0,24,4,245
κσόγΣΡσΆ,Ονμ¤ςε,1668,1734,1701,47,9,36,251,13,32,27,415
δΜϊΝλ¶ΝΓ,ΟνίΖύω(ίΖύψ),1734,1809,1771,1,2,5,13,47,8,1,77
ΩναώθΊλ¶ΝΓ,Ον?,1623,1695,1659,9,13,2,40,0,3,0,67
θΜμ―ΣΡλ¶ΝΓ,ΪΣϋ°Σμ,1731,1815,1773,1,2,18,82,9,6,1,119
γΣδέΰ»ίζά¬ΝΓ,ΡΡΰΈ?,1634,1684,1659,214,10,27,373,54,12,31,721
χάεΫΣΡλ¶ΝΓ,ΡΡςείΒ,1684,1755,1719,40,0,0,624,0,0,0,664
Π¤ξ±λ¶ΝΛ,ΡυάΌτΙ,1817,1863,1840,27,0,20,188,2,23,1,261
ÒΗψΥΩώσΆ,ΪΣΞΓΰΈ,1764,1845,1804,12,19,11,193,13,6,6,260
π΅ξ±ΰ»ίζΩώσΆ,ΧέΣΔΩ¤,1646,1701,1673,69,27,8,26,24,1,13,168
ΡΨλίΰ»ίζΩώσΆ,ΧέΤΤψφ,1644,1700,1672,39,37,16,232,15,5,0,344
αζω¦ξ±ΰ»ίζΩώσΆ,αδρύ?,1636,1718,1677,0,14,14,182,6,2,11,229
ϋϊλίσΆ,ΧέγΑωφ,1672,1736,1704,2,7,14,363,18,2,14,420
Μηόδλ¶ΝΓ,Χέρ£ϋϊ,1813,1881,1847,3,29,8,158,18,64,2,282
Ò±ξ±σΆ,ϋσχΑλ£,1672,1715,1693,0,8,14,231,6,7,2,268
μ°φ»ξ±ΰ»ίζΩώσΆ,γιοαΩΌ,1690,1742,1716,0,25,6,164,11,25,8,239
Ούδάΰ»ίζΩώσΆ,Χέκªοξ,1622,1680,1651,68,20,30,98,37,8,24,285
ΩΣηόσΆ,ΡΡρ£β³,1728,1799,1763,32,6,30,107,15,9,29,228
ΤΥαµΰ»ίζλ¶ΝΓ,ΡυωΎοα,1678,1751,1714,0,15,8,370,17,10,19,439
ΜΧδέΰ»ίζΩώσΆ,ΩώΤΤΤ³,1646,1699,1672,1,65,15,173,6,6,9,275
ρΣϊΝΰ»ίζΩώσΆ,Τ΄γεσ£,1604,1678,1641,5,0,1,44,0,0,0,50
έδθΐΩώσΆ,οχρμΣΰ,1691,1762,1726,0,22,1,97,18,1,1,140
ιΥδέΰ»ίζΩώσΆ,ΡυΞϊΩ¥,1661,1719,1690,0,3,2,208,2,18,3,236
ÒΘάθΰ»ίζΩώσΆ,ΡΡ(?+οΩ),1670,1747,1708,14,17,5,263,18,34,0,351
ωΩθΒθΐΩώσΆ,ΪΣα¦οφ,1667,1732,1699,0,0,1,121,0,0,0,122
μ£δΜοΝλ¶ΝΓ,ΪΣΝλςε,1807,1877,1842,0,0,6,43,0,3,5,57
ΞΖδάλ¶σΆ,ΥεΰΈάΠ,1824,1889,1856,1,20,1,105,10,0,0,137
ΤκδΰσΆ,γιΫ²,1685,1736,1710,24,15,9,198,0,13,6,265
Ργδνΰ»ίζμοΝΓ,ΰχΡΓμΩ,1674,1737,1705,16,6,1,80,0,0,2,105
Ργδνΰ»ίζλ¶σΆ,δΜμνΧΫ,1661,1731,1696,1,12,16,65,6,4,0,104
ά»θΐλ¶ΝΓ,αδγύΩ¥,1788,1850,1819,0,5,5,66,3,37,0,116
όβΣΡΰ»ίζΩώσΆ,Χ³α¦τΙ,1627,1681,1654,1,17,0,67,3,0,0,88
αΓθΊλ¶ΝΓ,ΰχΣμιλ,1752,1827,1789,14,10,3,189,16,6,17,255
οÒξ±σΆ,ΪΣχΑάΠ,1654,1689,1671,18,0,0,105,1,2,0,126
αήξ±σΆ,ΪΣφΘϋϊ(φΘκΐ),1680,1767,1723,0,0,0,474,0,0,0,474
δΜξ±ΩώσΆ,ΧέΣμϊά,1648,1707,1677,2,6,7,20,6,5,5,51
ΰυΣΡσΆ,οχϊΣγν,1719,1793,1756,0,23,2,85,5,0,2,117
ΰ¤δάΰ»ίζΩώσΆ,ΧέςθΫά,1622,1707,1664,5,0,0,299,5,0,2,311
ΤΟΥΝσΆ,ωΫφΘκª,1821,1881,1851,0,0,0,267,0,0,0,267
ΣμάθΩώσΆ,ΧέςεΣλ,1738,1805,1771,13,41,3,106,7,1,3,174
θΒΧ£οΝλ¶σΆ,ϊΙϋΰ,1654,1714,1684,0,1,4,126,5,2,0,138
μ―δΜΣΡΩώσΆ,πατΈΜθ,1695,1776,1735,0,3,4,339,10,9,0,365
ΤΤήΝμοΝΓ,αδΩώω°,1795,1818,1806,1,0,2,138,0,0,0,141
ΞϊΝΨλ¶ΝΓ,Χέρμ?,1728,1803,1765,0,2,3,205,3,1,0,214
ΰ΄α¦λ¶ΝΓ,ΡΡπ£σΆ,1808,1859,1833,22,0,0,51,4,1,1,79
δ½ϋΙμοΝΛ,ΡΡύΚκ΅,1756,1819,1787,0,2,1,85,0,4,0,92
ν»α¥λ¶ΝΛ,ΡΡεΧΡ½,1789,1834,1811,0,0,0,58,3,0,0,61
ρΣΧωσΆ,"όάΠρκΉ(ΡΓωΣ, τ¥κΉ)",1817,1879,1848,0,0,0,143,0,0,0,143
τμΫϊΰ»ίζΩώσΆ,ΧέαϊζΠ,1693,1748,1720,2,26,2,95,10,1,0,136
αΤλίξ±ΩώσΆ,ΧέΟΟΰψ(ΟΟρΒ),1756,1835,1795,5,34,14,250,3,8,4,318
Ν―ΝΆΩώσΆ,ΧέύΔÒ»,1788,1861,1824,5,25,73,126,13,6,30,278
κ£ί£ΩώσΆ,ΧέύΔξ°,1795,1875,1835,11,103,52,301,22,25,57,571
ιΜί£ΩώσΆ,ΧέΨΉμΩ,1834,1897,1865,0,107,32,249,13,6,32,439
Κ©ηόΝΛΥΤ,Χέλ®κª,1814,1888,1851,0,0,0,248,0,0,0,248
άσΝΫσΆ,αδρΒΰΈ,1650,1692,1671,8,14,1,97,8,6,5,139
?τ»ΰ»ίζΩώσΆ,αδΩ¥ύγ,1705,1768,1736,31,189,27,384,31,14,36,712
ΰ΄ϋΙΰ»ίζλ¶ΝΓ,λΕΩώΛα,1606,1673,1639,16,23,0,54,43,0,1,137
ς±αϊξ±σΆ,κδτ¬Πρ,1691,1767,1729,131,47,27,84,32,1,91,413
ωΞβ©ξ±σΆ,ΟνίΖωΎ,1641,1721,1681,32,264,66,269,35,14,146,826
θδδάλ¶ΝΓ,ΧέΚΣ,1677,1727,1702,7,99,6,204,14,8,6,344
ψΥδάσΆ,λΕάσπΘ,1680,1761,1720,49,41,44,695,34,24,75,962
Τξυ½λ¶ΝΓ,ΡΡΨΏρς,1635,1720,1677,0,22,0,61,0,0,5,88
έΑϊΝΛάήΝσΆ,ΡΡυπχΚ,1670,1717,1693,12,11,23,449,26,61,3,585
Νύδΰΰ»ίζΩώσΆ,αδΣμίΣ,1710,1783,1746,21,24,28,40,30,11,48,202
ΩνΠΧΣΡλ¶ΝΓ,εΕΤ³Ρυ,1624,1700,1662,2,14,6,120,5,5,0,152
ωΞΚΥΰ»ίζΩώσΆ,ΡΡωΣΦί,1722,1790,1756,0,95,17,194,40,6,17,369
Σζί£σΆ,ΡΡΨδβθ,1776,1840,1808,9,25,49,361,18,11,23,496
ΠήΝΫΰ»ίζΩώσΆ,αδΥΞύχ,1791,1867,1829,47,167,94,171,19,19,100,617
πσδΰλ¶ΝΓ,αδκσκΉ,1671,1747,1709,0,37,6,48,10,0,1,102
υΥξ±σΆ,παβ³ί²,1762,1844,1803,2,7,13,1726,0,38,6,1792
ό¤ίψσΆ,ΡΡωΚβθ,1767,1845,1806,45,0,5,319,24,1,5,399
μΌΝΆσΆ,ϋσΥήϋΗ,1724,1802,1763,63,24,96,906,83,105,172,1449
ό¤ΝΫλ¶ΝΓ,ίοίΖύ³,1849,1881,1865,0,5,5,171,0,3,0,184
ςΉδνΰ»ίζΩώσΆ,οχ?,1740,1811,1775,0,24,19,144,20,12,14,233
ΫΪύ­σΆ,ΡΡΠρβª,1818,1873,1845,0,106,4,313,14,5,2,444
ΟΆβ£ι©εή,υΛΡυΤΰ,1720,1777,1748,0,51,8,195,9,4,0,267
ί²κªΣΡσΆ,ϊΙκª?,1828,1891,1859,7,20,1,55,0,0,0,83
τΉήήΰ»ίζΩώσΆ,ΡΡπσΣμ,1724,1797,1760,1,293,20,128,31,10,4,487
ΰυξ±ΰ»ίζΩώσΆαΩψΊ,ϊΙξξ,1797,1886,1841,25,158,194,298,19,289,242,1225
ί²ρ½ΩώσΆμ£,γιϋβμÒ,1762,1832,1797,0,86,18,253,25,32,20,434
Φ¤Ϋ»σΆ,ξοΠΊχΑ,1640,1696,1668,7,13,3,79,3,0,2,107
?ξ±ΰ»ίζΩώσΆ,Λ©Σμέª,1668,1725,1696,0,11,21,138,4,9,7,190
ιΜΛªΰ»ίζΩώσΆ,ΧέάΌΦ­,1749,1808,1778,1,0,2,41,1,3,2,50
Φ²ϋΙΩώσΆ,ϊΙόθ,1758,1829,1793,6,35,3,41,6,9,0,100
ςΑδΰσΆ,Ονξ¤Π¥,1835,1893,1864,4,0,6,152,8,4,14,188
εΧοαξ±ΩώσΆ,ωΫ?(ϋ¦),1723,1805,1764,0,9,3,50,3,0,0,65
ΩνΩ£ξ±σΆ,ΟναψΣή,1671,1755,1713,9,2,1,195,5,3,0,215
έ¶ύΎΣΡσΆ,ΡΡϊ¬,1633,1716,1674,3,7,6,218,8,15,4,261
ήΝÒάθΐΩώσΆ,ωΑμΜΫτ,1767,1813,1790,0,7,2,89,17,0,1,116
Ò²θΐσΆ,δΜΜΨοΒ,1722,1789,1755,0,11,18,71,14,5,9,128
ΨήΝΫσΆ,ΟνλΓόΊ,1831,1880,1855,0,6,3,108,7,1,0,125
ΩΣΞΌσΆ,υΛκξλΓ,1809,1877,1843,0,54,6,74,0,0,0,134
Ωλί£ξ±λ¶ΝΓ,Χέάσύι,1735,1810,1772,0,24,5,63,11,8,1,112
ΪΈυ½ΰ»ίζΩώσΆ,ΡΡΛν,1648,1707,1677,3,28,0,79,16,1,1,128
ΤΤτ»ΩώσΆ,Ωώοακγ,1761,1839,1800,0,43,2,187,52,5,0,289
Òώτ»σΆ,ήΙΝφεε,1805,1841,1823,0,9,2,308,4,9,3,335
ΞΩτ»σΆ,ΪΣσγιΤ,1636,1702,1669,4,19,6,66,8,0,0,103
ΞΩτ»ΰ»ίζΩώσΆ,Χ³Ϊ΅Χ£,1753,1821,1787,1,30,14,153,30,10,4,242
αζδνσΆ,υΛϋΫΩώ,1800,1850,1825,2,66,2,55,3,7,1,136
πνεΧξ±σΆ,αδοΨΦ²,1612,1684,1648,11,15,12,101,15,3,7,164
ΣήΝΫλ¶ΝΓ,ΡΡΰΈΟΟ,1835,1885,1860,0,34,7,102,4,2,0,149
ΡυσλσΆ,Ον?,1723,1792,1757,0,5,1,65,7,1,2,81
ππξ±ΰ»ίζΩώσΆ,Χ³κªρύ,1598,1678,1638,3,55,13,165,17,22,15,290
Òνλίΰ»ίζΩώσΆ,ΧέΞΓοΤ,1674,1756,1715,2,39,72,347,26,33,118,637
σοΰδξ±ΰ»ίζΩώσΆ,ΟνΤΰΜθ,1654,1725,1689,0,86,29,737,31,30,34,947
ύ¨ί£ΰ»ίζΩώσΆ,Χέπσβª,1722,1797,1759,0,218,18,49,19,3,13,320
υ®Υζΰ»ίζΩώσΆ,ΧέκξχΑ,1607,1684,1645,130,447,14,221,39,37,13,901
λκθΐΰ»ίζΩώσΆ,ΧέκΉπΤ,1792,1872,1832,27,101,126,512,32,73,94,965
ΚέθΊσΆ,ΧέϊΜΜΤ,1719,1791,1755,29,15,50,1033,43,68,32,1270
ΠΞξ±σΆ,ΪΣλΚκΉ,1734,1799,1766,0,275,30,356,34,50,28,773
βχδΰΰ»ίζÒ΄άΟ,δΜπ£άΨ,1712,1791,1751,0,177,58,148,21,20,90,514
ΫάϋΙΰ»ίζΩώσΆ,λΕ?,1617,1680,1648,149,94,15,143,29,16,17,463
ωΓΣÒΰ»ίζΩώσΆ,ΟνΤΰμΩ,1643,1719,1681,2,14,34,124,18,15,24,231
Ω·δέΰ»ίζΩώσΆ,παΧÒ,1607,1683,1645,4,20,1,171,14,3,1,214
ΨΌθΊΰ»ίζλ¶ΝΓ,ΧέοΥΡ¦,1613,1669,1641,0,4,0,131,2,0,4,141
ΫέφΒλ¶σΆ,οχήΦϋϊ,1831,1883,1857,0,16,1,48,11,1,0,77
Ρυυ½ΰ»ίζΩώσΆ,αδΧΫΰΈ,1698,1781,1739,0,45,49,13,31,6,17,161
ΨήϊΝπΞη―,οχις,1708,1770,1739,0,1,2,84,22,7,1,117
ΨήϊΝΰ»ίζΩώσΆ,αδΩ¤Πρ,1680,1755,1717,0,24,10,85,13,4,6,142
?ϊΝΰ»ίζΩώσΆ,Τ΄γεζ¨,1605,1675,1640,2,8,1,45,4,0,5,65
ιΜί£σΆ,ΧέΠσ,1699,1779,1739,0,19,3,105,9,6,0,142
οψθΊΰ»ίζΩώσΆ,πΖΞϊΦΖ,1657,1719,1688,0,13,8,82,17,1,1,122
μ£ύΜοΝΩώσΆ,ΧέΤΤηΘ,1635,1667,1651,0,13,2,50,2,6,0,73
ΨΉΜζθΐΩώσΆ,λΕχΑΦΥ,1828,1898,1863,2,0,1,94,0,2,0,99
Τξθΐλ¶ΝΓ,ΡΡΤΤΟν,1816,1877,1846,0,0,1,110,0,0,0,111
Ρ¥δΰσΆ,δΜΟΠω°,1784,1843,1813,0,5,8,127,13,4,1,158
Òν?λ¶ΝΓ,ΪΣΧ£ο£,1765,1836,1800,0,23,3,0,7,7,10,50
ιηζΠσΆ,ΫΠσΎ,1825,1898,1861,0,30,8,62,7,0,0,107
όψτ¥ΣΡλ¶ΝΓ,Ξ¬ψυ,1818,1875,1846,0,26,4,96,4,0,0,130
ΨΉόβϊΝλ¶ΝΓ,ΧέτΝ,1759,1838,1798,0,4,1,45,4,5,0,59
β©ρΣοΝλ¶ΝΓ,Λ©Ωώηκ,1819,1877,1848,0,1,1,80,0,0,0,82
οÒξ±ΰ»ίζΩώσΆαΩσΆ,Χ³φΘΩ¥,1777,1861,1819,14,708,181,33,49,27,222,1234
π΅θΐΰ»ίζΩώσΆ,παΰΈτΚ,1724,1799,1761,0,51,33,156,23,11,5,279
ÒΝιΤσΆ,οχυχω°,1725,1789,1757,0,32,7,227,18,6,2,292
λρδέσΆ,δΜΣμΩώ,1747,1811,1779,0,77,38,263,5,25,0,408
ΤΤδΉΰ»ίζΩώσΆ,Χέπ­ηµ,1799,1871,1835,0,33,17,270,19,5,3,347
κΛξ±ΩώσΆ,παίΣΣν,1808,1870,1839,0,53,6,72,22,7,1,161
μοϊΝΰ»ίζΩώσΆ,οχηιΰΈ,1826,1869,1847,1,85,5,160,13,17,12,293
?δΰσΆ,Λ©ςΛΠ¥,1817,1891,1854,19,42,24,311,45,22,12,475
α³ί£ΰ»ίζΩώσΆ,ΧέΞΓοώ,1714,1789,1751,0,153,74,129,5,13,44,418
ωΝεΥΰ»ίζΩώσΆ,ΪΣΜΤΚ«,1780,1841,1810,1,31,24,153,17,22,7,255
όδά³σΆ,γιτχμÒ,1731,1812,1771,0,126,27,222,27,20,29,451
ω»Υζΰ»ίζΩώσΆ,όάΣμΡΞ,1750,1827,1788,1,68,75,107,0,46,60,357
οÒϊΝΰ»ίζΩώσΆ,Χέρ£ίΤ,1799,1870,1834,4,135,43,215,12,7,46,462
ΨΉα¥ΰ»ίζΩώσΆ,ΪΣφΘάΰ,1824,1894,1859,6,101,59,274,19,48,53,560
Ψήί£ΰ»ίζΩώσΆ,ϋσςΑω°,1776,1852,1814,30,638,61,530,31,32,204,1526
Ν―δάΰ»ίζΩώσΆ,ΧέχΑιΤ,1714,1770,1742,0,13,0,51,16,3,5,88
ςδδΰΰ»ίζΩώσΆ,οχχΟΞβ,1799,1879,1839,1,130,51,158,0,14,36,390
όδί£ΩώσΆ,ΩώίΖςυ,1825,1895,1860,0,24,2,238,0,18,0,282
ΠΦθΐλ¶σΆ,σωω±ύ³,1759,1838,1798,0,31,9,43,11,1,1,96
ΜΕξ±ΩώσΆ,οχμΝΤΤ,1735,1795,1765,0,7,5,82,12,3,2,111
ΤΥηρΰ»ίζΩώσΆ,δΜτ¥Σλ,1705,1775,1740,0,18,1,111,7,1,4,142
φΫί£ΩώσΆ,ΧέΤΤ?,1757,1822,1789,0,18,16,48,0,10,3,95
αΘΧΫξ±λ¶ΝΓ,πΖά·λω,1722,1791,1756,0,9,7,62,12,7,3,100
μ°σΡάεσΆ,ΧέΞΔΥε,1720,1783,1751,0,0,2,161,0,0,0,163
ΰ΄ΝΆσΆ,ΰχρ£ΠΏ,1816,1869,1842,0,11,4,55,1,6,0,77
μχΛβμοΝΓ,πΖΫΫγ―,1835,1893,1864,3,18,2,67,2,0,0,92
αΉί£λ¶ΝΓ,ΧέΤΔύ§,1870,1897,1883,0,35,2,59,1,0,0,97
νΦθΐί¤ΝΓ,ΧέΪι,1686,1718,1702,0,2,4,39,10,2,0,57
ήΜΩ£ν­γΜσΆ,σ³ρ¥μι,1753,1809,1781,0,0,2,278,0,0,0,280
ίοκθν­ΩώσΆ,ίολλλΘ,1837,1897,1867,0,0,3,228,0,3,0,234
?ΝΫσΆ,οχπσΣν,1804,1878,1841,0,0,2,76,0,1,0,79
άσω»ΩώσΆ,αδϋψμΟ,1802,1887,1844,1,28,10,182,9,3,3,236
σηΚ¦λ¶ΝΓ,ϊΙ?,1840,1896,1868,0,0,0,84,4,0,0,88
ΠήδνσΆ,ΟνβΪ,1806,1877,1841,2,4,0,37,8,1,0,52
ΰ΄έΑσΆ,γιΞΓβª,1712,1775,1743,1,118,21,1207,51,1,4,1403
ςθχΚσΆ,γιΞΓωΑ,1729,1796,1762,0,6,1,1019,4,0,1,1031
ΡυΝΆΰ»ίζοασΆ,ΪΣα¦σϊ,1631,1695,1663,255,929,154,736,57,246,188,2565
ΝΆΣΡΰ»ίζΩώσΆ,Χ³ρΒΩΞ,1813,1872,1842,4,256,105,87,23,27,60,562
ρΣτ»ά¬σΆ,ΡΡςεΠ¤,1658,1716,1687,246,14,12,392,88,4,39,795
τιβ©ϊΝλ¶ΝΓ,λΕάσωΧ,1807,1867,1837,0,1,7,102,1,7,0,118
ΰ΄Ϋξλ¶ΝΓ,ΟνϊΚΡ°,1835,1893,1864,0,8,4,99,8,2,0,121
ΣΠί£σΆ,ΧέΪΒγω,1772,1840,1806,9,5,1,78,1,1,0,95
Ϊ®ΤΤλ¶ΝΓ,δΜρ£Υ¦,1826,1892,1859,0,38,3,80,7,0,0,128
ΰ΄ΤΧλ¶ΝΓ,ΧέΩώξ°,1615,1689,1652,0,17,2,143,12,1,3,178
ϊΧθΐσΆ,λΕΤΤε―,1757,1827,1792,1,52,20,243,27,8,2,353
πεδάΰ»ίζΩώσΆ,ωΫΰµω°,1672,1732,1702,0,0,4,30,0,26,0,60
μιί£σΆ,Χέχ΅αÒ,1836,1885,1860,0,61,5,59,29,16,14,184
ξπδέΩώσΆ,Λ©π£όΊ,1741,1817,1779,0,26,17,392,8,19,7,469
ωΞΝΆσΆ,Λ©ωΚρί,1770,1821,1795,0,1,1,82,3,0,0,87
ωΣϋΙΩώσΆ,ΧέΪΒΣμ,1728,1786,1757,0,3,7,94,33,6,0,143
ΦΙδάΝλλ¶ΝΓ,δΜΡΛΧ£,1797,1877,1837,1,4,0,81,8,1,2,97
ΝΣξ±σΆ,ωΑΜΨϊη,1779,1833,1806,0,19,13,233,22,9,17,313
ι»θΐσΆ,ωΑςΛϊη,1776,1846,1811,0,3,28,252,0,5,3,291
ρΣηρλ¶ΝΓ,ΰχωΎ?,1669,1740,1704,0,31,3,27,0,2,0,63
?ξ±ΩώσΆ,ΧέΠ¥κ΅,1739,1806,1772,0,3,8,62,8,1,0,82
ρΣχησΆ,ΧέωΣτΚ,1809,1878,1843,0,20,1,103,4,6,1,135
ωΞτΉΩώσΆ,Χέϊ­ςε,1727,1777,1752,2,9,1,41,5,0,0,58
ϊΊοΝΩώσΆ,ωΑςεχΊ,1737,1813,1775,0,6,1,81,12,0,0,100
μνΝΆσΆ,υΛΤΤχΑ(π£ή―),1844,1877,1860,0,14,13,88,0,1,3,119
ρ«μιξ±ΰ»ίζμοΝΓ,Χ³ύ­νρ,1650,1706,1678,14,10,0,40,29,0,0,93
ϊ«ϊΝΰ»ίζΩώσΆ,όάΩ¤ωΑ,1651,1715,1683,3,27,10,506,4,4,1,555
Ò±ϊΝΩώσΆ,Χέξ¤ηµ,1804,1892,1848,0,36,12,127,35,4,31,245
νΉΤΤσΆ,ΧέοαΩΌ,1846,1875,1860,0,68,2,221,2,10,0,303
Ω·οΝΰ»ίζΩώσΆ,ΧέγΙβ³,1790,1849,1819,1,102,18,201,23,11,11,367
θζθΐσΆ,υΛΧϋ,1779,1841,1810,0,17,5,55,3,5,0,85
νΉΝΑλ¶ΝΓ,Χέξ¤Λ¬,1814,1884,1849,0,2,0,161,22,7,0,192
Ω°ΝΑΰ»ίζΩώσΆ,οχΟν(?),1692,1757,1724,14,76,24,401,17,8,13,553
ΤνθΊσΆ,ωΫζ£κο,1642,1709,1675,0,0,5,18,0,34,0,57
ιΧΝΆσΆ,υΛϊ­Τΰ,1668,1740,1704,0,1,1,90,2,0,0,94
Χ£μΌθΐσΆ,Ον·Ϊ,1800,1873,1836,1,16,24,305,20,18,6,390
αδτΉν­ΤΌητΦβ,ΟνΤπζ«,1636,1716,1676,0,6,5,364,15,1,1,392
τιΝΆϊΝΩώσΆ,γτΰµΧω,1766,1840,1803,2,6,1,73,9,4,0,95
ηόζΠσΆ,ΡΡΨτκ΅(Ψυκ΅),1775,1861,1818,0,58,15,114,0,8,4,199
ωΑΝΆσΆ,ΪΣα¦?,1651,1727,1689,0,20,6,49,7,2,1,85
Λ°ϊ­σΆ,ΡΡρ¥ηµ,1789,1856,1822,2,37,5,72,20,5,0,141
α³γύξ±σΆ,ΦΤΧ£Π¤,1808,1872,1840,0,31,18,56,0,3,2,110
ΰύξ±ΩώσΆ,αέΧΖΞϊ,1768,1843,1805,0,3,7,71,17,9,12,119
?ί£ΰ»ίζΩώσΆ,ΡυΠρΨΏ,1730,1796,1763,6,29,6,122,24,4,2,193
ωΓΣÒλ¶ΝΓ,ΟνΰΈΦΫ(ΰΈΩΘ),1839,1890,1864,0,11,2,80,3,0,0,96
ÒΝνΤΩώσΆ,αέζ£Τΰ,1643,1713,1678,1,1,1,103,10,0,0,116
ψΑδάΰ»ίζΩώσΆ,οχη΄ςΙ,1672,1728,1700,0,13,1,211,3,12,1,241
ε―θΊλ¶ΝΓ,πΖωΚγ―,1825,1894,1859,0,17,3,88,13,12,1,134
πϋΩ·ΣΡσΆ,υΛλΚοφ,1630,1684,1657,2,4,4,53,2,3,0,68
ο©ϋΙσΆ,ΪΣΩ¤ςΓ,1781,1852,1816,0,3,4,82,7,3,0,99
Ρ¥Ρ¥ξ±ΩώσΆ,ΡΡίΖ?,1689,1774,1731,0,8,2,175,2,5,6,198
Τ³ϋΙσΆ,ΦΤρ²ωΚ,1761,1838,1799,0,13,9,45,3,4,0,74
ί£ξ±λ¶ΝΓ,ωΑξ°Νή,1728,1773,1750,0,13,3,226,1,1,0,244
ν±ί£μοΝΓ,ΟνμΜΞϊ,1662,1722,1692,0,0,1,88,3,0,0,92
δ½ϋΙλ¶ΝΛ,ΡΡύΚκ΅(ύχκ΅),1756,1823,1789,0,0,2,123,1,2,0,128
ωΝξ±σΆ,ΰχΜφιΤ,1724,1788,1756,0,9,5,57,5,3,1,80
ϊ­μοξ±ΩώσΆ,νεόΊΠ¥,1853,1876,1864,0,5,7,39,0,7,0,58
ΨΉόβϊΝλ¶ΝΓ,αδτΝ,1759,1838,1798,0,4,1,45,4,5,0,59
Òνι¶ξ±ΩώσΆ,ςηα΅μι,1664,1743,1703,2,8,14,74,11,3,0,112
?ί£ΩώσΆ,Ωώϊ­ΟΟ,1776,1849,1812,0,51,8,198,12,6,6,281
β©ΰ¤ΩώσΆ,ΡΡγΑρΦ,1658,1733,1695,1,35,7,478,11,9,6,547
Μηξ±ΰ»ίζΩώσΆ,υΛίΤβν,1814,1865,1839,1,64,3,38,13,1,1,121
?ί£ΩώσΆ,Χ³Τ³βª,1820,1889,1854,0,110,3,354,18,6,5,496
ηξί£ΰ»ίζΩώσΆέΎΦβ,υΛχ»ςε,1804,1867,1835,2,103,7,137,21,25,9,304
έ¥ξ±ΩώσΆ,ΧέύΔρί,1806,1867,1836,15,22,14,223,3,3,7,287
ωΗΝΆΩώσΆ,ΧέΚ«βθ,1768,1844,1806,14,27,31,828,49,25,43,1017
ΩΖΝΆΰ»ίζΩώσΆ,ΧέΩ¤ΫΖ,1672,1736,1704,0,51,5,104,7,8,8,183
ΨΉϊΝλ¶ΝΓ,ΦΤΟΠήΉ,1747,1821,1784,0,13,3,155,13,10,0,194
ΰ΄ρ½ΩώσΆ,γιϋπκΐ,1787,1865,1826,1,128,30,323,37,37,20,576
ΣΉΚΥΩώσΆ,ΡΡΰςςε(ωΎςε),1822,1870,1846,0,30,2,131,11,0,0,174
ά³ϋΙα¦ΝΓ,Χ³ΩώΠ¥,1759,1828,1793,0,34,9,163,17,1,0,224
Òνδέλ¶σΆ,πΖΉιγ―,1828,1897,1862,0,17,6,182,4,2,0,211
ά³ϋΙλ¶ΝΓ,Χ³ωΑΫτ,1824,1886,1855,0,9,1,32,8,1,0,51
κ£ΝΆΰ»ίζΩώσΆ,οχϋπΰΈ,1607,1671,1639,7,5,5,136,1,19,2,175
ϊΕηρΩώσΆ,υΛίΖκΐ,1780,1863,1821,0,18,2,163,6,0,0,189
ϊ­λίλ¶ΝΓ,ΪΣΠχάσ,1643,1712,1677,0,3,2,254,4,1,1,265
ρΣθΊΩώσΆ,ΪΣρμσϊ,1679,1750,1714,3,4,0,177,8,6,0,198
ςΉυ½λ¶σΆ,ΪΣΧΫΝή,1730,1783,1756,2,0,7,178,6,4,0,197
α³ϋΙΰ»ίζΩώσΆ,ΪΣγσρύ,1629,1705,1667,0,3,2,213,5,2,2,227
ασξ±ΩώσΆ,Χέύρςδ,1851,1882,1866,0,31,2,97,1,12,2,145
ιΧΝΫσΆ,ΪΣγσλΘ,1661,1698,1679,0,0,11,112,2,8,0,133
ΩιΪΏσΆ,Χέζ£Π¤,1713,1772,1742,0,3,6,85,3,1,0,98
ΟÒξ±ΩώσΆ,ξοφ¦Σή,1728,1790,1759,0,24,5,112,3,2,0,146
α³δέΩώσΆ,ΪΣγΑΩζ,1828,1879,1853,0,17,6,133,9,9,9,183
άΉυ·ξ±ΩώσΆ,οχρύσ΅,1693,1754,1723,0,34,11,113,20,3,3,184
αϊππξ±σΆ,ΧέίΣσϊ,1787,1854,1820,1,42,0,4,3,1,0,51
ήΜΚ¦ϊΝλ¶σΆ,ΡΡρΒαψ,1787,1863,1825,0,9,0,36,19,0,0,64
ΨΉαζσΆ,ωΫΡυΞη,1800,1862,1831,0,47,2,185,10,6,0,250
ΠήΛ°ΰ»ίζΩώσΆ,νε?,1629,1711,1670,0,88,4,63,14,4,7,180
ν΅δΰσΆ,ΪΣρΥύγ,1719,1796,1757,0,55,8,97,14,13,9,196
ÒΗί£ΩώσΆ,ΡυάΌμÒ,1817,1874,1845,0,25,1,84,5,2,0,117
έ¶ύ½ΰ»ίζΩώσΆ,υΛμΜρμ,1717,1788,1752,0,15,76,346,53,76,3,569
ΝΤεΥα¦ΝΓ,ΪΣΩώΟΠ,1648,1727,1687,0,7,0,358,6,0,1,372
ήΜιÒΣΡΰ»ίζΩώσΆ,πΖμ³υÒ,1661,1707,1684,0,26,1,81,0,2,0,110
ΝΆδάμοΝΓ,παίΣχΑ,1704,1774,1739,0,12,6,32,7,0,0,57
ςθί£λ¶ΝΓ,Χ³άση΄(ϊιη΄),1858,1896,1877,0,2,0,82,3,0,0,87
ΰψλίΣΡλ¶σΆ,αέΰµρ¥,1642,1705,1673,0,3,1,82,0,0,0,86
ΤξδέσΆ,ΧέΧ£Π¥,1782,1843,1812,0,6,2,43,2,2,0,55
ΰδξ±λ¶ΝΓ,ΧέΠ¤γν,1794,1862,1828,0,2,4,42,0,3,6,57
ΩΥδέσΆ,Χέσρ,1616,1684,1650,3,5,16,341,10,13,7,395
αΘΩνϊΝΩώσΆ,ΠΦίφβϋ,1791,1872,1831,2,25,11,168,17,1,8,232
τ»ξ±ΩώσΆ,γιω°ύγ,1806,1866,1836,0,65,19,277,21,15,5,402
ΠΊξ±σΆ,ΦΤ?ζΠ,1827,1885,1856,0,100,4,186,6,5,6,307
αζω»ΰ»ίζΩώσΆ,ΟνγύΠ¦(α΅Π¦),1706,1779,1742,0,21,6,157,23,9,2,218
Λ°ψέΩώσΆ,Χ³ϋπκΉ,1716,1781,1748,0,25,0,35,15,1,0,76
ΡγέΑΩώσΆ,Χέξ¤τΙ,1812,1887,1849,4,5,12,140,17,6,5,189
ΨΉΰύλ¶σΆ,Χέρ£ις,1798,1872,1835,0,37,1,28,18,0,0,84
μοθΐλ¶ΝΓ,ξοΟώϊ­,1674,1731,1702,0,22,5,106,3,5,0,141
Ρπΰ΄σΆ,ΪΣσγαψ,1817,1897,1857,4,9,5,392,0,0,3,413
ΨΉόβϊΝλ¶ΝΓ,γιςΑΩΌ,1804,1873,1838,1,7,5,91,0,6,4,114
ν»ΩΜΣΡΰ»ίζΩώσΆ,σωϋªΟΟ,1652,1723,1687,0,51,5,91,4,1,4,156
εΧοαξ±λ¶ΝΓ,ΧέάΨΜΕ,1744,1823,1783,0,0,2,165,0,0,0,167
?χηΩώσΆ,ΟνΰΈόδ,1789,1851,1820,0,11,4,125,6,7,0,153
Σªχηλ¶ΝΓ,όάξ¤ω°,1847,1893,1870,0,10,12,138,2,1,0,163
ϊΊοΝΩώσΆ,ΧέρύωΧ,1749,1827,1788,0,1,1,224,2,1,0,229
θζδέΩώσΆ,ΟνΰΈνπ,1813,1885,1849,0,31,11,60,19,11,0,132
Òώ?ΰ»ίζΩώσΆ,κΰη΄άΰ,1832,1884,1858,0,12,8,120,4,5,6,155
ΞΔί£λ¶ΝΓ,ΫάΪΓβª,1832,1885,1858,5,36,2,102,3,4,0,152
άτά¨ΣΡλ¶ΝΓ,ΪΣΤΤ?,1749,1808,1778,0,19,6,154,11,1,1,192
γ§π΅ξ±λ¶ΝΓ,οχΟΠω¥,1802,1877,1839,0,0,11,193,1,5,8,218
Τξθΐλ¶ΝΓ,εΕπσϊ¬,1744,1815,1779,0,62,15,252,47,1,2,379
ι»μΫξ±λ¶ΝΓ,ΦΤύρκΐ,1759,1819,1789,1,1,10,0,12,26,0,50
ρ§δέλ¶ΝΓ,ΡΡΧ£ϊθ(οαιΛ),1643,1716,1679,0,55,1,74,20,2,0,152
ΨυδέσΆ,δΜηΘΦΥ,1797,1846,1821,0,20,12,112,9,15,2,170
λ»ϋωσΆ,ΥΩΛάδΜ,1652,1731,1691,1,1,18,135,6,4,4,169
τθύΜξ±ΰ»ίζΩώσΆ,ΡΡεΐΦ­,1624,1703,1663,2,12,3,118,6,3,0,144
οΗ?θΐΰ»ίζΩώσΆ,δΜΤ³σ£,1616,1678,1647,0,2,7,76,3,1,5,94
ιΥϊΝΩώσΆ,ΟνΧ£?ΰ«,1752,1826,1789,0,13,8,3,40,9,4,77
ήΜωΌΣΡΩώσΆ,οχζΜ,1654,1697,1675,0,4,2,100,1,1,0,108
Μύω»λ¶ΝΓ,δΜΞηιή,1851,1886,1868,0,9,1,43,6,1,0,60
ΫΫΰ΄λ¶ΝΓ,Λ©ΝλΛα,1689,1732,1710,2,2,5,44,0,1,0,54
ωΣΡυλ¶ΝΓ,ΡΡΠ¤σϊ,1791,1879,1835,0,16,13,54,14,12,7,116
ρΣϊΝλ¶ΝΓ,υΛωΧρ²,1794,1869,1831,0,0,1,119,2,1,0,123
νφδέμοΝΓ,οχγΙύΜ,1800,1871,1835,0,12,2,80,15,4,0,113
ΦγΪ¦ΰ»ίζΩώσΆ,μςα΅ρ²,1711,1788,1749,0,161,25,34,25,34,25,304
?ξ±ΰ»ίζλ¶ΝΓαΩσΆ,όάλΚΰΈ,1729,1791,1760,6,246,140,1198,36,36,58,1720
Ω¥ΪΈΣΡσΆ,ΧέΛοσγ,1852,1898,1875,8,12,28,447,26,50,45,616
μ¥ΝΆσΆ,ΡυΩΣΦς,1620,1681,1650,3,3,14,194,8,14,9,245
ιΦδΰΰ»ίζά¬σΆ,αδγΑΦ­,1607,1689,1648,566,623,213,528,61,77,534,2602
ΠΞδΰΰ»ίζΩώσΆ,ΪΣξ°ιή(ξ°ό¤),1829,1870,1849,0,35,0,49,10,3,0,97
αζλίλ¶ΝΓ,Χέηξρ²,1809,1883,1846,1,23,10,165,29,5,1,234
δ½ί£ΩώσΆ,Χ³λΘΩώ,1824,1893,1858,0,11,0,128,20,2,0,161
δΜυ½σΆ,ΪΣΞΓύ­,1637,1678,1657,2,20,4,30,3,2,2,63
ΣªΝΆΰ»ίζΩώσΆ,ΡΡϊ­μι,1640,1691,1665,29,5,1,215,0,0,0,250
ÒλγψσΆ,ΧέρμζΕ,1711,1794,1752,0,37,2,79,20,3,2,143
Τ¶ηρΰ»ίζμοΝΓ,ΪΣυχκΉ,1735,1787,1761,0,5,1,72,6,0,1,85
ΜΕξ±σΆ,ΠτωΚΜΧ,1741,1809,1775,7,12,13,41,7,6,3,89
αϊηξξ±λ¶σΆ,δΜΪΒασ,1724,1790,1757,0,23,0,53,23,6,0,105
ωΞαζξ±ΰ»ίζΩώσΆ,ΧέοίάΠ,1766,1845,1805,0,33,6,57,23,9,3,131
ΝΫλίλ¶ΝΓ,ΧέλΌ,1572,1637,1604,0,17,18,146,30,9,14,234
ΠήΝΆσΆ,ΫΠσΐ,1825,1898,1861,10,5,7,99,12,17,2,152
Χ³λίλ¶ΝΓ,Λ©βΨ,1709,1781,1745,49,8,1,23,5,0,0,86
θζδάΰ»ίζΩώσΆ,γιλωΩ¤,1654,1716,1685,1,11,2,68,4,1,0,87
Ράθΐλ¶σΆ,ΡΡΥμϊΌ,1790,1859,1824,0,7,11,84,6,10,0,118
ίΒί£ΰ»ίζΩώσΆ,ς®Σμέί(ίΤμρ),1804,1872,1838,0,11,5,285,3,17,0,321
κ£θΐλ¶ΝΓ,οχϋπΠ®,1753,1836,1794,1,0,0,119,0,0,1,121
ρΊάθσΆ,οχσγΥΞ,1798,1875,1836,18,13,14,172,0,14,8,239
ΫάλίΩώσΆ,ΧέςεΨΏ,1675,1752,1713,1,1,13,208,8,11,1,243
ΜΕθΊΰ»ίζΩώσΆ,ΫΠΰΈύΕ,1653,1729,1691,0,47,2,209,17,3,2,280
όβιΦΩώσΆ,ΧέυχΟΠ,1711,1777,1744,1,4,8,156,5,1,0,175
ΝΆΰ¤ΩώσΆ,ΟνΠ¥Σψ,1782,1852,1817,0,12,1,55,6,0,2,76
ϊ­λίλ¶ΝΓ,ηομÒχΊ,1818,1898,1858,0,0,1,121,0,0,0,122
ιΧϊΝλ¶ΝΓ,Ον?,1634,1695,1664,0,0,5,52,17,0,0,74
ΪγτύΣΡΰ»ίζΩώσΆ,ΧέΩ¨μΟ,1617,1687,1652,6,12,2,55,3,1,1,80
μΪμοοΝλ¶ΝΓ,ΡΡΰυ?,1765,1830,1797,0,23,5,22,8,3,20,81
αζψέΰ»ίζΩώσΆ,ΪΣΤΤγν,1693,1777,1735,0,0,1,109,0,0,0,110
ΠΦΝΫλ¶σΆ,ΧέΩώΦί,1779,1843,1811,2,0,2,76,2,2,0,84
ιΧππ?ΰ»ίζΩώσΆ,δΜγαϊη,1624,1699,1661,1,0,0,60,0,3,0,64
ν»πλξ±λ¶σΆ,γιάσΰΈ,1631,1704,1667,2,1,0,110,1,1,0,115
ΰδδΐΣΡΰ»ίζμοΝΓ,ΡΡΟΉ,1608,1668,1638,1,30,0,22,0,0,0,53
ηόΝΆλ¶σΆ,ΪΚγ®Χ£,1744,1821,1782,0,7,2,72,2,1,0,84
άτ?ΣΡμοΝΓ,ΰχσγκΐ,1601,1680,1640,0,0,1,62,7,0,0,70
ΨΉόβσΆ,δΜΜΨγΑ,1712,1794,1753,0,71,10,106,34,3,0,224
κ£ΛªσΆ,ΪΣγΑ?,1814,1875,1844,0,100,14,86,11,20,11,242
μΌξ¥θΐσΆ,υΛγ°ιβ(ϋψιβ),1770,1841,1805,2,6,25,496,0,19,6,554
αΘλίσΆ,Χ³άΉΩώ,1766,1826,1796,0,37,16,178,16,5,13,265
ΰ΄ΝΆΰ»ίζΩώσΆ,ΧέγΑΩ¥,1590,1674,1632,1,11,9,163,12,8,12,216
ΡυΝΑΩώσΆ,αδΠ¥ω°,1780,1847,1813,1,25,2,353,17,5,2,405
όΦδάΩώσΆ,ΡΡςεωΑ,1786,1865,1825,2,25,14,198,25,17,7,288
?δέΩώσΆ,ϊΙ[?+Λª],1766,1822,1794,0,36,5,231,0,18,2,292
νΉκ£ΰ»ίζΩώσΆ,ΧέλρωΧ,1632,1707,1669,4,33,20,91,17,11,4,180
ΩΚΰ¤σΆ,αέηµΦΥ,1820,1891,1855,5,36,2,142,17,2,0,204
ΰ΄δπΰ»ίζΩώσΆ,ϋσάσρ²,1725,1796,1760,13,43,6,376,1,5,6,450
ιΧϊΝΩώσΆ,σωϊΜσ£,1648,1726,1687,0,10,40,137,16,6,11,220
γεδΰλ¶ΝΓ,ΞύϊΣΩΘ,1859,1895,1877,0,15,13,218,0,12,0,258
ωΝίψΰ»ίζΩώσΆ,Χ³χ»ρ¥,1763,1837,1800,19,40,41,202,65,13,63,443
ΨήρΣϊΝΩώσΆ,ΡΡηΘςθ,1629,1723,1676,0,6,1,127,3,2,1,140
ΤΤΛβσΆ,αδπ£?(π£ΰΈ),1711,1778,1744,0,22,8,147,16,6,11,210
κΕψέσΆ,ΧέιΞλΛ,1792,1855,1823,0,49,9,114,12,6,8,198
ά³δνσΆ,πΖΰΌνώ,1661,1726,1693,0,20,3,53,6,5,0,87
?ξ±σΆ,ΥΩτ¥π­,1643,1716,1679,12,81,28,52,16,0,4,193
λΡξ±σΆ,ΪΣρ£ω°,1849,1898,1873,0,22,11,145,3,6,9,196
ιΧξ±σΆ,δΜΞΓΫύ,1808,1889,1848,22,5,1,22,6,2,4,62
ψψλίΰ»ίζΩώσΆ,ΡΡγΐ?,1598,1669,1633,0,29,1,176,9,0,2,217
ΩιΪΑξ±ΩώσΆ,ΧέγΑεΧ,1770,1860,1815,0,38,5,186,24,2,4,259
Òνδέΰ»ίζΩώσΆ,ΡΡωΣηΘ,1637,1712,1674,2,14,3,74,1,9,1,104
ΠΝδέσΆ,Λ¬επ,1766,1833,1799,0,32,0,162,8,5,7,214
ΡψΝΆΩώσΆ,δΜϋΗζΠ,1827,1898,1862,0,27,4,190,17,5,0,243
αζδνσΆ,ΧέβΔΣή,1674,1708,1691,1,0,3,212,7,0,0,223
ΝΣδΰΰ»ίζΩώσΆ,ΧέϋπΧό,1715,1766,1740,0,5,1,30,1,10,3,50
σηρ½ΰ»ίζΩώσΆ,Χέσγςε,1619,1684,1651,0,6,4,58,8,2,6,84
Λ°ΝΑΰ»ίζΩώσΆ,Χ³γόυπ,1762,1834,1798,6,210,43,145,122,15,73,614
Ϋάβ©σΆ,εΕλλβ³,1700,1767,1733,0,60,37,98,26,36,18,275
φΒδέσΆ,ΡυΜΨύύ,1748,1812,1780,2,44,40,385,35,65,32,603
Πιδέΰ»ίζΩώσΆ,ΧέΤΔιΰ,1807,1884,1845,7,180,67,113,32,31,118,548
μϊζ£ξ±ΩώσΆ,Χ³?Π¥,1730,1808,1769,1,102,52,130,34,17,39,375
ί²ί£ΰ»ίζΩώσΆ,Χ³οακΉ,1702,1761,1731,24,58,5,53,10,5,4,159
α¶δέΰ»ίζΩώσΆ,ΧέοΥιΞ(ΜΤρί),1764,1843,1803,1,32,6,111,17,7,5,179
ΡΉρΒλ¶σΆ,οχΪΕάΌ,1800,1882,1841,2,69,12,161,28,1,3,276
βΔτψΣΡμοΝΓ,Χ³μÒΗε,1835,1895,1865,0,57,7,35,18,0,0,117
ΰ΄Ϊ¦γΜΝΓ,νεύ¨ίΣ,1677,1742,1709,0,4,1,225,1,1,0,232
ΦτΝΑσΆ,αέζ£π­,1651,1740,1695,2,42,5,29,0,0,0,78
?θΐσΆ,Χέμοϊπ,1750,1808,1779,0,0,10,50,0,41,2,103
ί²ύόΣΡΩώσΆ,Λ©ρΊπΊ,1701,1778,1739,0,15,4,38,9,4,0,70
Ϋέόβξ±σΆ,ΧέΛΟ,1655,1735,1695,0,10,6,130,14,9,0,169
ΞϊψβΝΓ,ΧέάσΩ°,1682,1745,1713,0,0,0,171,0,4,0,175
έΥς±δέΩώσΆ,ΫΠΰΈμι,1813,1888,1850,0,11,10,132,2,4,3,162
ΣμλίΩώσΆ,ΥεΣήψώ,1802,1869,1835,0,20,4,85,6,2,0,117
ΟÒλίΩώσΆ,ΠΦΠρΨΏ,1830,1882,1856,0,11,1,72,12,0,1,97
ΨΉψέσΆ,δΜλ¥ρμ,1802,1868,1835,0,64,3,14,18,3,4,106
μιδέΰ»ίζΩώσΆ,γτΩΣσΡ,1648,1711,1679,0,54,36,187,11,53,3,344
ό¤ξ±σΆ,όάμΟξΆ,1682,1747,1714,6,34,1,64,7,3,6,121
αΘί£ΩώσΆ,ΧέϋΗιή,1826,1892,1859,1,42,14,383,8,13,2,463
ωΚΚ³ξ±ΩώσΆ,Χέ?ρµ,1599,1669,1634,7,1,14,325,23,15,0,385
Νµυ½ΰ»ίζΩώσΆ,ΫΠοαύΕ,1645,1709,1677,10,9,23,260,14,19,15,350
ΤξδέσΆ,πΖΣμγν,1722,1791,1756,0,27,19,75,8,7,8,144
ÒάλίσΆ,Χέ?,1729,1788,1758,0,4,6,264,0,31,4,309
β§ΝΫΩώσΆ,Ον?,1709,1778,1743,0,22,13,263,18,1,0,317
ίφαµΰ»ίζΩώσΆ,ΡΡπσύΞ,1783,1866,1824,3,8,6,117,24,9,12,179
ΨΉιΥξ±ΩώσΆ,ΠΦηΘχΚ,1739,1820,1779,0,7,6,283,0,1,0,297
ΝΣϊΝΰ»ίζΩώσΆ,οχΥΞΰΈ,1808,1893,1850,0,69,39,154,13,50,31,356
μιξ±ΩώσΆ,σωρ£γΥ,1832,1890,1861,0,6,3,114,5,15,1,144
Ϋ°ί£σΆ,Χέκ΅οί,1819,1893,1856,1,43,19,225,18,31,0,337
ύίάθΰ»ίζΩώσΆ,ΧέλΛΨΠ,1694,1773,1733,0,14,12,120,17,7,8,178
?ξ±ΩώσΆ,ΡΡγ·?,1662,1732,1697,0,0,3,80,12,2,1,98
ΟΝξ±ΰ»ίζΩώσΆ,ΡΡΜφΞΓ,1621,1675,1648,2,11,0,314,9,4,0,340
ΨΉηφσΆ,όάΨϋ,1600,1670,1635,1,13,4,68,9,0,0,95
μΫθΐΩώσΆ,Χέβϋϊη,1736,1822,1779,1,5,4,106,11,8,0,135
ΨΉαζσΆ,ωΫΡυΞη(ΞηωΝ),1800,1862,1831,0,49,3,185,10,6,0,253
αΘί£λ¶ΝΓ,νεμΩΩΞ,1842,1895,1868,0,54,5,62,14,1,5,141
ήΦοΝσΆ,υΛΠρΣή,1750,1813,1781,0,12,11,129,4,9,1,166
ΰΉΰ΄λ¶ΝΓ,γτΜφη΄,1454,1511,1482,4,0,1,360,2,0,0,367
α³λίΩώσΆ,Χ³φΘΟΉ,1793,1854,1823,0,23,18,69,19,6,5,140
μ¥ϋΙΩώσΆ,ΡΡα¦ιΛ,1673,1742,1707,0,15,2,46,6,0,6,75
ΞΩϊΝσΆ,ΡΡϋ©,1765,1840,1802,0,24,9,247,9,10,1,300
μνύΜοΝΰ»ίζΩώσΆ,Χέη΄α¦,1618,1698,1658,4,16,6,66,19,6,6,123
ΜνϊΧξ±σΆ,Λ©α¦ςΛ,1717,1786,1751,0,3,3,280,6,7,9,308
γζε―ΰ»ίζΩώσΆ,ΧέμÒϊΌ,1758,1833,1795,0,60,54,309,25,25,36,509
Ο«δΰσΆ,Χέβ§μÒ,1739,1822,1780,2,24,18,356,25,19,11,455
α³ΝΆΩώσΆ,ΡυΨΏόε,1826,1896,1861,0,24,3,74,29,2,0,132
Νµί£σΆ,Χέκξνπ,1625,1701,1663,0,57,13,442,31,5,37,585
Κηί£σΆ,ΟνπσΥ¦,1745,1819,1782,4,1,3,88,7,2,0,105
ΟΑΣΡΰ»ίζΩώσΆ,παΩΛβª(ϋΫζΤ),1736,1807,1771,1,66,9,127,36,6,16,261
ι»ζΠΰ»ίζμοΝΓ,ΡΡπσΫ΅,1740,1812,1776,1,17,3,29,18,0,0,68
ΰ¤ΝΆσΆ,ΪΣχΑΩς,1677,1756,1716,0,160,61,621,39,123,48,1052
ΤαΝΆλ¶ΝΓ,πΖό¤γ―,1843,1897,1870,0,6,0,122,3,4,0,135
ÒΝκ®σΆ,ΡΡτΚβΗ(ΪΧβΗ),1822,1887,1854,0,92,17,255,30,17,3,414
μϊθΐΰ»ίζμοΝΓ,οΛμιγε,1682,1737,1709,0,3,8,64,9,10,0,94
ΝΆυ½ΰ»ίζΩώσΆ,ΧέΤ³ϊι,1726,1776,1751,1,27,9,164,9,8,1,219
ΞÒδνσΆ,Χ³?,1626,1701,1663,16,65,2,27,5,6,1,122
αζΩΟΞ½ΝΛ,Χέει?,1740,1766,1753,0,1,1,47,0,3,0,52
δªΦώΣΡλ¶σΆ,ϋσΟΟΩ¤,1714,1775,1744,1,4,13,82,10,2,0,112
ΨΉηφΰ»ίζΩώσΆ,οχνι,1569,1614,1591,3,11,1,247,11,1,0,274
δΡί£λ¶ΝΓ,ΪΚΦΫγΥ,1812,1882,1847,0,23,8,44,12,6,4,97
ΡυΝΆΰ»ίζΩώσΆ,ΧέΛ£Χ£,1734,1799,1766,0,10,0,80,2,0,0,92
ΰ΄ιΧλ¶ΝΓ,ΧέτΝΩΌ(α¦ΩΌ),1817,1886,1851,0,14,0,69,4,0,0,87
ζΕΝΫλ¶σΆ,Ονα΅μΝ,1735,1821,1778,0,13,6,40,10,4,9,82
ζεϋΙλ¶ΝΓ,ΡΡςΤαΆ,1822,1892,1857,0,10,1,142,5,5,0,163
Ω¥ϋΙΩώσΆ,ΧέελςΑ,1631,1698,1664,2,4,3,62,1,7,0,79
ε―υ½σΆ,αέΨΏκ©,1643,1712,1677,6,24,7,239,20,5,7,308
?δέΩώσΆ,ΫΠΠΊαΙ,1819,1871,1845,0,67,11,189,15,10,4,296
Ωφλίΰ»ίζΩώσΆ,οχρύϋΫ,1605,1678,1641,110,22,1,58,0,3,0,194
ΨΉλίλ¶ΝΓ,όάχΟξψ,1704,1772,1738,0,44,15,283,6,4,1,353
φ»ξ±σΆ,πΖΰΌξθ,1697,1726,1711,0,31,3,108,12,8,7,169
Πήΰ¤ϊΝΰ»ίζΩώσΆ,ΪΣΞΓάΠ,1761,1839,1800,5,15,7,129,28,0,1,185
ύρξ±ΩώσΆ,ΡΡύΚρί,1820,1898,1859,5,57,10,291,18,16,12,409
φÒδάΩώσΆ,ΡΡΩΣό¤,1723,1792,1757,4,7,23,191,14,9,9,257
ΟΝΝΫΩώσΆ,Ονξθ,1626,1679,1652,10,41,0,76,10,8,3,148
ΪΣΝΫΩώσΆ,ΧέκªΦί,1629,1688,1658,14,15,2,4,13,1,2,51
ήΦθΐσΆ,Χ³λροφ,1794,1861,1827,4,31,9,110,5,1,2,162
α³ΠΞξ±σΆ,ΪΣμΟΤΤ,1827,1895,1861,0,8,0,234,0,0,0,242
ΟÒΪασΆ,ΥελλΠ¥,1800,1876,1838,0,45,12,43,17,9,10,136
ί²η¨ξ±ΩώσΆ,οχ?,1634,1714,1674,0,21,5,115,17,1,2,161
ϊΕΝΆΰ»ίζΩώσΆ,ΡΡχΑΩ°,1661,1721,1691,7,1,1,174,2,4,2,191
ÒΘΝΆσΆ,ΡΡξ°ϊι,1627,1700,1663,29,0,1,216,0,0,2,248
Òάθΐλ¶σΆ,ΟνΤπυί,1788,1860,1824,0,0,1,109,7,7,0,124
ΰΉΝΫλ¶ΝΓ,ΪΣΛορι,1766,1841,1803,0,207,10,236,0,0,8,461
ΜΧδΰΰ»ίζΩώσΆ,ΧέωΣλμ,1778,1864,1821,0,84,13,326,13,10,32,478
Ϋάω»ΰ»ίζΩώσΆ,όάΪςΦΥ,1766,1840,1803,4,42,19,269,36,7,21,398
ΤΤ?σΆ,ΡΡεΧΠΖ,1754,1809,1781,3,30,29,327,38,33,24,484
ΩΚξ±ΰ»ίζΩώσΆ,ϋσζ£ωΑ,1620,1674,1647,13,30,18,288,20,63,19,451
θ¬ί£ΰ»ίζΩώσΆ,παΣμ?,1658,1737,1697,17,94,40,223,21,26,65,486
ϋΏΝ―θΐΰ»ίζΩώσΆ,Χ³ύΕΩώ,1773,1827,1800,0,113,13,336,16,12,5,495
Πηξ±σΆ,οχςΏΰΌ,1839,1897,1868,0,84,8,88,9,4,2,195
ρμδΰσΆ,ΡΡψΑ?,1819,1891,1855,5,614,76,526,43,82,78,1424
ΟΟθΐΰ»ίζΩώσΆαΩ,ΡΡ?,1739,1816,1777,21,128,46,108,47,13,71,434
οτθΐΰ»ίζΩώσΆ,ΡΡΣΰςε,1800,1871,1835,2,57,36,176,19,12,45,347
αζΰ¤ΰ»ίζΩώσΆ,Λ©ιψ,1773,1834,1803,4,157,6,196,21,11,4,399
φΒϊΝΰ»ίζΩώσΆ,ΡΡΣμηι,1680,1748,1714,0,13,2,97,11,4,0,127
ωΓΣΑΩώσΆ,παειΞΊ,1805,1870,1837,0,31,4,136,19,6,5,201
ΟΟΝΆλ¶ΝΓ,ΧέδΜξθ,1621,1707,1664,0,0,1,163,0,0,0,164
όΦδάσΆ,Χέθλ?,1809,1852,1830,0,11,6,56,3,4,0,80
Λ°χηΰ»ίζΩώσΆ,ΟνίΖμς,1622,1700,1661,3,6,2,48,2,3,5,69
θ¬ΰχϊΝμοΝΓ,ά«ίΖβ·,1696,1757,1726,0,0,2,70,6,0,0,78
χΚξ±λ¶φδ,ΡΡσγΨ΅,1666,1683,1674,0,0,1,70,45,0,0,116
Òά?ΝΓ,υΛτΈμΟ,1712,1779,1745,0,11,0,124,0,0,0,135
ΪγΟ΄ξ±λ¶ΝΓ,Ονα΅?,1664,1743,1703,0,10,0,95,12,3,0,120
χ©θΊσΆ,Ον?,1604,1672,1638,22,62,0,231,31,0,11,357
ήΖθΊΰ»ίζα¦ΝΓ,Λ©?,1716,1805,1760,0,48,0,0,19,0,0,67
ΫφΪ¦ς©ΜΑ,Λ©ω±όψ,1764,1848,1806,7,176,250,233,23,71,80,840
ÒάΥζσΆ,Λ©ϊΜΠ¥,1797,1860,1828,0,40,35,201,19,19,14,328
κχΝΆσΆ,Λ©Ω¤Π¥,1801,1867,1834,1,51,37,46,30,18,28,211
νΦλίγωΡΐ,Λ©ωΥ,1602,1671,1636,1,37,15,59,25,3,6,146
ηξζ¨ξ±λ¶ΝΓ,Λ©κªμι,1680,1757,1718,0,5,3,463,5,0,7,483
ΫφτΉσΆ,Λ©λΘ,1711,1758,1734,21,8,5,126,22,0,9,191
κχω»λ¶ΝΓ,Λ©χΑρμ,1778,1862,1820,29,194,18,415,82,34,35,807
Ϋάυ£λ¶ΝΓ,Λ©ςε,1799,1865,1832,0,129,1,79,74,2,3,288
ϊάχηλ¶ΝΓ,Λ©ωΣΠ¥,1810,1850,1830,1,54,0,119,35,0,1,210
έ¥ξ±λ¶ΝΓ,Λ©Λρ,1817,1881,1849,8,91,0,18,0,0,0,117
ιΜΰ¤ΰ»ίζΩώσΆ,λΕκªΛα,1601,1672,1636,3,0,1,230,3,0,3,240
ρΣχηλ¶σΆ,ΥΩλρηµ,1816,1870,1843,0,2,3,125,4,3,1,138
ÒνθΐΩώσΆ,Χέε΄Φ­,1765,1836,1800,1,67,15,361,18,5,4,471
ΛΏλίλ¶ΝΓ,οχξ¤ΡΉ,1811,1879,1845,0,17,14,98,10,13,3,155
αΝΨήΣΡλ¶σΆ,νε?,1622,1705,1663,1,17,7,247,4,3,5,284
Ω¥ΝΫΰ»ίζΩώσΆ,Ξύ?,1614,1683,1648,4,0,1,199,0,3,0,207
ασΧωΩώσΆ,Χ³ΜΨπΤ,1676,1734,1705,0,4,2,54,1,4,1,66
Ρπΰ΄ΩώσΆ,ΪΣξ¥ϊθ(χΑϊθ),1830,1883,1856,0,33,1,105,14,0,0,153
ϊΧθΐΩώσΆ,ΪΣΠ¥ϋΔ(Π¥ΤΤ),1800,1876,1838,0,4,1,98,22,0,0,125
ς±Ω¤ΣΡΩώσΆ,ωΑα¦λλ,1671,1727,1699,5,14,7,83,0,1,1,111
ΚοΩ·ξ±σΆ,ΦΤΞΓΤΰ,1772,1859,1815,4,0,13,24,8,8,7,64
ΰ¤ΝΆσΆ,ΧέγσΠ¤,1600,1681,1640,0,17,1,134,28,0,1,181
ΟΟλδσΆ,ΡΡΞΓαψ,1801,1871,1836,0,18,0,225,21,0,2,266
π΅πνϊΝΩώσΆ,ΧέÒφΞϊ,1846,1896,1871,0,10,1,30,8,2,1,52
ΠΦϋΙλ¶ΝΓ,ΪΣοΨυΜ,1646,1722,1684,0,3,7,155,2,7,1,175
εΥΤΧλ¶ΝΓ,ΪΣσΎηΐ,1736,1771,1753,0,5,8,205,3,4,0,225
ΰ¤χηΩώσΆ,Χέμ¤Τΰ,1807,1873,1840,0,3,1,130,1,0,0,135
τκτΉήΜα¦Φ¤Ϋ»Φβ,Χ³ρςίϊ,1728,1769,1748,0,6,0,73,3,0,0,82
τΉιΧΝΓ,Χ³ϊββ³,1798,1859,1828,0,7,0,47,3,0,11,68
ΩΚϊΝΝΓ,Χ³οαχ΅,1752,1829,1790,0,27,5,272,27,4,10,345
δΆξ±ΝΓ,Χ³λρί²,1776,1822,1799,0,13,4,23,7,0,4,51
ΤΤτΉΝΓ,Χ³λρωΣ,1781,1840,1810,0,5,1,79,4,1,0,90
ΡυθΐΝΓ,Χ³λρό¤,1779,1853,1816,0,7,0,28,8,3,6,52
κ£ωΝσΆ,όάλΓρι,1782,1855,1818,0,5,1,273,2,7,1,289
μις«θΐλ¶ΝΓ,ΡΡΣλΤΤ,1708,1778,1743,1,3,0,170,13,1,0,188
πΈί£ΰ»ίζÒ΄άΟ,ΡΡα΅χ΅,1684,1747,1715,9,133,25,219,31,16,22,455
ΠτΝΆΰ»ίζΩώσΆ,ΡΡΦΫΰΌ,1811,1886,1848,1,73,13,256,49,13,7,412
ÒωΝΆσΆ,ΪΣΥΞηξ,1713,1785,1749,0,7,15,554,15,3,6,600
κΕάθΩώσΆ,ΞύίΖΣμ,1706,1759,1732,0,3,5,167,0,2,0,177
Ω¥δέΩώσΆ,Τ΄ιΰΜί,1755,1813,1784,2,23,6,147,36,34,7,255
ΩΚΚΥΩώσΆ,παζΠάΦ,1790,1868,1829,0,30,1,266,44,12,2,355
θΒΝΆΩώσΆ,ΡΡα΅ύγ,1682,1757,1719,0,7,2,211,9,1,2,232
ΰ΄γψΛάήΝλ¶ΝΓ,Χέκ£ύς,1811,1883,1847,0,5,2,49,2,1,0,59
ΤΤΦχλ¶ΝΓ,ωΑξ°Ωώ,1830,1894,1862,0,14,6,159,3,4,1,187
ό¤ϊΝλ¶ΝΓ,ίοΧσβθ,1827,1898,1862,1,7,2,305,3,11,0,329
ηίΝΫΰ»ίζΩώσΆ,ΞύΩώλ΄,1644,1718,1681,0,0,1,157,0,0,0,158
σξθΐΩώσΆ,πΗύϋΠ¥,1830,1877,1853,0,28,6,97,6,8,0,145
φΒθΐλ¶ΝΓ,ωΑλλΩ¤,1699,1769,1734,0,1,1,267,2,1,0,272
Ρυχηλ¶ΝΓ,ΧέδΤχΑ,1834,1892,1863,0,8,3,34,1,5,0,51
α³γύοΝΩώσΆ,ξοΠ¥όΊ(ριςθ),1832,1893,1862,0,33,3,72,4,5,2,119
ϊΎεΥοΝλ¶ΝΓ,οχΟΟύΜ,1786,1852,1819,0,12,3,51,5,0,1,72
ΟΒθΗξ±ΩώσΆ,ΧέΨΏ?,1740,1814,1777,0,20,8,65,27,3,5,128
δΜξ±λ¶σΆ,ΪΣΞδ,1634,1700,1667,0,0,2,78,3,3,0,86
ρΣυ½ΩώσΆ,ωΑλΘμι,1689,1767,1728,0,0,3,63,2,0,0,68
Òνδέλ¶ήΐ,ΪΣς©ίϊ(τΈΛν),1754,1819,1786,0,0,0,0,0,0,62,62
??ξ±ΩώσΆ,ΩώςεηΘ(ςεΥ¦),1826,1879,1852,0,65,0,24,11,2,0,102
ί²ωεξ±Πέΰ»ίζΩώσΆ,ΡΡΩ¤ΜΒ,1635,1689,1662,0,0,0,56,3,1,0,60
Òάλίλ¶σΆ,ωΑΜΤφÒ,1825,1898,1861,0,4,1,74,4,1,0,84
Σ΅ήγλ¶ΝΓ,ωΑάΦϋΗ,1726,1805,1765,0,2,5,46,15,4,0,72
Τ³ΝΫλ¶ΝΓ,ωΑξ°κΉ,1812,1881,1846,0,24,0,29,7,0,3,63
χ»θΐσΆ,ωΑω±τθ,1701,1758,1729,0,29,10,110,0,0,0,149
κªΝΆλ¶ΝΓ,ΟνοαύΕ,1785,1835,1810,0,4,0,78,1,9,1,93
οÒδέΰ»ίζΩώσΆ,ΡΡεΧοί,1785,1847,1816,1,0,14,0,40,10,6,71
ζΠτ»σΆ,ϋσΰ«ρ²,1774,1842,1808,7,10,92,134,0,16,22,281
κΕυ½ΰ»ίζαΩσΆ,ωΑΣΉϋπ,1809,1877,1843,0,42,29,869,16,28,3,987
κ£ΝΑΩώσΆ,νεγΑψυ,1819,1894,1856,5,24,6,47,34,9,13,138
νϊκ®ΰ»ίζλ¶ΝΓ,όάκΉΰΌ,1798,1873,1835,0,74,30,474,60,18,3,659
φΒήΘσΆ,δΜσΘ,1829,1888,1858,0,103,11,156,24,24,2,320
Ψωκ£ξ±ΩώσΆ,Χέρ²κΐ,1714,1796,1755,0,27,17,123,18,9,29,223
ΨΉόβϊΝΩώσΆ,ΡΡΛοβΗ,1790,1854,1822,13,13,21,261,22,23,10,363
ΨΉΞΊξ±ΩώσΆ,ΟναΏ,1774,1841,1807,1,35,6,121,8,34,2,207
ασσΌΝλλ¶ΝΓ,ΡΡζ£Λυ,1660,1697,1678,4,2,0,78,5,0,0,89
ρΣηρΰ»ίζΩώσΆ,ωΑΫτκ΅,1792,1858,1825,0,24,4,130,11,8,7,184
ί²ί£ΩώσΆ,ΡΡοΥΧψ,1810,1879,1844,0,8,3,240,3,13,3,270
ΦΫΟΘΩώσΆ,ΡΡοΥάσ,1808,1851,1829,0,14,3,340,3,13,3,376
Ò±ξ±ΝλσΆ,ΧέΞΓπΘ,1740,1808,1774,0,0,2,322,0,0,0,324
ρΣθΐΝλσΆ,ΧέΞΓϋΗ,1741,1813,1777,0,0,1,161,0,0,0,162
ρΣΰ¤λ¶ΝΓ,ΧέΪΒξθ,1625,1673,1649,52,0,1,0,0,0,1,54
τΉύ¨λ¶σΆ,ΟνίΣή―(ίΣω°),1853,1889,1871,0,32,6,341,7,6,5,397
ϊΣμϊξ±σΆ,ϊΙύχ,1629,1690,1659,0,2,11,75,2,0,0,90
ΤΤΞ¬λ¶ΝΓ,ΡΡΡΚσΎ,1748,1812,1780,3,4,1,78,3,0,1,90
Τνδέλ¶ΝΓ,ΡΡΨΏΠρ,1845,1894,1869,0,20,4,39,3,20,0,86
ΨΠϊηξ±ΰ»ίζΩώσΆ,ΪΣΪΕωΧ,1778,1837,1807,4,12,4,185,13,6,0,224
ΨΉφ¨ΣΡΰ»ίζμοσΆ,ΥειΔϋϊ,1634,1710,1672,0,0,1,63,18,0,0,82
π΅ασξ±λ¶ΝΓ,ΡΡλλωΎ,1783,1830,1806,0,4,10,147,9,29,0,199
Ò¬θΊλ¶ΝΓ,δΜφΘΟν,1745,1813,1779,0,3,2,73,0,0,1,79
Ω·οΝμοΝΓ,ά«ύχΧ£(ύχρή),1820,1882,1851,0,6,2,82,12,22,0,124
ΩΖΝΆμοΝΓ,πΖΰΈΠρ,1667,1724,1695,0,0,2,89,0,0,0,91
ΞΖίψσΆ,Χέκσΰψ,1808,1864,1836,0,4,4,66,9,1,0,84
ΛϋΥζλ¶ΝΓ,ΡΡεΧϋΗ,1857,1898,1877,0,8,7,27,8,0,0,50
ΠΝΤΌξ±λ¶ΝΓ,γεΩ¤μΝ,1674,1713,1693,0,21,8,83,2,3,0,117
νΉδάλ¶ΝΓ,παΰυκΉ,1838,1891,1864,0,24,1,47,0,0,0,72
χΑυ½ΰ»ίζΩώσΆ,ΝΤίΖδΤ,1623,1693,1658,2,15,4,161,8,6,2,198
τιτΈΣΡΰ»ίζΩώσΆ,νελλμι,1599,1676,1637,30,21,12,71,28,3,4,169
κ»ΝΆΩώσΆ,Χ³μÒΫΖ,1589,1668,1628,0,6,4,380,16,0,0,406
Ργρ½μοΝΓ,νεΰΌύι,1662,1736,1699,0,4,1,166,4,1,1,177
Ω¥θΐλ¶ΝΓ,ςηΛν,1598,1678,1638,0,0,3,56,0,2,0,61
αζΝΫσΆ,παάΦεΥ,1609,1671,1640,93,0,1,182,50,11,16,353
νΦε§σΆ,ΪΣς±Ν«,1633,1695,1664,15,13,0,0,4,16,2,50
ΡυΝΫμοΝΓ,ΡΡ?,1599,1684,1641,0,0,0,195,0,0,0,195
ϊΘξ±γΜσΆ,Οναψέί,1680,1752,1716,0,0,0,205,0,0,0,205
ΩΖΥζμοΝΓ,ΧέΩ¤λΕ,1652,1708,1680,0,0,3,42,13,0,0,58
ΤΤθΐσΆ,ΟνΤπρμ,1687,1754,1720,0,4,1,59,6,0,3,73
ιΧξ±ΩώσΆ,ηομΛ,1591,1671,1631,1,2,7,150,12,4,0,176
?δΰλ¶ΝΓ,ΧέύΜσ£,1607,1677,1642,2,5,4,138,0,0,3,152
μϊμªξ±λ¶ΝΓ,ηοχΑΠ¤,1795,1866,1830,0,22,7,18,1,2,1,51
α©γύοΝΰ»ίζΩώσΆ,νψύχξΰ,1627,1705,1666,0,8,6,95,11,2,0,122
ΨΉιΧλ¶σΆ,Λ©σΕΠ¥,1840,1898,1869,0,3,1,55,4,1,0,64
αζθΐλ¶ΝΓ,υΛσΕ,1777,1863,1820,0,0,1,264,12,3,0,280
ÒΪξ±σΆ,ηοήΉιβ,1602,1685,1643,0,0,0,130,0,0,0,130
ύρδέλ¶σΆ,ΪΣφΘρή,1838,1898,1868,0,3,5,42,0,0,0,50
ν»ζΤΣΡΰ»ίζλ¶ΝΓ,ΡΡγΑίϊ,1652,1707,1679,0,5,0,115,4,2,0,126
δΜέΒΣΡλ¶σΆ,οχήΤωΎ,1713,1779,1746,0,9,3,89,6,21,1,129
Τ¶θΐΰ»ίζΩώσΆ,ΪΣΰΗ,1596,1669,1632,0,10,0,60,2,1,3,76
ΰ΄ά³ΰ»ίζΩώσΆ,ΧέύΜκ΅,1597,1668,1632,1,9,3,37,2,0,2,54
ΟÒψΥμοΝΓ,ΧέμΟΨΏ,1795,1870,1832,1,19,7,63,12,1,0,103
ρΣδΰλ¶ξη,παΰχΨ΅,1622,1691,1656,1,2,1,63,0,1,0,68
Ω¥δέσΆ,οχ?,1683,1746,1714,0,18,6,556,4,8,2,594
ααιΧΰ»ίζΩώσΆ,ϋσΰΈ,1604,1680,1642,8,18,8,172,7,29,4,246
ό¤ΝΫλ¶ΝΓ,ϋσΡυΨ΅,1606,1679,1642,7,4,10,466,9,11,9,516
ιΦκ®σΆ,ΧέοίΟΠ(ΜΕλΚ),1743,1807,1775,0,45,2,105,21,2,2,177
αΩΦβ μι,υΛόψΛφ,1608,1671,1639,2,3,11,1486,6,24,8,1540
λ»ΝΫΰ»ίζλ¶ΝΓ,ίοω±κΐ,1613,1671,1642,81,0,2,116,0,0,1,200
πνξ±ΰ»ίζΩώσΆ,ΧέύΔμο,1619,1672,1645,1,40,2,125,6,2,10,186
φθιΧλ¶ΝΓ,ΧέίΦ,1620,1690,1655,56,11,0,76,0,0,0,143
αζάθλ¶ΝΓ,ηομΜγ®,1620,1679,1649,1,4,9,195,17,7,2,235
θζξ±σΆ,ΧέΣ®ωΎ,1625,1689,1657,24,27,8,236,6,1,35,337
ε·τ»σΆ,ΡυΞϊΨΏ,1629,1711,1670,266,79,86,244,16,26,104,821
ύ­ΝΆσΆ,Χέ?βθ,1754,1832,1793,0,38,21,175,13,3,5,255
ΩώΝΫσΆ,ΡΡαψωφ,1629,1689,1659,268,50,17,812,29,16,50,1242
ωφξ±σΆ,Χέγ΅μο,1631,1698,1664,2,27,3,51,6,3,2,94
ÒΘρ½ΰ»ίζΩώσΆ,ΡΡχΊμι,1637,1702,1669,8,2,7,394,12,12,14,449
Ω¥ΝΫσΆ,υΛΰΈπ£,1646,1715,1680,120,17,87,4,55,47,129,459
ααξ±σΆ,ΪΣΞΓμι,1655,1723,1689,6,62,6,70,15,4,16,179
υΥΣΑσΆ,ΰχΨΉσ£,1659,1711,1685,0,139,12,53,17,6,6,233
ΨήϋΙΰ»ίζΩώσΆ,αέΣμγ®,1659,1725,1692,3,24,18,402,39,6,5,497
ωδΝΆσΆ,οχΰµΣΉ,1660,1720,1690,0,92,2,323,12,8,2,439
μ£ιΨΣΡσΆ,παχΑσϊ,1660,1722,1691,80,0,0,229,2,1,2,314
ί²έ¥ξ±σΆ,ΧέΤΤει,1693,1739,1716,146,3,8,205,0,6,0,368
ωΞψΥξ±σΆ,ΧέΛνΩ¤,1663,1722,1692,143,6,9,261,45,2,8,474
ÒνϊΝΩώσΆ,ίοα΅?,1663,1735,1699,0,6,14,256,11,5,3,295
ρΣϊΝΩώσΆ,γιω±τθ,1647,1710,1678,1,0,12,1102,34,22,9,1180
Μ£δάλ¶ΝΓ,ΪΣφΘΤ³,1642,1697,1669,3,24,3,64,0,2,6,102
ΪαΟΞΣΡλ¶ΝΓ,Χ³ς¤ϋϊ,1599,1680,1639,0,17,1,37,0,0,0,55
ΤΤχΟΰ»ίζΩώσΆ,λΕβοΛα,1596,1668,1632,0,0,0,295,0,0,0,295
εΫλίΰ»ίζΩώσΆ,ηοΟΠϊΜ,1599,1672,1635,0,30,6,118,6,21,0,181
Ξϊχ¨ΩώσΆ,νεκΥΫΐ,1697,1753,1725,0,2,4,166,18,5,5,200
ΨΉ?ΣΡσΆ,ΧέΜΨΩς,1609,1679,1644,1,1,4,37,19,2,0,64
ΥΒόγΣΡΰ»ίζΩώσΆ,Χέμ»Τα,1625,1703,1664,0,6,0,90,4,0,1,101
Ò²τ»ΩώσΆ,Χέλ£κΐ,1695,1783,1739,0,33,0,84,35,1,4,157
ΩΖδέΰ»ίζΩώσΆ,νε?,1635,1708,1671,2,13,1,212,15,1,3,247
φ¨δάλ¶σΆ,σωωΑσ£,1619,1687,1653,1,0,2,106,0,1,0,110
ί£χΚξ±ΩώσΆ,ΟνχΑγΑ,1635,1719,1677,0,17,6,180,12,3,2,220
ρΣϊΝΩώσΆ,Χέ?σ£,1609,1688,1648,1,0,14,85,6,1,9,116
μΫξ±σΆ,γισρ,1610,1672,1641,1,25,9,39,3,13,0,90
κ£ΝΑσΆ,ΡΡξ¤,1808,1893,1850,0,20,4,302,9,45,4,384
Ρυχηΰ»ίζΩώσΆ,νε?,1614,1669,1641,5,5,1,107,15,3,6,142
ΞΊέ¥γΜΝΓ,ΡΡβύΜΕ,1682,1700,1691,0,0,1,242,0,0,0,243
δΜΝΫσΆ,ΧέρμΩ¥,1605,1672,1638,4,0,2,588,0,2,0,596
ΡυΝΫΰ»ίζΩώσΆ,ΟνίΖΡΞ,1610,1674,1642,3,7,1,66,4,5,1,87
ΠήθΊσΆ,ΡΡωΚΫΖ,1628,1673,1650,0,25,5,48,6,1,4,89
δΜηρΰ»ίζμοΝΓ,ΡυκσΛυ,1621,1683,1652,0,39,1,16,2,0,0,58
ΩΖί£ΰ»ίζΩώσΆ,ΧέΤΦθΗ,1651,1726,1688,1,11,6,230,12,1,4,265
ΡυΝΆσΆ,Χέγωρύ,1624,1704,1664,0,8,1,76,0,1,0,86
ΜΨθ¬ΰ»ίζλ¶σΆ,Χέ?,1629,1710,1669,1,0,11,110,4,12,9,147
όάχησΆ,ΡΡπσΛψ,1628,1708,1668,0,10,5,63,2,7,1,88
ιΥϊΝσΆ,ΪΣίΖϊά,1629,1693,1661,0,88,1,45,0,0,0,134
ΜΨεΥξ±σΆ,ΪΣχΌΝ―,1656,1704,1680,2,3,8,195,5,5,0,218
ψΆόγΣΡλ¶ΝΓ,ΧέγΑωϊ,1630,1689,1659,0,1,0,219,8,0,0,228
ψδδΰσΆ,ΧέήΤΩ¤,1647,1689,1668,49,8,0,46,0,0,0,103
λλδάΩώσΆ,Χέ?,1634,1719,1676,8,1,4,47,2,0,2,64
Σμψέλ¶ΝΓ,λΕςΚ,1631,1698,1664,19,11,0,57,3,0,0,90
ε·ψΥσΆ,οχηξΤ³,1647,1736,1691,4,17,7,153,0,1,0,182
μχω»ΣΡΩώσΆ,γιύ§Ω¤,1638,1701,1669,10,6,1,143,0,1,0,161
λ»κσξ±ΩώσΆ,ΡΡιΛ,1657,1732,1694,0,2,2,513,3,0,0,520
Πήρ½ΩώσΆ,ΝΤΩΣσΗ,1793,1858,1825,0,28,6,130,21,22,0,207
ΟΝαµΰ»ίζΩώσΆ,Ονα΅Ο»,1642,1708,1675,5,2,1,220,17,4,0,249
κ¨ΝΆλ¶σΆ,ΧέϊθΞϊ,1856,1884,1870,0,0,3,655,1,2,8,669
ϊΘξ±σΆ,υΛΡυρμ,1674,1740,1707,0,0,3,51,0,31,0,85
λ»μΫξ±ΩώσΆ,ΡΡΞΓΟΠ,1682,1755,1718,1,10,3,169,28,4,4,219
ς±πλΣΡΩώσΆ,ΟνΨΏΤΰ,1674,1753,1713,0,7,8,83,12,3,2,115
Ϋάε―σΆ,ΪΣΞΓκª,1659,1741,1700,3,12,6,269,1,3,3,297
ΠΚυ½ΩώσΆ,παΜΨ?,1659,1723,1691,2,3,1,42,0,2,2,52
ξκδΰΰ»ίζΩώσΆ,ΡΡχ»ρμ,1649,1711,1680,0,26,0,144,11,0,3,184
ρΣάθΰ»ίζΩώσΆ,ΡΡΚΙ,1653,1735,1694,1,7,0,177,7,0,1,193
αζϋΙσΆ,κδειβϋ,1703,1773,1738,24,0,11,439,0,6,3,483
ύρδΰσΆ,Ϋ®ΤΰτΈ,1655,1704,1679,1,24,10,87,9,0,2,133
όδλίσΆ,ΡυωΝΩ°,1654,1723,1688,0,17,5,99,4,14,7,146
ν»λ΅ϊΝσΆ,ΧέΨΏΫά,1656,1716,1686,0,3,3,80,3,0,0,89
αϊϊΘξ±λ¶ΝΓ,ϋσΜφξθ,1680,1722,1701,51,0,0,153,9,1,0,214
τηήήσΆ,ΟνΤΰΡΊ,1659,1721,1690,5,13,4,227,11,1,1,262
γζΝΆΩώσΆ,οχτΈρ²,1666,1710,1688,0,1,5,47,15,0,0,68
αΕδέΰ»ίζΩώσΆ,πΖωΎκΤ,1678,1752,1715,1,3,16,137,0,8,2,167
μΫξ±σΆ,γιΕΓ,1662,1729,1695,8,10,5,164,1,3,0,191
ιλΝΆΩώσΆ,ΡΡΩ¤ΰΈ,1675,1762,1718,0,8,0,289,5,0,0,302
αΘϊΝΩώσΆ,Ρυ?,1664,1737,1700,5,12,6,59,11,10,5,108
ιΜΛªΰ»ίζΩώσΆ,όάαψμι,1666,1725,1695,0,18,0,26,7,12,0,63
ηΊλίσΆ,ΡΡίΖο°,1663,1714,1688,0,13,0,167,5,0,0,185
ΚέϋΙΰ»ίζσΆ,υΛκςρύ,1603,1673,1638,5,0,0,66,2,0,2,75
φÒιÒοΝΩώσΆ,ΟνΣήΧό,1659,1723,1691,0,8,3,135,13,0,0,159
γ§π΅ξ±ΩώσΆ,ωΑλλκ΅(λλΧ£),1676,1736,1706,0,3,4,105,10,0,0,122
ψϋλίΰ»ίζλ¶σΆ,ϊΙύΔ,1709,1762,1735,0,0,0,171,0,0,0,171
ε―λίλ¶ΝΓ,ΧέΜΨρτ(?),1694,1779,1736,0,4,2,45,14,5,0,70
ιύθΐσΆ,ϋσρμα΅,1668,1735,1701,1,8,11,544,12,4,6,586
ΜΧδΰλ¶ΝΓ,λΕΤΤβª,1674,1739,1706,0,69,20,138,11,33,32,303
ππλίΰ»ίζλ¶ΝΓ,ΧέωΣάΠ,1675,1748,1711,0,0,0,50,0,0,0,50
ρΣϊΝσΆ,ΡΡΪΕχΚ,1678,1722,1700,17,3,4,125,12,2,3,166
χάδέσΆ,ΟνρμΤ³,1680,1722,1701,0,34,10,36,5,0,5,90
Ρ±ϊΝσΆ,ΪΣΧ£ίΣ,1680,1739,1709,2,22,7,204,14,4,1,254
ςΐδΰΰ»ίζΩώσΆ,ΧέΤΤωϊ,1736,1804,1770,1,8,9,273,11,8,1,311
αζθΐσΆ,δΜΩ¤ωΎ,1682,1752,1717,0,76,13,423,46,8,1,567
ΰ¤ρ¶σΆ,πΖωΎΨΠ,1682,1747,1714,3,26,13,354,17,2,4,419
ά³ΝΆσΆ,λΕάσΞϊ,1681,1767,1724,47,446,48,402,52,31,140,1166
Ψήί£σΆ,οχρμΠο,1685,1757,1721,6,124,15,274,41,8,37,505
ΩΜΝΫσΆ,ΧέΡΉςε,1687,1755,1721,58,0,5,296,15,8,16,398
άσρ½ΰ»ίζΩώσΆ,ΡυΟΠρΊ,1690,1759,1724,0,15,7,85,8,28,0,143
όΔδΝΰ»ίζΩώσΆ,ϋσΟΟΫτ,1691,1762,1726,3,4,12,108,4,23,1,155
Ω·ί£λ¶ΝΓ,ΟνϊΚ,1693,1747,1720,0,18,4,165,17,15,4,223
οφδΰσΆ,ΪΚιηβª,1694,1756,1725,6,152,11,165,19,7,45,405
ιΪτΉΰ»ίζΩώσΆ,οχθ¬(ρ²ΞΊ),1694,1760,1727,28,34,2,236,25,3,7,335
σοωΗσΆ,κªΜΨωΎ,1698,1761,1729,73,8,15,213,8,13,29,359
ςΉί£λ¶σΆ,ωΫφΘΩ¥,1703,1788,1745,2,0,10,142,17,14,11,196
Λ§θΐσΆ,μςω±Σή,1709,1773,1741,0,53,17,61,42,14,16,203
?θΐσΆ,Χέϋπ?(ΰς),1701,1778,1739,2,35,7,150,27,25,16,262
ω»ς«σΆ,ΧέίΪςγ,1700,1762,1731,0,40,21,148,33,9,2,253
ρΣψΥσΆ,αέήΦμΟ,1711,1794,1752,6,19,14,91,17,11,7,165
ξ¤ΚΥσΆ,μςύρα΅,1712,1783,1747,0,8,7,96,14,10,33,168
κσγύξ±σΆ,ΧέϋϊάΛ(βυάΛ),1714,1781,1747,0,70,2,0,11,13,6,102
κίδΰσΆ,ΧέυΜρι,1715,1815,1765,40,10,4,227,13,2,21,317
ΡΨθΐσΆ,Πτειπ£,1716,1797,1756,2,76,17,192,5,4,6,302
ηόρΣξ±ΩώσΆ,παλρεΥ,1719,1808,1763,1,9,10,594,10,3,7,634
ΩΥδάσΆ,οχύω(ϋύόΜ),1723,1793,1758,0,36,14,120,32,3,12,217
ε³ξ±ΰ»ίζΩώσΆ,ΟνάΉ,1723,1772,1747,0,71,12,73,7,2,0,165
βυδέσΆ,ηοξ°βν,1727,1792,1759,14,12,32,257,14,27,26,382
πΈϊΝσΆ,φΨοÒςε,1725,1786,1755,0,5,14,162,13,20,13,227
Πήΰ΄σΆ,ΪΣρήκΉ,1739,1807,1773,0,39,7,405,9,18,6,484
ζΨδάσΆ,ΪΣςΏκΉ,1737,1805,1771,4,73,39,39,9,46,30,240
ωΝδάΰ»ίζΩώσΆ,οχγΑζβ,1632,1687,1659,0,3,1,51,1,0,0,56
ωΝΝΫσΆ,ΧέΜ«,1682,1759,1720,5,5,1,206,3,6,2,228
ά΅ΰςΦβ,ΡΡΡΓυΥ,1610,1673,1641,0,0,0,144,0,0,0,144
ίΣξ¤ϊΝΰ»ίζΩώσΆ,ΡΡζ£ςΙ,1663,1713,1688,0,23,4,36,7,10,0,80
κΕηόΣΡΩώσΆ,δΜςΛΰ΄,1644,1725,1684,0,0,0,57,1,0,0,58
ωδά΅ΣΡΰ»ίζΩώσΆ,Χ³ΜΧγΑ,1666,1737,1701,7,13,1,94,12,0,1,128
ί²πλΣΡλ¶ΝΓ,κΰα¦άΔ,1669,1707,1688,0,0,2,205,4,1,0,212
χάΝΫσΆ,όάΨΏξΰ,1660,1733,1696,0,0,8,283,4,9,0,304
Ρβδέλ¶ΝΓ,ΠτοΨΧ£,1730,1798,1764,0,2,8,52,0,3,0,65
ρΊΛ°ΩώσΆ,παγΐΞΓ,1669,1740,1704,0,25,11,178,10,5,4,233
ΟÒτ»ΰ»ίζΡοΝΓ,ϊΙ?,1724,1794,1759,0,0,7,106,0,0,0,113
ύ¨ΝΆΩώσΆ,Χέ?,1670,1735,1702,0,29,2,58,24,3,1,117
μ¨ΝΆτ¥ήΝΩώσΆ,όάΤ³μΟ,1678,1753,1715,0,18,2,85,14,0,3,122
αζλίγΜσΆ,Λ©ΰµω°,1679,1755,1717,0,0,0,270,0,0,0,270
ψΥθΊσΆ,ΪΣΧψίΤ,1682,1767,1724,3,3,4,140,2,2,0,154
?θΐσΆ,Χ³γ®ϊθ,1680,1746,1713,1,21,9,177,4,3,2,217
ΡΨππξ±ΰ»ίζΩώσΆ,Χέί£Τΰ,1740,1832,1786,6,14,1,49,33,1,1,105
ρΣΧωξ±ΩώσΆ,ΪΣα¦ιΊ,1685,1773,1729,0,6,5,42,3,8,0,64
β«δΰΰ»ίζλ¶σΆ,σωρύηύ,1639,1689,1664,1,1,5,101,2,0,0,110
λωΝΫλ¶ΝΓ,φΨσ¥,1621,1702,1661,8,12,5,16,14,1,0,56
ΤαΧΥσΆ,Χέπ­ΜΒ,1683,1742,1712,3,34,2,55,5,2,1,102
ΩΣ?σΆ,ΡυΠΊΞ°,1689,1714,1701,0,0,0,63,0,0,0,63
ΡυψέΩώσΆ,ΪΣοΥΛω,1683,1746,1714,0,13,0,121,6,0,8,148
ψψλδΩώσΆ,ΟνΰΈΪό,1689,1754,1721,1,0,0,168,11,0,0,180
ΨΉθΐλ¶ΝΓ,ΡΡλ®αψ,1695,1761,1728,0,5,22,111,7,3,5,153
Ρυσλΰ»ίζΩώσΆ,οχπ¬,1689,1775,1732,0,19,15,120,9,8,11,182
?οΝΰ»ίζΩώσΆ,ΧέΣμ?,1695,1751,1723,0,61,0,97,0,14,0,172
ΤΤϋΙλ¶σΆ,γιΣλϋϊ,1728,1810,1769,0,29,1,81,8,1,0,120
ψΑδέΰ»ίζΩώσΆ,Ονοα?,1690,1767,1728,9,17,8,169,16,13,2,234
κχΝΆσΆ,αδΰΈΩ¤,1630,1662,1646,2,1,1,156,13,0,0,173
ΫΫδάΰ»ίζΩώσΆ,δΜλλσγ,1603,1680,1641,1,47,31,19,32,11,27,168
ΚολΪξ±ΰ»ίζμοΝΓ,ρ²Τ³άΦ,1709,1784,1746,0,9,3,70,3,2,0,87
ΥςχΚξ±λ¶ΝΓ,Ονξ°κ΅,1701,1777,1739,0,34,4,47,4,9,0,98
?υ½ΰ»ίζΩώσΆ,ΧέχΑυπ,1704,1785,1744,0,8,12,197,20,3,7,247
ΞϊάθγΜΝΓ,Λ©ξ°,1713,1775,1744,0,0,0,223,0,0,0,223
ζφβ²ϊΝΩώσΆ,ΡΡΧ£ωΧ,1738,1806,1772,0,23,9,379,5,13,0,429
ωΩπ΅ΣΡσΆ,αδΩώύγ,1710,1752,1731,0,26,0,102,0,0,0,128
ζ΅δέλ¶ΝΓ,γιΜΨρί,1712,1781,1746,6,6,35,125,7,40,34,253
Ρυά³σΆ,οχΪΧ,1734,1796,1765,0,21,10,209,21,2,1,264
ΤΌί£ΰ»ίζΩώσΆ,ΡΡπσΠ¥,1765,1830,1797,4,39,9,169,22,6,0,249
ΡπΝΫΰ»ίζΩώσΆ,ΡΡΛ°ωΣ,1719,1779,1749,0,45,0,0,8,0,0,53
ΤΤθΐλ¶σΆ,παύΚςΛ,1729,1796,1762,0,21,4,40,3,3,0,71
Ψ¨δάΩώσΆ,παςδΤ³,1724,1788,1756,0,17,4,112,7,4,2,146
ήήτΉΩώσΆ,ίοσγΜπ,1726,1799,1762,0,17,3,84,13,2,0,119
ΠΚΝΫλ¶ΝΓ,Χέπσιτ,1737,1781,1759,0,0,4,302,4,6,1,317
μι?λ¶ΝΓ,ΡΡίΣμν(ίΣει),1756,1822,1789,0,0,6,258,4,9,0,277
κ£?σΆ,υΛΞΓΫύ,1728,1791,1759,5,10,3,210,6,8,9,251
μ£ϋΣσΆ,πΖςΙθ¬,1730,1799,1764,0,19,8,56,9,6,0,98
ΧΤϋΙσΆ,Λ©ίΤΟΠ,1778,1849,1813,0,9,12,29,10,0,1,61
Κ³λίσΆ,ΰχειΠΖ,1740,1818,1779,5,11,12,136,12,13,4,193
ήΦϊΝΩώσΆ,οχΥΞΰχ,1744,1835,1789,4,22,17,126,31,15,2,217
π΅ΞΊξ±ΩώσΆ,ΪΣΩώΛο,1770,1809,1789,0,0,4,66,1,2,0,73
ÒΩΣΑσΆ,γισγπΘ,1753,1833,1793,0,27,13,101,15,14,6,176
όάχηλ¶ΝΓ,υΛγερύ,1748,1822,1785,0,10,1,108,6,11,0,136
φΒξ±σΆ,Λ©ΨΏ,1655,1719,1687,0,0,4,175,0,1,1,181
υ®ϋΙλ¶σΆ,ϊΙσΕ(νά),1776,1835,1805,0,20,8,106,4,1,0,139
αζηρλ¶ΝΓ,παΠΖάΦ,1782,1837,1809,0,13,3,136,11,12,0,175
ΨΉΚΖξ±ΩώσΆ,ΧέΤΤΠγ,1738,1811,1774,2,26,20,158,11,5,10,232
ιΥϊΝΰ»ίζΩώσΆ,Χ³α¦Ω°,1636,1690,1663,16,26,9,195,20,4,7,277
ΜΧδΰσΆ,ΦΤΜΨμς,1569,1620,1594,0,23,9,116,8,57,1,214
ηόί£ΩώσΆ,ίοσγξ°,1726,1781,1753,0,51,6,59,15,11,8,150
ρΣΦδλ¶ΝΓ,λΕόψΞ°,1745,1823,1784,12,0,18,1147,22,2,6,1207
ΰ΄ζΠΩώσΆ,Χέιΰα¦,1751,1830,1790,4,25,13,61,39,11,14,167
Κφό¤ΩώσΆ,Χέπ£μΜ,1753,1826,1789,0,5,8,363,21,15,3,415
μνΰύξ±λ¶ΝΓ,Οντ¥ιΧ,1797,1858,1827,0,23,4,227,23,6,3,286
μιμιξ±ΰ»ίζΩώσΆ,ΡΡγΐσΐ,1754,1831,1792,0,22,18,416,48,4,14,522
ΰ΄ΣΡλ¶ΝΓ,ΡΡίΣοÒ,1727,1788,1757,0,0,0,447,0,0,0,447
ιζθΐλ¶ΝΓ,υΛΜφθΊ,1654,1720,1687,26,7,7,423,8,8,7,486
ÒΝδΰΰ»ίζΩώσΆ,οχω±Π¥,1760,1831,1795,0,127,23,98,15,4,23,290
σηΩ¨λ¶ΝΓ,Χ³μνη΄,1767,1837,1802,0,7,24,354,15,16,8,424
ωΓίψσΆ,παΜΰ,1727,1789,1758,58,9,23,261,34,14,15,414
οφθΐΰ»ίζΩώσΆ,όάΧ£ωΣ,1744,1818,1781,0,49,30,374,19,6,32,510
ΟύλΪΣΡσΆ,ΡυΝλτΠ,1760,1840,1800,48,9,57,145,6,12,41,318
ω£ΝΑσΆ,ΡΡπΣβθ,1765,1832,1798,65,34,21,794,20,17,45,996
θ¬ηξξ±σΆ,αδίΣΡ­,1657,1723,1690,112,0,10,436,24,13,18,613
ΰ¤ΝΆσΆ,ΪΣα¦ΣΡ,1629,1703,1666,63,7,27,562,3,8,77,747
ϋΎΝΫσΆ,Χ³ΫτύΜ,1744,1823,1783,0,209,22,11,8,5,21,276
ςΉυ½σΆ,ΧέύμπΘ,1655,1724,1689,53,211,28,154,25,12,45,528
μοψΥσΆ,ΪΣγΑκΐ,1764,1842,1803,2,10,30,256,38,42,10,388
Òάί£σΆ,ΧέΞΔΣμ(ΜΤκΉ),1762,1824,1793,0,46,8,173,9,26,2,264
ςυδέΩώσΆ,υΛΫύ,1762,1813,1787,23,14,5,46,12,37,2,139
α¤ξ±ΰ»ίζΩώσΆ,ΡυωΣ?(ωΣφϋ),1760,1821,1790,0,138,5,15,15,0,0,173
άΔί£σΆ,ωΫτΙϋΗ,1782,1862,1822,3,9,6,196,3,6,1,224
όΦΧωΰ»ίζΩώσΆ,λΕήΦςδ,1713,1792,1752,0,15,10,142,15,5,9,196
ρΣέΑΩώσΆ,δΜμÒμι,1736,1806,1771,1,66,16,264,18,9,0,374
ϊΌύΜξ±ΩώσΆ,Χέε΄σϊ,1727,1782,1754,0,0,6,160,2,5,2,175
Ογυ½σΆ,οχσΕύΚ,1652,1723,1687,4,78,10,38,13,1,6,150
μιάθσΆ,παΰΈόδ,1727,1802,1764,2,7,5,164,14,9,0,201
ΨΉΪ¤λ¶ΝΓ,ΧωΨΏύΔ,1783,1834,1808,0,5,1,139,7,2,0,154
ΰ΄θΐσΆ,Ονκά,1762,1836,1799,0,20,3,168,14,4,2,211
σοΥζσΆ,Χέπ£Πρ,1759,1836,1797,0,13,12,180,16,12,11,244
ξΐυ½σΆ,ΧέζΕΰπ,1688,1744,1716,5,5,7,301,15,1,10,344
μÒδΐσΆ,ΧέλωτΤ,1746,1796,1771,2,29,4,73,1,14,1,124
αζλδΩώσΆ,ΡυΧ£ΰπ,1734,1817,1775,0,10,17,135,30,12,0,204
ά³δάΩώσΆ,ΧέΠ¤ςϋ,1779,1848,1813,0,17,1,79,0,15,0,112
ψΑξ±λ¶σΆ,ΧέΧΜμο,1636,1698,1667,0,12,3,27,9,0,3,54
ΤΤδέλ¶ΝΓ,ϋσΣήΟΟ,1644,1700,1672,0,1,18,64,23,8,4,118
ÒΈθΐλ¶ΝΓ,παΰψγν,1765,1835,1800,0,10,1,225,6,1,0,243
ΡυίψσΆ,Χ³α΅Ωώ,1798,1852,1825,0,0,1,139,0,0,0,140
Ϋ°ΝΫλ¶ΝΓ,Χ³Υ¦Ωώ,1766,1807,1786,0,72,0,23,2,0,0,97
ϊΧθΐλ¶σΆ,Χέκΐύγ,1779,1845,1812,0,10,6,94,4,7,1,122
ΡυΝΑΰ»ίζΩώσΆ,Χές¤ι»,1753,1831,1792,0,32,2,271,5,3,6,319
Òνλίλ¶ΝΓ,Χ³ΞΓΣμ,1758,1802,1780,0,8,1,47,0,0,0,56
Ψήυ½ΩώσΆ,ΠΦγΜβϋ,1783,1851,1817,2,20,6,176,15,5,7,231
ΣΐϊΝίφ(Ò®σΆ),ϋσΣήι»,1731,1783,1757,0,53,13,24,8,4,2,104
αϊϊΝΰ»ίζΩώσΆ,Χ³λσΩΞ,1785,1833,1809,1,23,7,48,26,11,4,120
ςΑδΰΰ»ίζΩώσΆ,ΡυΧΫΩΟ,1792,1858,1825,1,68,14,78,25,11,23,220
αΘθΐΩώσΆ,ΡΡςειΤ,1786,1859,1822,0,44,7,304,16,6,5,382
ÒΗκ£ΩώσΆ,ϋσ?,1804,1865,1834,0,7,5,633,14,18,0,677
γύξ±σΆ,ΧέΝίαψ(Νίβ°),1808,1888,1848,0,6,12,452,2,7,2,481
λ»θΜΣΡσΆ,Χέω¥μΟ,1804,1887,1845,11,0,7,637,8,50,2,715
ΟΟδνσΆ,ΧέθΝ,1650,1732,1691,0,10,5,255,15,3,9,297
ΰ¤Ν¬ΩώσΆ,ΡΡξ¤σΎ(σΎΠ¤),1811,1888,1849,0,42,4,277,18,6,2,349
ϋιξ±σΆ,δΜΞημΟ,1824,1896,1860,0,141,15,28,16,7,11,218
?ξ±σΆ,ΪΣΠ¨αψ,1807,1876,1841,27,27,11,59,3,0,8,135
τψδέσΆ,ΡΡϊΚΠρ,1774,1842,1808,0,45,22,214,34,6,64,385
ΨΉλωσΆ,ΥΩςδηµ,1788,1859,1823,2,17,40,739,3,56,2,859
όΐί£ΩώσΆ,ΡυΧ£ΨΏ,1709,1784,1746,1,22,19,317,8,40,21,428
αζδΰσΆ,ηοαψό¤,1835,1895,1865,0,19,1,47,12,7,0,86
ΤΤΧωσΆ,Χ³φΘ?,1800,1862,1831,0,106,28,359,18,18,21,550
ΰ¤ϋΙΰ»ίζΩώσΆ,φΨΠ¥χΚ,1812,1871,1841,0,123,34,668,26,8,2,861
γΑδέσΆ,ΡυΝΑ(ΣλόΊ),1807,1879,1843,1,96,32,416,37,18,8,608
κ£ΰ΄λ¶ΝΓ,παμΩηµ,1782,1850,1816,106,0,40,442,15,24,58,685
?ΣΡσΆ,ΧέίΪβ³,1820,1882,1851,7,121,97,712,28,148,28,1141
Μθί£σΆ,οχκªι»,1783,1873,1828,134,8,22,322,17,17,54,574
ωΞρ½σΆ,ΧέςθίΣ,1818,1886,1852,4,263,46,599,32,73,33,1050
ΟΟΛªΰ»ίζΩώσΆ,Χέλσβ³,1805,1851,1828,0,70,17,198,14,12,7,318
ί²ηξΣΡΰ»ίζΩώσΆ,ΡΡα¦Υ¦,1804,1873,1838,0,2,6,53,4,20,0,85
φ»δΰΩώσΆ,ΡΡΰµΠ¥,1826,1885,1855,1,59,0,265,21,11,1,358
αζδνσΆ,Χές¤ϊΚ,1840,1898,1869,0,28,5,75,11,0,0,119
ΣΒμΡΰ»ίζΩώσΆ,γιρ¥ΩΌ,1799,1877,1838,32,138,36,632,43,15,4,900
δζΩ·ξ±ΩώσΆ,ΡΡξ¤ύϋ,1832,1894,1863,0,4,3,103,2,25,4,141
Πιχλξ±ΩώσΆ,ΟνωΧΰχ,1811,1879,1845,8,0,3,169,9,3,0,192
ΞΩδΰΩώσΆ,Λ©Στ,1793,1831,1812,3,5,1,105,3,1,0,118
ήΜιΧξ±σΆ,γιλΓΩΌ,1784,1853,1818,3,1,7,156,5,8,0,180
Ούκ®λ¶σΆ,όάΡΓκΉ,1794,1862,1828,4,0,9,240,0,0,1,254
Τξξ±λ¶ΝΓ,ΡΡΞΓΡΝ,1789,1851,1820,0,3,19,143,9,33,19,226
ΤΤζΠσΆ,οχΫΧύΜ,1781,1843,1812,0,75,4,186,40,0,0,305
ρΣδπσΆ,ς®ΰΈλΚ,1783,1856,1819,0,1,12,219,0,10,0,242
ωφϊΝλ¶ΝΓ,Χ³ΜΧΠρ,1784,1849,1816,0,56,16,281,7,22,2,384
ΟÒψΥμοΝΓ,αέωΣΡ¦,1668,1745,1706,0,1,4,38,23,2,0,68
Ρ¥?ΩώσΆ,ΡΡλλΛρ,1808,1885,1846,0,45,3,112,19,1,0,180
ÒώδΰγΜΝΓ,ΥΩβγ,1822,1886,1854,0,0,1,381,0,0,0,382
αήθΐσΆ,ΟνηµύΜ,1800,1868,1834,0,14,3,52,9,5,2,85
Ν¬ίχΩώσΆ,ΧέΨΉβΧ,1810,1851,1830,1,20,6,84,4,2,1,118
άσίψλ¶ΝΓ,ά«ίΣτΠ,1818,1886,1852,0,1,4,250,0,2,0,257
Ϊ¨ξ±ΩώσΆ,ΡΡςΙκΐ,1807,1857,1832,0,15,1,72,7,4,1,100
αζΝΑΩώσΆ,ΟνοώωΎ,1806,1892,1849,1,27,2,63,23,3,9,128
υπχηλ¶ΝΓ,Λ©μΩόε,1807,1880,1843,0,4,8,52,4,5,0,73
ΨΉηφμοΝΓ,ΧέίΣϊθ,1817,1895,1856,0,10,1,48,7,0,0,66
ΤΤΛªσΆ,γτωΝπΤ,1807,1876,1841,0,0,6,593,0,0,0,599
ΟÒÒάλ¶σΆ,Λ©ρΪϋ°,1801,1875,1838,0,18,4,136,15,0,0,173
ΨΉύμΣΡΩώσΆ,ΟνΰΈΧσ,1803,1884,1843,1,10,3,231,3,50,0,298
αζψΥσΆ,Χέά¶μι,1801,1873,1837,0,0,1,248,0,0,0,249
ό¤Ξτλ¶ΝΓ,πΖάσ?,1805,1883,1844,0,0,9,283,0,0,0,292
ÒΗψΥλ¶ΝΓ,οχΨτΠ¥,1804,1868,1836,4,7,1,91,0,2,0,105
Μνδέλ¶ΝΓ,νεη΄ΠΖ,1805,1878,1841,24,0,2,98,0,5,0,129
θζδέΰ»ίζΩώσΆ,Χέςεό¤,1830,1895,1862,0,22,3,71,9,0,0,105
ΤΤδάΰ»ίζΩώσΆ,Ονΰύηξ,1587,1671,1629,1,0,14,426,0,5,1,447
ϊ­ΤΤαΩδΕέ¤,ΦΤΣμΠ¥,1803,1869,1836,1,0,17,82,5,8,6,119
ΟÒλίλ¶ΝΓ,ΧωλλαΆ,1806,1865,1835,0,3,1,205,6,0,0,215
?ΝΑΩώσΆ,ΧέάΌο°,1824,1891,1857,0,4,1,148,5,3,0,161
ΜΧδΰλ¶ΝΓ,ΪΣπΊΠΞ,1819,1885,1852,10,6,3,36,27,5,2,89
ΟÒλίσΆ,Χέζν,1810,1880,1845,1,2,10,181,0,9,1,204
ΞλοΝΰ»ίζγΜσΆ,ϊάμπ,1807,1876,1841,0,0,0,305,0,0,0,305
ΠΉλίξ±λ¶ΝΓ,ΡΡΧ·,1814,1884,1849,0,0,10,349,7,16,0,382
ππδΰλ¶ΝΓ,ίοΣεβθ,1810,1879,1844,0,4,4,148,0,2,0,158
λ·ΚΥΰ»ίζΩώσΆ,ΪΣύχξπ,1803,1888,1845,0,38,14,116,14,3,0,185
θζδέΩώσΆ,ΡΡΤ³Ω¥,1803,1873,1838,0,31,23,101,24,9,4,192
δρΠΉξ±λ¶ΝΓ,οχΜΤγΥ,1845,1889,1867,0,19,3,92,3,3,0,120
ΜΧΩ·ξ±λ¶ΝΓ,ΟνΡΝ,1712,1774,1743,0,0,6,117,7,8,10,148
ΰδαζΣΡμοΝΓ,αέηµΞΓ,1795,1859,1827,1,0,0,64,1,0,0,66
λΣασξ±λ¶ΝΓ,ΪΣϊ­Υα,1850,1886,1868,0,35,4,55,4,4,1,103
λΪαιΣΡσΆ(γΜσΆ),ΧέίΖξθ,1804,1865,1834,0,0,1,576,0,0,0,577
Ω·ϊΝσΆ,παα΅Ον,1816,1889,1852,0,58,6,42,24,3,2,135
ΠρΝΫνΪΡΐ,ωΫΧΫκΉ,1766,1827,1796,0,3,9,64,15,12,24,127
Λ°ϊ­ΩώσΆ,νεγύωΚ,1804,1865,1834,0,10,8,264,6,16,4,308
ΠΞδέσΆ,Χ³φΘΣμ(φΘβΧ),1823,1881,1852,0,26,5,69,11,1,0,112
ΚέιΤσΆ,ΧέμÒρι,1825,1886,1855,0,23,7,212,24,6,2,274
ΨΉφ¨ΤΧμοΝΓ,όά?,1758,1804,1781,0,30,0,20,3,0,0,53
ιΜί£λ¶ΝΓ,Πτϋπζβ,1828,1898,1863,1,44,14,197,7,6,1,270
Λ°υ£λ¶ΝΓ,ΞύζΤϊ­,1836,1895,1865,0,9,9,123,3,2,0,146
ζνδΰΩώσΆ,ωΎγΑσΗ,1750,1828,1789,0,74,15,207,26,20,4,346
ΰ΄ΚΥσΆ,ίοόψκΉ,1839,1897,1868,0,125,7,85,33,6,2,258
ΨΉΫΪΰ»ίζΩώσΆ,ϋσΧβιΰ,1815,1880,1847,0,48,5,10,6,2,2,73
τμΰςσΆ,ΰχΣήρι,1732,1812,1772,0,8,59,488,22,46,20,643
άΑΨΉξ±σΆ,ίοΩ¤λμ,1716,1787,1751,50,19,40,188,6,41,40,384
Ϊ¶ί£σΆ,ωΫνρΰΈ,1832,1894,1863,26,38,68,434,31,40,36,673
Κ¦ϊΝΩώσΆ,γιΰΈϋΤ,1816,1881,1848,1,28,1,57,4,2,5,98
ΠΦΝΆσΆ,παιήγΥ,1833,1867,1850,0,3,3,121,1,1,0,129
μΜδέλ¶ΝΓ,νεςεΰΈ,1829,1880,1854,0,31,4,55,11,3,0,104
ηόί£λ¶ΝΓ,ΧέΧ£ϊΚ,1851,1895,1873,0,4,3,107,2,3,1,120
γε?ξ±λ¶ΝΓ,ά«χ»ι»,1836,1897,1866,0,0,2,166,0,2,1,171
ΤΤΝΆΩώσΆ,Χ³ςΛΰχ,1826,1894,1860,0,11,8,128,23,14,4,188
ρΣψΥλ¶ΝΓ,ΰχϊÒϋΰ,1838,1885,1861,0,6,2,121,4,6,0,139
?ί£ΩώσΆ,δΜηµϋΰ,1854,1896,1875,0,14,13,265,14,26,7,339
Φ¥χηγΜτό,ΡΡςδβª,1797,1865,1831,0,0,1,182,0,0,0,183
κ£ηρΩώσΆ,παΰυ?,1843,1898,1870,0,30,1,74,8,1,0,114
λκτΉσΆ,ϋσΣλρΒ,1816,1886,1851,2,30,12,291,2,8,4,349
υΥΛ°ΰ»ίζλ¶ΝΓ,ΫάδΕΞ°,1846,1883,1864,0,0,0,52,0,0,0,52
λΡί£ΩώσΆ,ϋσςªασ,1835,1897,1866,0,29,8,76,8,14,2,137
αζΝΑσΆ,αδοούγ,1839,1883,1861,0,30,2,45,11,3,0,91
ΠΉω»λ¶ΝΓ,υΛγΥΪΕ,1831,1891,1861,0,29,5,141,0,2,0,177
ΡυΛªλ¶σΆ,ΫΠνρρΥ,1846,1883,1864,0,14,3,43,8,23,1,92
ΨΉηυλ¶ΝΓ,γιςΛκ΅,1789,1862,1825,0,3,5,184,3,1,2,198
ωυλίμοΝΓ,Χέλμϊπ,1826,1894,1860,0,34,5,151,18,5,0,213
ςΉΡυσΆέΎΦβ,ΧέςΎϋΰ,1836,1892,1864,0,25,11,109,0,16,19,180
ς²Ρυΰ»ίζΩώσΆ,ΡΡΡυμι,1635,1696,1665,0,7,3,61,1,0,0,72
ςΑϊΝσΆ,ΡΡρ£βχ,1837,1886,1861,0,14,5,50,6,3,1,79
ÒάθΐσΆ,ΪΣβΨ,1665,1748,1706,0,8,1,169,6,3,0,187
χΌΝ―οΝΩώσΆ,Ωώύρβο,1597,1678,1637,1,30,16,87,2,12,13,161
ΤκηρσΆ,ΧωπσφÒ,1781,1859,1820,0,75,16,63,11,0,43,208
ςΉϋΙσΆ,ΧέΰΤ,1632,1692,1662,22,20,24,153,11,2,34,266
χΌϋΙσΆ,ϋσκªΰπ,1750,1820,1785,4,12,23,231,39,15,6,330
ΠήϋΙσΆ,ϊΙϋ¦,1853,1886,1869,0,5,2,202,0,1,1,211
δªΨήΣΡλ¶σΆ,δΜΜΤςΓ,1721,1787,1754,0,12,28,127,0,1,0,168
γζξ±ΰ»ίζΩώσΆ,πΖΧύ,1711,1790,1750,14,9,19,60,16,6,22,146
δªάθσΆ,ΧέίΖΤΰ,1814,1882,1848,0,19,11,313,18,37,3,401
Ρψΰ¤σΆ,ΪΣυπΨ΅,1823,1884,1853,0,14,8,51,2,6,0,81
ΤΤιΧγΜσΆ,ΪΣφ½ϊϋ,1841,1862,1851,0,0,5,235,0,0,1,241
Ργλδλ¶ΝΓ,ΡΡΡΉηΐ,1864,1896,1880,17,15,6,407,8,5,0,458
ΚΥφ¨ΣΡλ¶σΆ,οχιάλΛ,1823,1892,1857,0,18,5,55,5,4,1,88
τιϊΝσΆ,ΡΡ?ΨΏ,1632,1717,1674,0,48,7,71,9,4,1,140
Ξϊί£σΆ,Χέϋ©Π¥,1851,1895,1873,0,32,0,28,0,0,0,60
ασξ±σΆ,ΧέκσΰΌ,1851,1882,1866,0,31,2,97,0,6,11,147
θΘΞψλ¶σΆ,γιΣήιβ,1735,1809,1772,0,7,13,0,8,6,28,62
π΅μιΣΡλ¶ΝΓ,κθμΡ Λ©δ«,1772,1832,1802,0,9,3,37,3,8,6,66
χΌΝ―ξ±ΩώσΆ,ΡΡύΚκΤ,1823,1891,1857,11,20,34,132,10,0,14,221
β²?ΰ»ίζΩώσΆ,ίοΰΈΧψ,1710,1789,1749,0,24,21,414,0,10,4,473
ό¤τ»σΆ,Χέσϊ,1745,1820,1782,13,112,27,216,63,12,49,492
ÒΗψΥσΆ,ΫάγΑκΉ,1776,1839,1807,20,84,77,500,36,32,26,775
ΰδδΐλ¶ΝΓ,ς®ΞΓωΧ,1695,1756,1725,0,35,29,670,21,23,5,783
κ£ΝΫΰ»ίζΩώσΆ,ΧέύύΫ΅(ηΘΫ΅),1768,1850,1809,36,62,29,218,39,25,25,434
ςΓω»γΜσΆ,ΡΡίΣάΨ,1714,1782,1748,0,0,0,489,0,0,0,489
κΕΣΑΰ»ίζΩώσΆέΎΦβ,ΥεόψήΦ,1612,1671,1641,0,2,7,46,0,1,0,56
έ¦ΝΆσΆ,ο£άΌβθ,1816,1890,1853,0,96,9,237,11,10,2,365
ϋΪΥζΩώσΆ,ίοβΣ,1820,1882,1851,0,9,4,87,4,7,2,113
ϊάί£λ¶ΝΓ,ωΫΰυκΉ,1818,1879,1848,0,21,5,66,4,2,1,99
ωΎκ®γΜ?,οχςΉλΘ,1808,1858,1833,0,0,1,103,0,0,0,104
Σμλίλ¶ΝΓ,ΪΣκ£αψ,1797,1841,1819,0,4,2,42,9,3,1,61
βάύβξ±Ωώ?,ά¦ρ£κ΅,1790,1866,1828,7,0,18,251,2,24,5,307
ΤΤΝΫλ¶ΝΓ,ΧέάΦζΠ,1768,1836,1802,0,2,10,95,1,1,6,115
ΞΐϊΘΣήήΤλ¶σΆ,φΆεύ,1720,1789,1754,0,0,4,121,0,0,0,125
ωδϋπΣΡσΆ,φΘÒφ,1805,1878,1841,0,19,5,221,0,5,0,250
κδΰ»ίζλ¶ΝΓ,Ϋάάσβª,1841,1911,1876,2,21,4,264,0,13,4,308
ς¤ί£σΆ,ΡΡάΨωΣ,1860,1924,1892,6,84,45,126,39,29,184,513
?ιΤΰ»ίζσΆαΩ,Ξ¬ρ£ΰΈ,1846,1919,1882,35,2300,199,1544,54,268,379,4779
Κέξ±ήηΝΓαΩψΊ,ο£ιΧ,1841,1922,1881,67,3071,271,200,50,173,84,3916
ϊάΝΫσΆαΩψΊ,Χ³ηµΰΌ,1893,1961,1927,30,617,190,697,44,174,394,2146
βΔηξξ±ΰ»ίζΩώσΆ,ΡΡξ¤ϋσ,1867,1939,1903,0,292,73,185,13,85,49,697
ΰ΄οΝσΆ,ΧέοÒςΓ,1841,1910,1875,27,6,13,281,1,18,0,346
ΞΩοΝσΆ,Χέσγγζ,1852,1919,1885,9,2,20,305,2,27,0,365
ϋΎοΝλ¶ΝΓ,ΦΫάΉύς,1850,1918,1884,0,70,5,179,5,5,2,266
Λ­ξ±λ¶ΝΓ,πΖΰΈμν,1886,1969,1927,7,50,29,155,20,21,25,307
Ω·λίλ¶ΝΓ,οχΤΤγΥ,1850,1910,1880,0,0,1,339,0,0,14,354
Μιί£λ¶ΝΓ,ΡΡιΔιλ,1875,1963,1919,1,111,23,861,49,28,12,1085
μοξ±λ¶ΝΓ,οχϋςσϊ,1901,1981,1941,0,109,26,96,11,59,127,428
ύ­σηΰ»ίζΩώσΆ,ΡΡχΚβϋ,1884,1954,1919,0,336,73,1358,38,68,100,1973
αζήήΰ»ίζΩώσΆ,ΠτιΤΨΏ,1846,1916,1881,3,802,426,262,44,469,1066,3072
ασΣΡλ¶ΝΓ,"οχρ¤η§(ςΛιΛ, ςεύμ)",1885,1940,1912,0,74,12,151,11,25,19,292
ά΅άθλ¶ΝΓ,ΡΡΥ¦ςδ,1859,1909,1884,0,6,2,132,0,0,0,140
πσεΥλ¶ΝΓ,υΛΪΒΦ­,1896,1980,1938,0,18,2,337,4,0,0,361
γεα³ξ±λ¶ΝΓ,ΧέλΘόΊ,1872,1952,1912,0,32,14,95,0,0,2,143
ςΑάθλ¶ΝΓ,Χέξ°Τΰ,1920,1946,1933,0,41,7,17,0,5,0,70
φ¨ϊΝλ¶ΝΓ,ΧέδΤΫτ,1901,1976,1938,0,35,5,44,18,0,0,102
όϋΣΡΩώσΆ,ΡΡΩώθ­,1901,1960,1930,0,206,141,469,20,112,191,1139
ύ­ΰ΄λ¶ΝΓ,ηορηΰΌ,1851,1931,1891,0,331,135,351,15,195,271,1298
ύ­δΰΩώσΆ,αδρτϊΚ,1878,1947,1912,0,164,63,285,22,93,176,803
λ»κσξ±λ¶ΝΓ,ΫάηµςΑ(Π¤ά·),1841,1912,1876,0,64,10,107,4,5,4,194
ε³ϊΝλ¶ΝΓ,παπτΠΖ(ϊϋΞϊ),1855,1930,1892,0,24,15,198,2,2,4,245
ζεχησΆ,ΡΡάΉύΚ,1842,1903,1872,1,32,13,154,6,21,5,232
Σμδέλ¶ΝΓ,κΰΰΈΠ¥,1883,1913,1898,0,32,6,70,0,8,0,116
ρμθΐλ¶ΝΓ,κΰϋσΥή,1881,1961,1921,0,102,5,445,14,12,10,588
ρΣϊΝΰ»ίζλ¶ΝΓ,κΰΜφσγ,1861,1943,1902,0,21,4,313,6,15,29,388
ωΝΡυσΆ,ΡΡΏμ,1833,1910,1871,0,37,16,115,18,15,10,211
Ρρθΐλ¶ΝΓ,ηοΝ©βª,1843,1915,1879,2,104,81,555,0,79,108,929
ÒΗΫΪϊΝΰ»ίζΩώσΆ,οχξ°Π¤,1843,1911,1877,0,712,107,460,45,91,178,1593
ί£ΰ΄σΆ,ΡΡϊιθ¬,1844,1910,1877,0,36,34,197,9,13,5,294
άΕί£ΰ»ίζλ¶ΝΓ,ΠτιΤγ―,1858,1907,1882,0,107,7,19,5,5,0,143
κΕΝΑΰ»ίζΩώσΆ,παΰυΚ«,1824,1904,1864,0,231,38,607,25,45,60,1006
οαξ±σΆ,ΥΩόεΛ£,1884,1961,1922,0,254,124,618,23,111,181,1311
ρμϊΝΩώσΆ,όάτΝκΉ,1878,1932,1905,0,214,10,112,20,21,22,399
ύγξ±ΩώΝΛ,πΖΣνγ―,1873,1960,1916,0,65,29,179,14,31,35,353
Òνθΐλ¶ΝΓ,λΕν²ϊθ,1845,1909,1877,0,180,42,77,24,43,35,401
ϊΧθΐλ¶ΝΓ,ΝΤΞΓΰΌ,1845,1924,1884,0,167,36,88,5,102,87,485
ΰγξ±σΆ,αΜωΚΠ¥,1859,1950,1904,0,124,40,626,19,110,129,1048
ζφξ±σΆ,ΡΡΌψ,1888,1978,1933,0,143,70,908,9,102,198,1430
ΰφϊΝΰ»ίζΩώσΆ,ΧωωΧρ²,1871,1954,1912,0,35,35,191,4,61,42,368
ηότ»γωΡΐ,ΡΡΰ«ςε,1843,1905,1874,40,3,2,7,1,1,3,57
οάί£ΝΓ,ΧέΩ¤Ο΄,1866,1904,1885,0,0,1,82,0,0,0,83
ά΅ίψλ¶ΝΓ,οχκ£ηι,1846,1920,1883,0,51,24,474,11,19,7,586
ύ­π½ΰ»ίζΩώσΆ,ΝΤΰΈΦΫ(ΰΈΠ¥),1842,1922,1882,0,91,21,38,20,12,14,196
γαΝ―ΣΡλ¶ςώμοΝΛ,ΡΡΠΊηµ(Ρ°ηµ),1863,1941,1902,9,51,4,193,0,2,17,276
Σ®ΝΆΰ»ίζΩώσΆ,ΡΡΧψΰπ,1827,1903,1865,8,334,93,570,17,71,77,1170
Ξ·ϊΝσΆ,Τ΄ωΣΠρ,1836,1902,1869,1,142,32,291,2,42,4,514
μ£Χ³ξ±ΩώσΆ,Χέριβª,1863,1946,1904,0,72,19,195,22,16,25,349
ωΝί£ΩώσΆ,Χ³λμΩΞ,1841,1921,1881,2,69,21,341,24,35,23,515
αÒί£σΆ,αέάσίΤ,1861,1936,1898,0,23,10,508,10,17,3,571
κΕρ½πνΝΓ,ΪΣρ£θΗ,1857,1916,1886,0,0,4,102,0,0,0,106
Òάκ£λ¶ΝΓ,ΧέςΛιΔ,1842,1909,1875,1,98,15,375,0,0,5,494
λΡί£σΆ,ο£ίΣΩλ,1851,1924,1887,0,53,12,212,8,3,7,295
Τοδΰλ¶ΝΓ,αδάΉΠ¥,1863,1898,1880,0,109,0,53,5,1,0,168
ϊ­ί£λ¶ΝΓ,οχξ¤Π¥,1873,1933,1903,0,0,2,111,0,0,0,113
ΩΥϊΝλ¶ΝΓ,εΰξ¤κΉ,1866,1930,1898,0,135,6,58,22,7,2,230
ΤΤί£ΩώΝΓ,Χ³μΩγΥ,1865,1928,1896,0,24,1,24,14,0,1,64
?εΰί£Ξ½σΆ,οχά°πΘ,1863,1945,1904,0,4,20,0,6,18,23,71
ηΈΝΆσΆ,ϊΙάΌΧΘ,1857,1918,1887,0,33,2,225,4,0,2,266
ιΧ?λ¶ΝΓ,ξοΠ¥άΉ,1840,1905,1872,0,45,7,112,21,3,1,189
Ω¥δέΩώσΆ,ξοξ¤?,1826,1903,1864,0,0,2,50,0,7,0,59
γύθΐλ¶ΝΓ,ξο?ΰΈ,1844,1907,1875,0,27,3,67,12,3,3,115
Ρª?λ¶ΝΛ,Χέαψυπ,1861,1939,1900,0,173,7,775,73,10,2,1040
ΰ¤χηΰ»ίζΩώσΆ,Χ³ω±ηµ,1841,1924,1882,4,233,131,364,43,69,189,1033
έ¥δΰήησΆ,Χέ?,1850,1911,1880,8,62,1,1447,0,0,0,1518
ν΅ξ±σΆ,αδΠΞβª,1818,1906,1862,86,202,76,225,26,31,113,759
ΠιΣΡσΆ,ΧέΠ¤ϊΚ,1896,1976,1936,0,118,87,868,38,45,208,1364
ΠΰιΧξ±σΆ,ΡΡ?ωΣ,1878,1950,1914,2,100,213,1789,35,174,440,2753
ΝΣΣΡσΆ,λΕΠηρ²,1853,1912,1882,9,32,14,227,10,5,3,300
δάΰ¤ΰ»ίζΩώσΆ,πΖΠηΰπ,1873,1933,1903,1,441,195,943,69,201,292,2142
αζΛªσΆ,ΡΡςΙθ¬,1863,1909,1886,0,97,4,72,10,0,4,187
φ»ΣΡΩώσΆ,φΨίΣάΨ,1876,1951,1913,0,101,26,425,34,26,26,638
ΤΤδΰσΆ,Χέϊθιτ,1879,1948,1913,0,67,28,335,20,45,50,545
ΰ΄ηόΩώσΆ,Ονάσύχ,1837,1902,1869,7,55,10,191,21,6,19,309
ΚέθΐΩώσΆ,υΛ?ωΧ,1843,1923,1883,0,123,14,214,21,30,10,412
μιδΰΩώσΆ,ΡΡι»ϋΰ,1853,1923,1888,0,74,5,260,23,26,2,390
ιΝοΝσΆ,ΰχόΊϊΣ,1908,1966,1937,0,29,28,252,21,36,63,429
ΰύξ±ΩώσΆ,ΡΡωΝΤΰ,1861,1946,1903,0,58,28,195,0,9,8,298
ήΦα¤ξ±ΰ»ίζΩώσΆ,λΕιΰωΚ,1852,1930,1891,3,93,30,202,35,81,16,460
ΤΔξ±ΩώσΆ,Χ³ίΣΣή,1864,1935,1899,0,229,12,291,31,28,30,621
ϊ­ήΘσΆ,σ³ΰΈϋΤ,1846,1911,1878,14,20,30,259,11,25,21,380
δΏεΥσΆ,Ονξ°υπ,1882,1952,1917,0,135,36,438,24,41,66,740
Ò¨ί£ΰ»ίζΩώσΆ,Χέ?,1870,1934,1902,1,421,52,935,29,73,59,1570
ί²θζξ±σΆ,ΟνΩ¤ύχ,1865,1923,1894,0,218,26,400,13,45,16,718
Ψυδΰΰ»ίζαΩσΆ,υΛμΜϊθ,1833,1906,1869,30,713,190,350,8,113,448,1852
νΉί£ΰ»ίζλ¶ΝΓ,ΧέάΉΠ¥,1864,1936,1900,0,147,15,217,23,15,18,435
Πηξ±ΩώσΆ,Χέά·κ΅,1858,1937,1897,1,185,16,215,0,35,0,452
γόξ±λ¶ΝΓ,λΕά·ϋ°,1891,1967,1929,1,41,28,114,36,27,43,290
μ¥ί£ΩώσΆ,φΨίΣΡΞ,1858,1916,1887,0,52,0,243,11,15,0,321
μ¥ί£σΆ,ιΰΰΈΠ¤,1873,1948,1910,0,116,4,270,40,3,1,434
αήϊΝΰ»ίζΩώσΆ,δΜρ£ΧΘ,1886,1948,1917,0,49,7,153,22,3,3,237
θ¬άθΩώσΆ,ρ²Πρμπ,1862,1930,1896,0,29,6,263,22,4,8,332
εΧϋΗξ±λ¶ΝΓ,ΡΡήδϊθ,1864,1938,1901,0,50,11,90,17,17,22,207
ΜΧγ­ξ±σΆ,Χ³ρ¤κΉ,1838,1916,1877,0,101,5,163,7,5,4,285
Ξΰξ±σΆ,ΧέΨΏίΣ,1857,1899,1878,0,57,5,154,11,11,0,238
Ϋάλίλ¶ΝΓ,ΟνβνωΎ,1851,1915,1883,0,0,0,60,0,0,0,60
ΨΉύΜΣΡμοσΆ,ΡΡΨΏϊθ,1820,1902,1861,0,27,11,76,5,7,0,126
θ¬ΚΥσΆ,υΛάΌγά,1867,1928,1897,0,53,8,164,13,14,6,258
ÒΤΤΤΩώσΆ,λΕάΉΠρ(άΉΧψ),1856,1931,1893,2,12,2,243,0,3,0,262
ΟΟτΉλ¶σΆ,ΡΡσγςΓ,1872,1939,1905,0,78,4,212,39,9,13,355
ΤΤδνσΆ,παΰΌβ³,1846,1914,1880,0,20,3,163,12,5,24,227
ΟΟάθλ¶ΝΓ,ΧέίΖΩΌ,1853,1932,1892,0,3,4,138,6,9,1,161
?ξ±ΩώσΆ,Χέά·τΚ,1874,1914,1894,0,39,1,39,2,0,2,83
ΰφξ±ΩώσΆ,όάάΦΰυ,1880,1933,1906,0,54,9,66,14,9,3,155
έ¥ξ±σΆ,ΪΚΧ£ϋΰ,1869,1923,1896,3,31,3,39,0,1,1,78
α³ΣÒσΆ,ΡΡΠρθλ(Πρά°),1854,1933,1893,0,24,13,175,0,1,7,220
ΞΖτΉσΆ,παΰυλΚ,1845,1904,1874,0,14,4,83,6,9,0,116
όδΣΡΰ»ίζΩώσΆ,νεΰΈηΘ,1851,1926,1888,0,544,184,342,45,210,307,1632
ύ¨ί£ΰ»ίζΩώσΆ,ϊΙκο,1833,1904,1868,1,468,66,517,21,70,90,1233
νΉάησΆ,οχΰΈϋΤ,1840,1906,1873,0,66,21,50,20,10,1,168
ύρΚΖΣΡλ¶ΝΓ,ΧέϊβΠρ,1839,1902,1870,0,10,1,37,4,0,0,52
Òνξ±σΆ,Ξ¬?(Πρΰχ),1839,1911,1875,1,17,1,113,8,11,2,153
ΜΧξ±λ¶ΝΓ,ΡΡίΣόψ,1847,1909,1878,0,8,0,114,0,0,0,122
ΤΤί£σΆ,πΖάσιΧ,1852,1918,1885,0,51,5,84,6,6,7,159
λνυ£λ¶σΆ,ΦΤοαύ³,1853,1929,1891,0,11,5,164,3,2,0,185
Μ±δΰσΆ,Ονξ°Ρ°,1887,1930,1908,0,50,4,56,4,15,1,130
γύαϊϊΝλ¶ΝΓ,δΜάΉΪθ,1875,1941,1908,0,18,1,84,7,0,0,110
ς¤μÒξ±λ¶ΝΓ,Χ³ίΣΡΞ,1890,1952,1921,0,24,1,75,7,0,2,109
ΰύθΐΩώσΆ,ΧέμΩξ©,1870,1929,1899,0,37,12,194,7,8,4,262
ΨυθΐΩώσΆ,ά«χ»Π³,1867,1942,1904,0,71,12,282,26,15,9,415
ϋπΣΡΩώσΆ,ΧέάΌϋΞ,1892,1964,1928,2,50,14,126,31,12,18,253
ΫέΞΧσΆ,ιΰωΎΞϊ,1871,1948,1909,0,148,17,415,43,15,7,645
Òάΰ¤λ¶ΝΓ,δΜωΏςε,1876,1935,1905,0,75,29,105,0,7,7,223
ÒΪλίσΆ,Λ©γΑϋ°,1850,1928,1889,0,21,5,581,14,7,6,634
κ£οΤλ¶σΆ,νεγ―κΐ,1853,1917,1885,16,59,2,181,12,4,3,277
ύρξ±ΩώσΆ,δΜρ£σΰ,1865,1918,1891,0,83,15,136,18,12,6,270
έ¥δΰΰ»ίζΩώσΆ,νψό¤γΥ,1871,1947,1909,0,147,31,349,14,16,7,564
λ΄ϊΝΰ»ίζΩώσΆ,νεΰΈΧ£,1823,1907,1865,40,61,51,446,24,47,50,719
μϊξ±ΰ»ίζΩώσΆ,ίοσΗΠ¥,1825,1905,1865,1,289,56,132,15,26,28,547
ΰ΄ωΓσΆ,δΜρ£Σν,1841,1907,1874,48,99,44,378,0,11,6,586
ΫΊί£ΰ»ίζΩώσΆ,ϊΙύΉ,1836,1907,1871,2,181,95,787,24,56,74,1219
ΨΉΟ΄ΰ»ίζΩώσΆ,ΧέπϊΡ£(πϊαψ),1837,1902,1869,2,633,86,358,81,61,106,1327
ΣήΝΆΰ»ίζΩώσΆ,Χέγ―ύχ,1847,1916,1881,4,725,80,497,85,57,69,1517
ΜΨξ±σΆ,ιΰΰχΠ¤,1830,1905,1867,1,77,29,160,4,52,3,326
ηξΥζλ¶ΝΓ,Χ³Πρυπ,1884,1960,1922,0,24,0,106,20,0,2,152
μιϋϊΰ»ίζΩώσΆ,υΛϊθΣΉ,1867,1942,1904,14,27,26,1206,11,9,10,1303
γΣϊΝσΆ,υΛϊΚγΥ,1846,1915,1880,0,60,12,30,9,4,6,121
ΧΗί£σΆ,ΡΡξ¤μÒ,1854,1930,1892,0,23,5,154,4,10,3,199
?θΐμοΝΓ,οχΥΞκΉ,1845,1916,1880,0,21,1,35,9,0,4,70
οÒί£σΆ,ΫΠΩώσδ,1864,1928,1896,0,37,3,79,9,2,1,131
Τοδέλ¶ΝΓ,ΧέυπόΊ,1896,1954,1925,0,26,6,23,7,2,9,73
ΰ¤ΛªΩώσΆ,Χέριύ§(μ¤ύ§),1865,1934,1899,0,52,9,169,8,10,1,249
νϊθΐΩώσΆ,υΛΰυΠ¥,1847,1924,1885,0,40,6,90,19,8,0,163
ϋΙλίΩώσΆ,ΡΡι»ιο,1876,1953,1914,0,5,4,111,9,2,1,132
κίΣΡλ¶ΝΓ,πΖΧ£ΰπ,1870,1925,1897,0,35,5,212,3,2,1,258
ωΝΝΑΩώσΆ,ΡΡΰΈύχ,1804,1862,1833,2,40,18,111,8,9,0,188
όδΚΨΩώσΆ,παΤΏϋΤ,1843,1914,1878,0,46,12,82,24,6,1,171
ΝΣθΐΩώσΆ,υΛμÒΞη,1867,1934,1900,0,15,9,119,0,26,2,171
όδί£ΩώσΆ,ΪλΤΤ?,1863,1930,1896,0,30,4,79,1,6,1,121
Ν―ξ±ΩώσΆ,υΛΝήβϋ,1870,1953,1911,0,44,21,199,7,34,6,311
α³ΛªσΆ,ΡΡχΑΧψ,1869,1927,1898,0,39,11,100,10,8,10,178
ζυθΐσΆ,Ξ¬ύΕγ―,1872,1903,1887,0,29,2,95,0,15,0,141
ΨΉαζλ¶ΝΓ,Χ±άΌϊΚ,1842,1919,1880,1,19,4,49,1,24,0,98
ΰφδΰΩώσΆ,δΜγΥκΉ,1868,1945,1906,0,68,7,192,24,8,12,311
φ―ΡυΩώσΆ,ΧέΪΒλ®,1851,1931,1891,0,11,4,133,6,2,0,156
ΨΉφ¨μοΝΓ,ΧέΰΈΝή,1871,1914,1892,0,7,2,59,3,1,2,74
ωΰξ±λ¶ΝΓ,ΟνίΣΟΟ,1862,1915,1888,1,16,4,38,6,3,3,71
ωΚί£λ¶ΝΓ,Χέξΰιλ,1876,1940,1908,0,15,3,82,9,1,4,114
ιΧξ±λ¶ΝΓ,πΖκσϋπ,1876,1914,1895,0,1,3,107,1,0,0,112
λ®ξ±λ¶ΝΓ,εΕρ£δΕ,1870,1941,1905,0,13,4,240,10,8,2,277
αζΛªλ¶ΝΓ,Ονσγι»,1881,1939,1910,0,5,0,61,3,1,1,71
ϋ³ί£σΆ,ΧέίΤΠ¥,1804,1881,1842,0,257,48,737,57,126,37,1262
ϋπθΐΩώσΆ,ΧέΤΰύ³,1856,1918,1887,0,193,15,293,51,9,44,605
τ¬δΰΰ»ίζά¬σΆ,ΡΡΤ³ϋϊ,1825,1912,1868,17,430,238,338,61,148,373,1605
ΰ΄ί£λ¶ΝΓ,ΧέΞηαχ,1880,1951,1915,0,3,5,141,3,5,0,157
ωΚΡυξ±λ¶ΝΓ,νεΠρϋσ,1883,1956,1919,0,107,19,250,14,49,51,490
όϋί£σΆ,ά¦η΄Π¥,1826,1904,1865,1,44,10,542,16,15,9,637
ξΐο£λ¶ΝΓ,Χέρ£Χό,1857,1925,1891,1,4,4,821,0,13,0,843
Μνθΐλ¶σΆ,οχΨΏρ£,1911,1982,1946,0,77,9,182,6,23,33,330
Ρ²ϊΝσΆ,ΡΡΠριΚ,1869,1947,1908,0,68,10,387,44,9,9,527
ωΚΛªλ¶ΝΓ,οχξ¤Μί,1881,1948,1914,0,43,34,133,14,44,16,284
ωΚτ»ΩώσΆ,ΡΡΛ°ΪΗ,1868,1928,1898,0,45,29,168,19,27,9,297
τιΛ°σΆ,υΛΤ³ΰπ,1868,1932,1900,0,138,24,168,36,11,24,401
αϊΛªΩώσΆ,φΨρ£όΊ,1876,1933,1904,0,30,4,181,19,0,2,236
ωΝί£ΩώσΆ,ΪΣΞΓκΐ,1848,1900,1874,0,47,21,274,6,14,11,373
ρΣΣΑσΆ,ΡΡηµπΤ,1842,1917,1879,0,15,9,201,7,4,6,242
υπχ¨ΩώσΆ,ΧέχΑϊθ,1838,1904,1871,0,4,8,211,9,10,15,257
ααδέΩώσΆ,γιΰωΠ¤,1905,1971,1938,0,34,16,269,22,20,22,383
θ®ξ±σΆ,Λ©ιÒηµ,1862,1939,1900,0,30,4,155,5,38,2,234
ςΑδέλ¶σΆ,ΪΣκΐρ£,1887,1944,1915,0,24,5,601,14,9,6,659
ΰδάθΩώσΆ,λΕΣλΠ°,1845,1928,1886,0,26,6,259,13,4,6,314
βθδΰλ¶ΝΓ,Χέχ΅ΩΘ,1857,1911,1884,0,62,31,59,22,8,7,189
Ψήάθλ¶ΝΓ,ηοοΩψυ,1897,1946,1921,0,73,13,199,22,11,6,324
αζξ±λ¶ΝΓ,ΩώÒ»ϋΗ,1883,1958,1920,0,28,2,128,11,2,4,175
γόκΉλ¶ΝΓ,λΕβθωΚ,1865,1938,1901,0,31,2,44,14,2,1,94
ÒΗΝΆλ¶ΝΛ,ΧέιΚ,1868,1940,1904,0,4,2,467,6,2,0,481
ÒνδΰΩώσΆ,ΩώςεΟΟ,1858,1931,1894,0,22,6,139,8,4,1,180
ΡπψΥΩώσΆ,ΧέΣήϋ°,1850,1921,1885,0,68,8,247,18,8,5,354
ρΣηρσΆ,ΦΤλλϋΤ,1852,1913,1882,0,18,7,304,6,3,2,340
ηξί£ΩώσΆ,Χ³ΫΫÒ¶,1870,1945,1907,0,36,3,111,7,1,13,171
ϊ­Υοΰ»ίζΩώσΆ,ΟνίΣξθ,1822,1900,1861,0,16,16,141,4,35,11,223
ΝΆλίλ¶ΝΓ,ΡΡχΑγΥ,1880,1954,1917,0,25,3,135,10,11,6,190
ΠΊξ±ΰ»ίζλ¶σΆ,ωΑϊΚςε,1859,1921,1890,0,52,8,120,14,5,2,201
ιΧτΉΩώσΆ,ΡΡόεΰΈ,1856,1934,1895,0,54,11,397,14,21,16,513
ιΧΣΡλ¶ΝΓ,Ωώξ¤άσ,1903,1969,1936,0,38,3,193,8,1,10,253
ΧΚί£ΝΓ,οχϊθ,1849,1917,1883,0,8,20,179,32,20,10,269
ιΧΣΡΝΓ,οχιΚ,1864,1938,1901,0,4,10,59,16,20,6,115
μ¥ΝΆλ¶ΝΓ,ΧέΠρΤΰ,1867,1920,1893,0,35,4,216,1,1,0,257
υπδΰλ¶ΝΓ,πΖχΑγ―,1858,1922,1890,0,6,5,178,3,2,0,194
α¤δΰσΆ,γιίΣ,1835,1900,1867,0,18,2,112,9,10,1,152
ρΣψΥλ¶ΝΓ,Χ³οαΧ£,1853,1923,1888,0,34,4,108,7,5,6,164
ηξκ£γωΡΐ,Χέκ΄ύχ,1893,1963,1928,0,0,2,87,2,0,0,91
ιΧΣΡΩώσΆ,Χ³ψΆκΉ,1849,1926,1887,0,33,3,203,9,3,0,251
ρΣΝΫλ¶ΝΓ,Ονξ°ϋΡ,1890,1922,1906,0,4,1,85,1,0,1,92
ΩΥΝΆλ¶ΝΓ,ηοΰΈψυ,1888,1914,1901,0,21,4,30,4,0,1,60
όδΝΫλ¶σΆ,ΥΩρΊύχ,1856,1901,1878,0,5,1,81,4,2,2,95
ϋΙλίλ¶ΝΓ,Χ³ίΣμÒ,1863,1945,1904,0,23,5,92,6,2,2,130
ΝΆξ±σΆ,οχπ­ιΚ,1865,1907,1886,0,60,13,252,12,8,5,350
αζΝΆΩώσΆ,ο£Π¨ςε,1870,1928,1899,0,107,9,194,13,9,14,346
αζΝΆΩώσΆ,ΡΡη΄βª,1865,1956,1910,1,174,25,434,36,66,11,747
ΝΣϊΝσΆ,ΡΡΣνΦ¨,1869,1929,1899,0,69,19,138,31,11,7,275
ΤΤκ£λ¶ΝΓ,ΧέΣνΠ³,1898,1968,1933,0,106,34,208,27,17,44,436
ήήυ½ΰ»ίζΩώσΆ,ΪΣΠ¤ϋΗ,1850,1930,1890,0,75,15,233,13,11,43,390
ΜΕί£ΩώσΆ,ΩώιΛ(σγΰΈ),1861,1926,1893,0,93,11,289,19,22,10,444
ΟΒξ±ΩώσΆ,"οχξ°ΰψ(όΊΠ¥, όΊΰψ)",1863,1941,1902,1,102,32,708,33,29,65,970
ΰύϊΝΰ»ίζΩώσΆ,ΧέάΉύς,1859,1938,1898,0,175,9,146,37,21,14,402
μΫδέΰ»ίζΩώσΆ,ΟνίΣΠ¤,1874,1961,1917,0,204,161,624,65,193,408,1655
ψηδέΩώσΆ,Ονρ²ιτ,1825,1901,1863,0,104,35,127,37,26,22,351
ΰ¤ΛªσΆ,ΪΣωΣγΥ,1860,1930,1895,0,56,4,205,16,12,4,297
ϊ­τψσΆ,ΪΣχΑ?,1848,1915,1881,0,18,5,2044,16,24,6,2113
α³Òνΰ»ίζΩώσΆ,ΦΤίΣςΓ,1855,1931,1893,1,647,143,584,43,156,283,1857
ζ¶ΣΡΝΓ,ΪΣλμρ£,1893,1919,1906,0,40,21,212,0,6,0,279
βϋδΰλ¶σΆ,ΡΡωΚβª,1891,1975,1933,0,59,38,416,36,13,57,619
γαδΰΩώσΆ,ΧέρήΞϊ(ΦΖΞϊ),1851,1924,1887,0,75,16,195,11,20,21,338
δρί£ΩώσΆ,ΠΦϊ­Π¤,1861,1914,1887,1,109,5,116,40,14,0,285
σορ¶ΩώσΆ,νεγΑχΚ,1833,1900,1866,0,4,4,152,7,2,0,169
σηΫΰσΆ,ΪΣϊ­τΛ(ϊ­τΚ),1868,1934,1901,3,147,16,199,54,4,10,433
όδί£ΰ»ίζΩώσΆ,ρ²ίΖϋσ(ίΣϋσ),1854,1906,1880,0,32,3,88,5,5,0,133
ΣΠτΉσΆ,ΧέωΣΧ£,1862,1926,1894,0,4,56,238,2,36,22,358
ρΣΝΆλ¶ΝΓ,πΖΠΊγ―,1803,1877,1840,2,97,14,167,28,16,1,325
ς¤ξ±σΆ,ά¦λλβª,1846,1921,1883,7,57,7,107,1,5,2,186
ΨήήΘσΆ,υΛχΑβθ(ω½βθ),1835,1910,1872,0,57,7,417,24,6,1,512
ΰφξ±λ¶ΝΓ,ΧέθΗΠρ(?ό¤),1897,1950,1923,0,77,11,79,25,12,5,209
βΓί£ΩώσΆ,ΪΣόψηΘ,1827,1905,1866,0,40,7,114,25,0,0,186
υ®ÒΖλ¶ΝΓ,οχΨΏξ°,1894,1930,1912,0,20,1,54,5,0,0,80
όΐδΰλ¶ΝΓ,ο£ιΑΠ¥,1878,1944,1911,0,81,11,189,24,16,30,351
ύγξ±ΩώσΆ,σωΩώΠρ,1881,1949,1915,0,21,9,193,6,7,5,241
Ϋάκ£οΝΩώσΆ,Χέό¤ίΤ,1842,1915,1878,0,26,15,87,6,6,6,146
ΰ¤έκΩώσΆ,υΛιΤβθ,1832,1911,1871,0,24,8,95,3,4,2,136
θ¬ζΪσΆ,ά¦Χ£ΥΞ,1860,1917,1888,0,27,5,150,0,10,0,192
?δάσΆ,ΩώΛ£βθ,1888,1933,1910,0,21,2,220,8,4,3,258
Σμυ£ΝΛ,υΛϋβΧω,1854,1935,1894,0,9,4,302,4,10,2,331
ύ¨ΡυΩώσΆ,Λ©μΩβª,1875,1943,1909,0,45,3,159,5,6,4,222
ΰφΣΡλ¶ΝΓ,ΰ΄Σήα¤,1871,1933,1902,0,18,5,88,5,6,0,122
ϋΙδέΩώσΆ,ΡΡΜΨΩώ(ύΜΨΉ),1881,1941,1911,0,67,9,148,18,11,3,256
Ϋ»ρ½σΆ,ΩώΟΠϊθ,1838,1911,1874,0,43,5,115,5,6,5,179
Ϊ―ΣΡΩώσΆ,υΛΩλΦ­,1883,1946,1914,0,67,9,357,12,11,7,463
Κέδΰλ¶ΝΓ,ξορ£ΰυ,1887,1967,1927,0,35,5,169,6,14,9,238
ÒνϊΝΩώσΆ,υΛωΝΦ­,1868,1915,1891,0,21,1,87,7,0,2,118
Μηδΰλ¶ΝΓ,ηοΧψΰΌ,1841,1905,1873,0,41,15,133,21,11,2,223
ΠΦιΧσΆ,ΞύζΤιλ(ίΤρΪ),1843,1914,1878,0,29,2,76,4,0,0,111
α³ΝΆλ¶ΝΓ,ΰ΄ξ°ρΥ,1866,1945,1905,0,44,19,117,5,34,5,224
αζΰ΄ξ±λ¶ΝΓ,ΰΰάΉΤΰ,1886,1959,1922,0,31,11,138,17,25,35,257
ΠήΧμΩώσΆ,ΟνςΑύχ(μιςΑ),1856,1913,1884,0,20,4,113,11,5,1,154
ΡπΝΫλ¶ΝΓ,αδύχμρ,1837,1901,1869,0,1,3,87,2,1,1,95
ΟΟΝΆσΆ,οχμΩύΗ(μΩΰΈ),1861,1910,1885,0,4,3,74,3,1,0,85
νΦξ±σΆ,ΰχρ£ϋα,1850,1927,1888,0,19,3,69,10,4,1,106
ϊ­λδΩώσΆ,ΪΣΡ°Φ­,1862,1939,1900,0,7,5,145,0,7,12,176
ΨΉηφλ¶ΝΓ,ΟνσΕΣμ,1859,1927,1893,0,18,2,79,11,1,1,112
δΜιΧλ¶ΝΓ,ΡΡη¶Τΰ(ζΠΤΰ),1857,1944,1900,0,5,2,146,1,10,0,164
υΥΛªλ¶ΝΓ,ΧέίΣπΣ,1898,1959,1928,0,25,7,160,5,8,13,218
ΞΩδέμοΝΓ,ΩώάΉμν,1877,1948,1912,0,0,4,77,4,4,0,89
?δέΩώσΆ,Τ΄ωΣΦ­,1891,1959,1925,0,67,18,268,16,23,7,399
ΩνΪ¤ϊΝΩώσΆ,ΧέτΝύ§,1874,1934,1904,0,88,8,112,16,5,1,230
ςΑξ±ΩώσΆ,ΡΡβ¶λλ,1887,1954,1920,0,95,10,145,13,14,5,282
όδί£ΩώσΆ,ΧέΫΐόΈ,1880,1935,1907,0,68,12,218,7,8,17,330
Κ¦ΧωΩώσΆ,Χ³νπγΥ,1875,1950,1912,0,64,14,266,48,4,8,404
γζξ±ΩώσΆ,ΧέςεΠρ,1897,1978,1937,0,32,14,377,35,1,14,473
ωΝί£ΩώσΆ,ΠΦιΛωΎ,1860,1929,1894,0,100,23,276,41,11,1,452
ΫρδέσΆ,Χ³ζΠρο,1853,1933,1893,0,73,25,179,43,35,58,413
λΡλίλ¶ΝΓ,δΜνπκΐ,1887,1949,1918,0,2,1,40,5,0,11,59
ηόΛªΩώσΆ,Ονάσϊθ,1872,1936,1904,0,182,15,403,28,7,3,638
β©ΰ¤ΩώσΆ,Χ³ζΠΠΖ,1857,1933,1895,0,60,22,276,43,13,21,435
ϊΊί£λ¶ΝΓ,Χ³Τ³ϊβ,1842,1910,1876,3,29,1,69,34,1,0,137
κ£χηλ¶ΝΓ,ΧέΞΓρ²,1871,1942,1906,0,30,0,163,12,6,1,212
ωΫξ±σΆ,οχΠ¥η΄,1860,1921,1890,0,106,6,564,18,14,9,717
λρδέΩώσΆ,ΫΠάΉωΧ,1882,1948,1915,0,134,17,259,36,15,41,502
ς¤ϊΝΩώσΆ,ΧέΡΓτΠ,1897,1971,1934,0,70,47,277,28,29,63,514
λίψΥΩώσΆ,αδαψΠΖ,1896,1970,1933,0,94,18,263,12,43,73,503
όδθΐλ¶ΝΓ,ΧέριΰΈ,1870,1936,1903,0,20,2,81,3,9,6,121
ΟÒψΥλ¶ΝΓ,γεηΘΫτ,1851,1915,1883,0,0,2,58,0,0,0,60
Λνξ±ΩώσΆ,γτη¶Π¤,1873,1958,1915,0,65,4,305,14,3,9,400
ϋΙλίλ¶ΝΓ,Χ³κªγά,1852,1903,1877,0,25,5,87,9,0,0,126
μιάθλ¶ΝΓ,ΪΣϊΚβο,1878,1967,1922,0,19,8,65,22,3,10,127
ΰύξ±λ¶ΝΓ,πΖΠ°γ―,1827,1908,1867,2,67,7,142,21,6,4,249
ρΣηρλ¶σΆ,όάΡΊηΘ,1862,1938,1900,0,6,1,81,4,0,0,92
ίυί£λ¶ΝΓ,ϊΙγΧ,1879,1959,1919,0,60,12,382,12,22,25,513
ιΧΣΡλ¶ΝΓ,υΛβθτΚ,1878,1951,1914,0,4,4,75,6,7,0,96
ΚέδέΩώσΆ,ΪΣΤΙ,1863,1942,1902,0,38,7,212,10,7,1,275
αΘθΐλ¶ΝΓ,ΪΣβ³όψ(άΉόψ),1848,1928,1888,0,0,1,175,1,1,0,178
λφξ±λ¶ΝΓ,Ξ¬χΑρ£,1872,1940,1906,0,55,15,119,18,33,3,243
μιδΰΩώσΆ,Ονβ³γ®,1862,1925,1893,0,0,1,54,0,0,0,55
ΨήήΘΩώσΆ,ηομΩβθ,1866,1905,1885,0,24,4,24,2,0,0,54
ÒάΝΫΩώσΆ,ΡΡΩ¥Ϋτ,1870,1944,1907,4,15,26,213,12,21,4,295
ΤΏαϊξ±λ¶ΝΓ,ΡΡμÒγΥ,1864,1939,1901,2,34,8,7,4,3,1,59
Νύξ±ΩώσΆ,αδΣνιΔ(ϊΚιΔ),1864,1932,1898,0,45,10,109,19,15,21,219
όβθΐΩώσΆ,νεγ―ψυ,1875,1942,1908,0,68,5,165,11,7,6,262
ιΜΛªλ¶ΝΓ,οχκΉωΑ,1866,1937,1901,0,7,10,185,7,3,3,215
ά΅ί£ΰ»ίζΩώσΆ,ΡΡΤ³ϊθ,1852,1914,1883,2,4,1,48,2,3,10,70
βχθΐΩώσΆ,ΡΡ?γΥ,1859,1916,1887,0,30,2,52,17,0,7,108
ΜνδέσΆ,ΪΣηΘβο,1851,1918,1884,0,37,8,70,15,3,1,134
Κ¦τΉλ¶ΝΓ,γιίΣμΟ,1852,1919,1885,0,10,3,74,10,0,0,97
χάί£λ¶ΝΓ,ΪΣσγςΣ,1867,1936,1901,0,5,4,47,3,3,0,62
ϊ­α¥λ¶ΝΓ,ωΑβαάσ,1901,1970,1935,0,29,4,122,7,0,4,166
χάί£ΩώσΆ,Λ©γατΚ,1879,1949,1914,0,149,2,167,41,3,4,366
ΠχϊΝΩώσΆ,ΫΠΰΌόδ,1829,1904,1866,0,38,3,365,18,0,0,424
φόθΐΰ»ίζΩώσΆ,οχΡ°ζΠ,1877,1952,1914,0,256,27,324,29,23,11,670
β»ϊΝΩώσΆ,υΛϊθω°,1860,1937,1898,0,96,77,436,83,90,143,925
ήίλίΩώσΆ,γιρ£ϋΗ,1827,1906,1866,0,27,6,132,16,4,0,185
Λ­ξ±ΩώσΆ,υΛΣμόΊ,1866,1909,1887,0,47,13,92,6,12,2,172
α¤ξ±ΩώσΆ,μςχΑρΊ,1881,1944,1912,0,141,39,82,14,120,14,410
Κ³λίμοσΆ,λΕίΣρΥ,1843,1914,1878,0,10,1,41,3,5,0,60
υίί£ΩώσΆ,ΟνωΧΩΌ,1856,1923,1889,0,57,20,252,29,22,13,393
ε·τ»ΩώσΆ,ΪΣΧ£Π¤,1866,1942,1904,0,3,2,69,1,12,5,92
μΩδάλ¶σΆ,ΧέϊιίΣ,1851,1927,1889,0,8,1,44,4,5,0,62
όβ?ΩώσΆ,ΧέΪΒγΥ,1838,1910,1874,0,2,0,140,0,8,0,150
Ρυοβλ¶ΝΓ,ΡΡξ¤ϋ¤,1869,1939,1904,0,8,1,101,0,0,0,110
ςΉυ£ΩώσΆ,ΧέιΚλω,1825,1903,1864,0,7,6,80,6,1,1,101
ΰ¤ΚΥΩώσΆ,ΪΣγ­άΦ,1879,1948,1913,0,1,7,44,12,6,13,83
μΤΤΤλ¶σΆ,ίολ®ΰΈ,1851,1909,1880,0,5,6,81,11,1,1,105
μια¥ξ±λ¶ΝΓ,ο£Πρηι,1831,1900,1865,0,40,2,102,3,7,0,154
ο£ΣΑΩώσΆ,ΪΣΠ¥σΎ,1838,1901,1869,2,4,4,82,3,3,1,99
μνγζξ±σΆ,οχλωΧω,1845,1910,1877,0,385,51,174,40,92,111,853
α¤ΣΡΰ»ίζΩώσΆέΎΦβ,ΪΣμÒΠ¤,1909,1976,1942,0,174,28,169,4,26,77,478
κΕΣΑλ¶ΝΓ,ΡΡξ°ΰ΄,1895,1971,1933,0,54,46,237,14,37,163,551
ΰύξ±σΆ,ΟνίΣμΝ,1863,1935,1899,0,175,47,190,22,38,108,580
λφξ±ΩώσΆ,αδϋΰθΗ,1863,1919,1891,1,148,30,245,24,48,24,520
ωΌί£ΩώσΆ,ΟνάΉΥ¦,1873,1956,1914,0,8,34,56,10,34,69,211
όδλίσΆ,δΜΠΏ,1864,1945,1904,0,51,25,580,2,35,12,705
ς­δΰΩώσΆ,οχϊΜΞη,1876,1957,1916,0,50,9,588,9,22,11,689
ΠϊιΤσΆ,ϋσθ­,1883,1948,1915,0,74,28,658,26,29,10,825
ΡυΝΫλ¶ΝΓ,Φ―ΰΈ?,1855,1932,1893,0,31,17,705,6,21,7,787
ΨΉυΜΩώσΆ,ΧέχΑΩώ,1861,1939,1900,0,50,12,290,18,14,11,395
ί²αΘλ¶ΝΓ,ΧέσΆΦΫ,1846,1920,1883,0,30,16,469,25,30,0,570
α©γύϊΝλ¶σΆ,ΧέΠ¤Ω¤(Π¤ϋσ),1851,1918,1884,0,38,12,78,19,14,6,167
λ¦ξ±ΩώσΆ,γιξ¤ΰΈ(ΧΖΰΈ),1830,1910,1870,0,108,40,275,46,19,18,506
αϊδέλ¶ΝΛ,ΡΡύχζΠ,1895,1971,1933,0,85,11,513,24,21,20,674
ρΣϊΝί¤ΝΓ,ΧέΠ¤ωΧ,1866,1927,1896,0,126,9,154,18,13,8,328
ΰ΄ξ±λ¶ΝΓ,ΡΡξ¤ρη,1879,1947,1913,0,0,3,307,2,2,3,317
όϋί£ΩώσΆ,Χέαψϋ¤,1837,1908,1872,3,98,20,346,40,20,18,545
ήήεΥλ¶ΝΓ,ΟνάΌξ°,1867,1955,1911,0,25,0,94,11,2,0,132
ΡυΛªλ¶ΝΓ,ϊάσΎάσ,1861,1918,1889,2,68,0,46,8,0,0,124
ωφξ±ΩώσΆ,ΧέμΝΞϊ,1838,1912,1875,0,55,26,124,25,25,6,261
γΥξ±σΆ,Πτξ¥,1854,1921,1887,0,174,31,126,13,41,47,432
α³λίλ¶σΆ,ΧέιΰΰΌ,1858,1924,1891,0,37,1,156,2,0,0,196
κΕϋΙσΆ,"αέΠρΥ¦(ΞΓμÒ, Πρη΄)",1858,1922,1890,1,35,7,115,4,24,6,192
υπΣΑσΆ,γιέί,1889,1922,1905,0,65,4,35,0,4,7,115
ÒΪΰ΄ΩώσΆ,Ονά°Πρ,1876,1969,1922,0,49,22,160,20,22,64,337
ΨΉψΥΩώσΆ,ηοωΚΛυ,1844,1928,1886,0,34,5,145,21,4,5,214
Ν¦υ£ΩώσΆ,ΪΚφΘΥΥ,1870,1958,1914,2,132,17,288,20,33,61,553
ΝΆξ±σΆ,Χ³ίΣτΚ,1882,1968,1925,0,56,13,253,6,13,9,350
α³ΝΆλ¶ΝΓ,οΛχΑωΎ,1850,1915,1882,0,43,7,153,14,9,4,230
ωΚψΥλ¶ΝΓ,ΧέάΌρΊ,1890,1964,1927,0,13,0,156,28,0,0,197
ϋϊϊΝΩώσΆ,παοαΥΞ,1880,1945,1912,0,91,12,367,35,26,17,548
ΜΧδΰμοΝΓ,αέίΣϋΗ,1839,1902,1870,0,5,0,64,1,0,0,70
αζΣΑλ¶ΝΓ,ΥεΠ¤τΝ,1881,1964,1922,0,7,4,281,16,11,2,321
ΨΉί£λ¶ΝΓ,ΪΣγ°Ξϊ,1860,1940,1900,0,11,14,157,5,5,1,193
ριδάλ¶ΝΓ,παωΚΥΞ,1899,1964,1931,0,25,3,218,30,4,13,293
ΰ΄λίΩώσΆ,αέηµΤΰ,1874,1947,1910,0,39,10,106,22,15,0,192
ΡυρΣλ¶ΝΓ,ΪΣΜίςε,1884,1956,1920,1,55,14,231,4,12,13,330
α³ξ±σΆ,ηοξ¤ηµ,1865,1919,1892,0,24,29,521,6,19,4,603
ς¤δάλ¶ΝΓ,οχμÒσϊ,1855,1934,1894,0,54,11,154,23,15,5,262
ιΥÒάλ¶ΝΓ,αέύρβ³,1881,1959,1920,0,0,2,57,0,0,0,59
κΕΝΫσΆ,αδΠρεΡ,1887,1956,1921,0,43,12,263,13,34,40,405
α³γύξ±λ¶ΝΓ,όάρ£άΦ,1858,1935,1896,0,33,3,22,0,1,0,59
αΜί£λ¶ΝΓ,δΜΰχόΊ(ΤΦόΊ),1858,1911,1884,0,100,10,154,2,8,3,277
Ρβηξξ±λ¶ΝΓ,Χέοακΐ,1871,1957,1914,0,46,1,223,0,0,0,270
ϊΊυ£λ¶ΝΓ,ΧέιΧζΠ,1863,1934,1898,0,13,1,173,9,2,3,201
Ϋ°ΝΫλ¶ΝΓ,ΟνΰΈωΧ,1851,1937,1894,0,25,3,64,18,1,4,115
α³αζλ¶ΝΓ,οχξ¤Λν,1843,1910,1876,1,9,1,51,1,0,2,65
ΠΞδέλ¶σΆ,ΪΣοΥϋΰ,1862,1911,1886,0,46,7,187,12,13,4,269
?ΝΆΰ»ίζαΩσΆ,ωΫΣμΦ¨(ΣμβΗ),1881,1956,1918,0,34,0,28,0,5,2,69
ΜΨεΥξ±λ¶ΝΓ,Χέγ―η§,1883,1941,1912,0,69,8,137,14,10,19,257
?ϊΝσΆ,ηοΤ³ϋ¦,1826,1900,1863,0,4,7,175,4,9,0,199
φÒόβΣΡΩώσΆ,φΨΤΤχΚ,1871,1936,1903,3,35,9,186,14,13,5,265
ά³αµλ¶ΝΓ,ΪΣΡ«Χ£,1873,1944,1908,0,14,4,103,0,3,1,125
?ξ±σΆ,οχ?ξ±,1854,1917,1885,8,6,54,200,1,14,2,285
ΤΰΡυήηΝΓ,ηοϊ­ΜΕ,1890,1925,1907,0,31,16,186,11,6,20,270
σϊί£λ¶ΝΓ,ΡΡΪΗ?,1861,1940,1900,0,11,6,85,5,2,1,110
ΡάψΥΩώσΆ,ΦΤλλΰ«,1843,1907,1875,0,9,5,74,3,5,5,101
ΤΤΝΆλ¶σΆ,ΪΣνπϊΫ,1861,1907,1884,0,0,0,151,0,0,0,151
ΩΚί£ΩώσΆ,ΡυίΣΦΫ,1871,1906,1888,0,46,3,44,3,2,6,104
ΫΪχηλ¶ΝΓ,ΪΣΨΏυπ,1859,1937,1898,0,21,9,72,0,4,0,106
ήΜιÒοΝΪΚΰ»ίζλ¶ΝΓ,ΪΚΜÒχ»,1887,1960,1923,4,4,6,243,5,7,6,275
Ρυχηλ¶ΝΓ,ΧέάΉΠρ,1883,1925,1904,0,0,2,87,6,4,0,99
Τξδέλ¶ΝΓ,ΡΡΤΰΪΗ,1839,1905,1872,0,0,1,71,0,0,0,72
ε―λίλ¶ΝΓ,ΪΣρμΨυ,1869,1950,1909,0,14,9,95,16,7,9,150
ύ­αζλ¶ΝΓ,σωΨτ?,1871,1952,1911,0,35,9,68,6,6,4,128
ιÒΰ΄λ¶ΝΓ,ΡΡίΣλά,1884,1949,1916,0,4,2,132,1,2,2,143
φ¨δέλ¶ΝΓ,Λ©Σήμι,1871,1950,1910,0,0,0,201,0,0,0,201
ϊΎδΰλ¶ΝΓ,Χέοώβθ,1908,1956,1932,0,10,8,28,0,15,5,66
αζλίλ¶σΆ,Χέη΄ψυ,1863,1927,1895,0,25,4,32,5,3,0,69
ρΣω»λ¶ΝΓ,ΧέΠ¥ϊΚ,1871,1944,1907,0,0,3,63,0,0,0,66
ΡπΝΫλ¶ΝΓ,ΧέζΠΞΊ,1857,1935,1896,0,6,5,43,0,0,0,54
γε?ΣΡλ¶ΝΓ,γιϊθΣή(λΓσ£),1867,1945,1906,0,12,3,76,0,0,0,91
Σντ»αΩσΆάΝλ¶,ΰχΠϊκ΅,1867,1946,1906,0,377,53,120,36,51,125,762
ΜΧδΰσΆ,ΡΡΞηρΥ,1883,1944,1913,1,131,23,367,10,41,30,603
ςΑΝΫΩώσΆ,ΡΡΜΧγΥ,1829,1905,1867,0,14,4,411,11,11,0,451
Πήΰ΄ΩώσΆ,ΫΠα΅ϋΰ,1851,1929,1890,0,66,6,387,21,7,13,500
ππϊΝλ¶ΝΓ,Χέρ£άσ,1836,1918,1877,0,24,10,596,4,31,2,667
θ¬ο£ΩώσΆ,ΟνίΣιΔ,1881,1956,1918,0,60,3,257,37,18,8,383
ό¤κ£λ¶ΝΓ,ϋσΜΨωΎ,1888,1949,1918,1,35,8,412,20,11,15,502
κΕκ£ΩώσΆ,ΝΤ?,1862,1947,1904,0,0,16,245,27,60,9,357
αΘθΐΩώσΆ,ΡυοΥΰπ,1863,1913,1888,0,84,6,176,16,8,7,297
ρΣϊΝσΆ,οχχΑϊθ(Τΰϊθ),1858,1919,1888,18,83,25,54,10,28,44,262
ΤΤΝΆΰ»ίζΩώσΆ,δΜγ―σϊ(άΠβθ),1855,1914,1884,1,10,8,585,8,5,7,624
ςΑθΐΩώσΆ,ς®ΤΰόΊ,1867,1938,1902,0,124,16,231,24,26,9,430
ΰύθΐΩώσΆ,ΧέμΩ?,1870,1929,1899,0,37,12,194,7,8,4,262
μιαζΩώΝΓ,ΪΣΰυβª,1897,1977,1937,0,0,0,269,0,0,0,269
ΨΉί£ΩώσΆ,ΡΡηµβΗ(ςεβª),1862,1925,1893,1,42,3,193,15,4,4,262
ς­ί£ΩώσΆ,ΧέβθιΚ,1869,1933,1901,0,18,2,168,9,9,5,211
μγξ±λ¶ΝΓ,ΡΡΡ®ηµ,1864,1927,1895,0,14,10,56,0,9,7,96
ΡΓδΰΩώσΆ,ΡΡιΰσγ(ζ£ΦΆ),1830,1907,1868,2,6,5,62,21,12,3,111
ΠΊξ±λ¶ΝΓ,ΧέθΜίΣ,1887,1953,1920,0,34,1,270,2,1,0,308
υ―ΝΆλ¶ΝΓ,ΡΡίΖςΙ,1864,1936,1900,0,30,1,133,9,0,0,173
Ρπγψλ¶ΝΓ,ΡΡΨΉγΥ,1845,1922,1883,0,9,13,402,1,13,7,445
δάΛάΩώσΆ,ΪΣηµΦΫ,1814,1903,1858,0,80,19,34,15,9,3,160
ΤΤλίλ¶ΝΓ,ΧέάΌαψ,1883,1965,1924,0,4,13,173,2,7,4,203
μÒί£ΰ»ίζΩώσΆ,ηοα¦ΦΫ,1852,1900,1876,0,27,3,140,7,0,0,177
κ£υ£λ¶ΝΓ,ϋσγ―ΜΧ,1876,1947,1911,0,23,2,118,34,0,7,184
κ£ΧωμοΝΓ,οχλάΩΌ,1870,1953,1911,0,14,0,173,14,1,0,202
Ρπΰ΄λ¶ΝΓ,Λ©ξ¤Ρ­,1857,1938,1897,0,3,6,579,2,4,0,594
ήΘκέλ¶ΝΓ,αδΠ¥ϊΚ,1870,1938,1904,0,10,26,0,0,39,137,212
ΨΉύΜΰ»ίζΩώσΆ,ΪΣπσϊθ,1823,1900,1861,15,41,48,25,3,0,1,133
ΰ¤ί£ΩώσΆ,ηοΩώϊθ,1855,1926,1890,0,9,2,205,3,1,0,220
γεοΤΩώσΆ,ΦΤύιϊθ,1875,1933,1904,0,12,3,143,3,2,6,169
ςªί£λ¶ΝΓ,ΡΡρΥϋΔ,1881,1949,1915,0,11,3,167,5,5,2,193
Ωλί£λ¶σΆ,Λ©Χ£ωΎ,1840,1908,1874,0,83,15,135,12,13,12,270
ψΥκ£λ¶σΆ,ΥΩίΣη¥,1852,1903,1877,1,30,5,48,3,5,6,98
ΡπΝΫλ¶ΝΓ,αΜγ°Π¥,1844,1908,1876,0,0,6,343,3,3,4,359
ΨΉδέλ¶ΝΓ,υΛΠρϋΰ,1895,1967,1931,0,0,2,176,9,0,0,187
ςΉΛªΩώσΆ,ΪΚφΘθΗ,1838,1911,1874,0,44,2,98,1,3,1,149
?ί£ήηΝΓ,ξοά·χΑ,1898,1979,1938,0,59,10,149,17,6,12,253
τμΦ¥ξ±λ¶σΆ,ΟνςΛΠ¥,1860,1910,1885,28,12,17,163,8,52,0,280
ΩΥϊΝσΆ,ΪΣρ£ωΎ,1883,1958,1920,0,9,2,134,6,0,0,151
ΩΣόδσΆ,ϊΙεφ,1883,1922,1902,2,109,17,81,7,40,1,257
α³Ω¥λ¶ΝΓ,Ταύκϊη,1852,1932,1892,0,0,1,96,1,0,0,98
ιΦί£ΩώσΆ,δΜΣλϋΰ,1848,1918,1883,4,45,9,56,13,8,12,147
φϋτθλ¶ΝΓ,γιΣνΠ³,1880,1944,1912,0,40,4,34,10,6,0,94
β²ωΝσΆ,ϊΙ?,1834,1902,1868,1,62,8,489,9,11,1,581
τηάθσΆ,ωΑκªβθ,1858,1924,1891,0,1,2,66,0,0,6,75
μιϊΝλ¶ΝΓ,ΡΡχ»ωΣ,1847,1913,1880,1,36,24,205,13,20,8,307
ΟÒψΥΩώσΆ,ΧέΞηη¥,1863,1943,1903,0,14,3,308,6,1,0,332
Ϊ΅Λªΰ»ίζΩώσΆ,Χέγ―Πρ,1879,1959,1919,0,63,4,141,22,14,2,246
ϋΙκ£λ¶ΝΓ,Χέύύζν(ύύςθ),1872,1945,1908,0,0,1,134,0,2,0,137
Ϋάχηλ¶ΝΓ,ΧέΠΖΪ΅,1846,1931,1888,0,0,2,228,0,0,0,230
υπΣÒλ¶ΝΓ,ϋσγ―Τΰ,1879,1953,1916,0,2,1,35,5,1,7,51
ήΜμ»ξ±μοΝΓ,ΡυΣνςε,1835,1913,1874,0,3,2,60,1,2,1,69
ιΧλίλ¶ΝΓ,ΡΡΤΤαψ,1866,1931,1898,0,24,3,90,6,1,3,127
ΨΉί£λ¶ΝΓ,ΧέίΣςβ,1853,1906,1879,0,23,5,38,5,2,3,76
μªΤ³ξ±λ¶ΝΓ,ΧέμιΰΌ,1877,1946,1911,0,2,1,55,8,0,0,66
ν΅θΐλ¶ΝΓ,οχΰΈλΚ,1868,1946,1907,0,7,2,56,6,2,1,74
σοΝΑΩώσΆ,ΪΣ?ςε,1855,1927,1891,0,101,1,237,18,3,3,363
ΟΌδέΩώσΆ,ΧέΞΓΦΫ,1828,1903,1865,0,79,8,190,36,7,1,321
α¤δέλ¶ΝΓ,Χέλ®ύι,1859,1923,1891,0,55,8,27,12,46,2,150
ÒΗΫΪξ±λ¶ΝΓ,υΛΩ¤ύμ,1858,1912,1885,0,76,13,0,0,5,12,106
ϋΏΝ―ξ±ΩώσΆ,ΧέίΣΟ΄,1834,1910,1872,0,11,21,315,10,3,1,361
θζξ±ΩώσΆ,οΛχΑςε,1876,1959,1917,0,6,0,183,0,0,0,189
ιΧλίσΆ,ΡυΰΈιΧ,1847,1927,1887,0,11,1,89,16,11,2,130
εΧΩΥξ±ΰ»ίζΩώσΆ,ΡΡξ¤Υ¦,1858,1920,1889,0,14,20,59,2,34,2,131
ύρδΰΩώσΆ,γιχΑμι,1852,1938,1895,0,28,5,187,24,14,16,274
ΣΒΝΆλ¶ΝΓ,ά«ρ£Πρ,1854,1937,1895,0,3,9,189,14,3,2,220
αζτΉσΆ,ΝΤΦΙςε,1875,1952,1913,1,114,53,433,22,73,56,752
οώθΐσΆ,Λ©ιΚ,1846,1934,1890,1,101,14,244,43,11,18,432
λφξ±ΰ»ίζΩώσΆ,Χέρ£Φ­,1907,1986,1946,0,171,76,277,34,57,120,735
ΰ΄?ΩώσΆ,ΡΡ?,1850,1925,1887,0,49,10,88,20,4,29,200
Νύξ±ΩώσΆ,νεΰΈγπ,1841,1923,1882,12,51,56,271,15,94,98,597
δάω»λ¶ΝΓ,αδΡΈΰΌ,1833,1917,1875,0,27,6,32,6,0,2,73
ασδΰλ¶σΆ,ΥείΣΩλ,1864,1946,1905,0,10,2,32,10,3,2,59
νΉω»λ¶ΝΓ,Χ±ϋσΦ­,1865,1933,1899,0,3,1,110,3,0,0,117
ωφξ±λ¶ΝΓ,υΛάΉμΩ,1869,1917,1893,0,28,1,32,7,2,0,70
ΪΉδέλ¶ΝΓ,ΧέϊθΛ£,1852,1926,1889,0,19,2,117,8,0,2,148
Òνδΰλ¶ΝΓ,ΥεήΤΫΧ,1829,1900,1864,0,12,1,54,7,0,0,74
μιόβϊΝσΆ,Τ΄ιΣΧ£,1838,1906,1872,0,69,18,197,9,14,1,308
αζξ±σΆ,ΪΣρμΧ£,1838,1899,1868,0,39,10,118,0,0,1,168
ωΚδάσΆ,νεό¤γΥ,1853,1938,1895,19,54,13,79,22,16,5,208
ςδΝΆΩώσΆ,ΪΣξ¤ϋ°(ξ¤α¤),1838,1900,1869,0,156,23,75,11,12,12,289
?θΐλ¶σΆ,ΥεχΑόε,1854,1928,1891,0,75,5,250,18,10,5,363
γεδέλ¶ΝΓ,ΡΡςΑκΉ,1868,1937,1902,0,50,14,316,16,12,1,409
ΜΈί£ΩώσΆ,νεΩ¤ίΣ,1865,1937,1901,0,53,19,72,13,19,17,193
θ¬ί£σΆ,ΧέΞΓβ³,1873,1953,1913,1,34,27,109,15,61,0,247
δΕτΉλ¶ΝΓ,ΧέΞητΉ,1882,1931,1906,0,154,20,91,7,15,13,300
ΠΊέ¥ξ±ήηΝΓ,ΡΡΨτχΚ,1862,1934,1898,0,36,13,113,6,11,17,196
α¥ΰ΄λ¶ΝΓ,ηοΰΈϋς(ΰΈΤ¦),1857,1918,1887,0,45,2,155,1,6,2,211
αζΡυλ¶ΝΓ,οχΩ¥κΉ,1852,1938,1895,0,3,9,80,9,4,0,105
μϊξ±λ¶ΝΓ,ΧέΠρμι,1861,1908,1884,0,42,7,50,7,0,0,106
δªΰ΄λ¶ΝΓ,Χέύχι»,1853,1931,1892,0,52,2,21,5,6,0,86
αζλίΰ»ίζλ¶ΝΓ,ΪΣΡΞϋϊ,1871,1970,1920,0,0,2,76,0,0,1,79
μ±ΝΫΩώσΆ,ωΑμÒαψ(Χψαψ),1830,1904,1867,0,30,8,124,12,9,6,189
οÒϊΝλ¶ΝΓ,γτξ¤ϋΤ,1879,1949,1914,0,8,1,137,7,2,8,163
κ£ΥΎσΆ,οχάσϊθ,1852,1918,1885,0,144,128,473,20,138,50,953
ΠΞδΰΩώσΆ,ΪΣμΩΰπ,1873,1934,1903,0,240,57,293,8,57,26,681
τθΰ΄ΩώσΆ,ίοΰΈό¤,1860,1924,1892,0,213,24,368,39,5,28,677
ΨΉθΐΰ»ίζΩώσΆ,ΟνίΪϊθ(ίΖϊθ),1851,1929,1890,1,129,37,550,31,43,11,802
ό¤ΤΤήηΝΓ,ΟνάΨβª,1871,1937,1904,2,43,9,217,0,14,0,285
Ω»ΝΆΩώσΆ,ΡΡϋψΥ¦,1863,1943,1903,0,30,35,117,24,45,117,368
υΥΝΆλ¶ΝΓ,υΛϋ°γΥ,1825,1901,1863,0,0,2,493,0,0,0,495
?οΝσΆ,υΛάΠΦ­,1847,1922,1884,0,6,47,255,5,32,25,370
Ο«ξ±ΰ»ίζΩώσΆ,υΛωΝΡΞ,1862,1936,1899,2,180,42,331,25,28,11,619
ΨΉλίΰ»ίζΩώσΆ,τ¶ΞΓΦί,1851,1931,1891,2,8,2,107,3,0,1,123
αΙδάλ¶ΝΓ,Χ³μΩΠ¥(μΩκª),1830,1899,1864,0,2,3,105,2,11,3,126
ΰ΄ο£λ¶ΝΓ,Χ³Λνηµ,1883,1940,1911,0,26,3,41,4,1,4,79
ΝΫψΥΩώσΆ,ΧέÒφλΓ,1850,1930,1890,0,66,31,90,37,28,21,273
ΜΒί£ΰ»ίζΩώσΆ,ίοηµΝή,1831,1913,1872,0,72,17,125,10,28,5,257
μιϊΝσΆ,παά¶χΚ,1855,1914,1884,0,78,7,183,25,4,5,302
ÒΝξ±ΩώσΆ,ξοάσΰΈ,1871,1953,1912,0,51,3,277,31,6,4,372
ωδξ±ΩώσΆ,ΡΡαψόΤ,1840,1904,1872,0,45,4,174,14,23,2,262
Ρ»κ®ΩώσΆ,όάσΗρ²,1848,1924,1886,1,49,10,407,14,11,2,494
ΨΉψέΩώσΆ,παρ²κΉ,1851,1920,1885,0,21,8,267,21,5,6,328
ΰ΄ω»ΰ»ίζΩώσΆ,ΪΣκª?,1834,1911,1872,0,21,28,306,5,26,9,395
ΠήΡυΩώσΆ,ΪΣΠ¥εΥ,1840,1903,1871,3,17,9,215,17,10,6,277
εΧθΐλ¶ΝΓ,ΡΡϊΣβª,1867,1928,1897,0,86,6,22,7,2,6,129
ΤΤοΝλ¶ΝΓ,ΧέάΉϋΰ(οαϋΰ),1851,1908,1879,0,107,5,32,8,8,9,169
κ£ΝΆσΆ,υΛοαΩΌ,1858,1915,1886,0,21,1,104,7,3,6,142
Ω»ΣΡσΆ,ΧέϋΰΠΖ,1859,1902,1880,2,16,2,62,8,3,0,93
α³ΝΆΩώσΆ,αδρ£τΠ,1862,1945,1903,0,1,0,217,2,0,0,220
νΉί£λ¶ΝΓ,ΠΦιΞΦ­,1824,1904,1864,0,58,16,217,10,8,12,321
φ­ί£λ¶ΝΓ,Ρυκσϊ­,1866,1936,1901,0,3,1,114,1,3,2,124
ςΉί£λ¶ΝΓ,ΡΡΜΩρι,1863,1945,1904,0,66,2,13,0,1,3,85
Κ¦ί£λ¶ΝΓ,ηοίΣλφ,1856,1934,1895,0,35,6,74,6,1,2,124
κΕΣÒΩώσΆ,ΪΣϋΰεΥ,1851,1899,1875,0,26,4,221,10,5,0,266
μφΣΡσΆ,ΝΤΠργ®,1845,1903,1874,15,13,8,179,7,14,0,236
αϊΚ¦ξ±λ¶ΝΓ,ά¦όψΰΈ,1851,1906,1878,0,25,1,121,2,5,0,154
π£δνΰ»ίζΩώσΆ,ϋσγ°,1852,1928,1890,0,36,14,241,14,3,5,313
?θΐλ¶ΝΓ,ΟνΣλι»,1903,1987,1945,0,40,23,724,20,19,30,856
α³δέΰ»ίζΩώσΆ,Χέ?Π³,1855,1927,1891,0,176,21,253,24,11,9,494
ΫΫύ­λ¶σΆ,λάΰχμρ,1857,1935,1896,4,44,15,290,13,29,6,401
ιΧχηΰ»ίζαΩσΆάΝλ¶,ΧέπσΠρ,1900,1970,1935,0,51,54,187,23,43,70,428
τηΝΆσΆ,υΛΤΤμΟ,1868,1912,1890,0,107,15,274,9,3,24,432
αζδάλ¶ΝΓ,αέά°ωΑ,1911,1972,1941,0,13,4,191,2,0,0,210
ΤΤΪµλ¶ΝΓ,γτΤΤη¶,1849,1906,1877,0,1,4,353,1,4,2,365
ω»ί£ΩώσΆ,οχςεϊΚ,1834,1911,1872,0,94,33,140,34,14,14,329
ΟΟΝΆλ¶ΝΓ,ΡΡη΄Υ¦,1831,1906,1868,1,7,1,137,2,1,0,149
άσΛªσΆ,ΧέΨΉζ«,1861,1904,1882,0,23,3,16,9,2,1,54
α΄σηλ¶ΝΓ,ΡΡΠρχΚ,1843,1919,1881,0,0,0,56,0,0,0,56
μι?ΰ»ίζμοΝΓ,θ¬ηΐϋϊ,1861,1934,1897,0,0,6,175,1,2,0,184
υπΛ°λ¶ΝΓ,ΡΡοαη§,1853,1918,1885,0,17,1,80,2,0,7,107
ΟÒξ±λ¶ΝΓ,ΫΠξ¤ϊΚ,1884,1919,1901,0,18,3,82,3,4,0,110
μ£ί£σΆ,Λ©βοκª,1850,1943,1896,0,7,20,169,18,19,18,251
ΩνμΓξ±σΆ,Λ©Ψτηµ,1836,1912,1874,1,44,11,116,18,5,1,196
ϊ­ί£λ¶σΆ,ωΑΜΤύΞ,1841,1900,1870,0,44,9,147,7,170,0,377
ύ­ΠΦλ¶ΝΛ,ΰχόΊΟΟ,1896,1946,1921,0,18,1,93,2,4,1,119
όδθΐλ¶ΝΓ,ΡΡηµΟΟ(ηµρή),1884,1968,1926,0,27,10,181,18,12,11,259
όΦΝΆλ¶ΝΓ,ωΑΠηϋΰ,1846,1928,1887,0,45,8,148,11,3,6,221
ρμδΰσΆ,υΛεΧΰπ,1905,1979,1942,0,2,5,336,20,13,35,411
ΰ΄τΉλ¶ΝΓ,ΧέάεΦΫ,1884,1962,1923,0,8,1,87,10,0,0,106
αϊξ±λ¶ΝΓ,ρ²γΑΫτ,1883,1932,1907,0,90,9,176,9,3,3,290
ιΨξ±ΩώσΆ,ΪΣγΑκΌ(ΜΘκΌ),1861,1926,1893,0,48,1,62,15,2,1,129
ήίΡυλ¶ΝΓ,ΡΡωΝβª,1898,1978,1938,0,32,5,204,15,2,19,277
θ¬ΣΏλ¶ΝΓ,ΡΡκΙκ·,1864,1925,1894,0,36,6,369,0,2,1,414
κΕΣΑλ¶ΝΓ,ωΑΧ£ψυ,1848,1921,1884,1,19,1,194,23,1,1,240
ήΝαΕλ¶ΝΛ,γεάΉπΘ,1846,1924,1885,0,3,1,672,5,0,0,681
σοΝΆλ¶ΝΓ,Λ©σΐύχ,1858,1934,1896,0,14,14,37,0,0,2,67
α¥δάΩώΝΓ,Χ³ΤΤμΟ,1884,1960,1922,0,27,14,69,32,14,6,162
ιΧΰ΄ΩώσΆ,ϋσξ°ωΎ,1882,1949,1915,3,90,9,287,25,9,5,428
ρΣιΤλ¶ΝΓ,Τώηµΰχ,1843,1926,1884,0,30,1,75,11,5,0,122
ρΣηρσΆ,ΧέίΘΫά,1857,1944,1900,0,57,13,47,11,6,3,137
τιΝΆλ¶σΆ,ΥΩρΊϋΆ(ρΊϋ°),1849,1907,1878,0,0,2,65,0,0,0,67
ρΣήΘσΆ,ϊΙξ¤σΐ,1847,1918,1882,0,18,2,100,9,10,2,141
αζΰ΄λ¶ΝΓ,Χέ?βª,1887,1963,1925,0,12,1,196,8,2,0,219
ωΝΝΆλ¶ςώ,υΛόΊΩΌ,1862,1947,1904,0,5,1,104,22,2,6,140
ωΚο£λ¶ΝΓ,ΧέΡΓϋΰ,1889,1965,1927,0,59,13,248,21,9,18,368
όϋΣΡΩώσΆ,υΛΩ¤ύχ(Υ¦Ωώ),1864,1928,1896,0,68,12,211,32,21,51,395
ύρξ±ΩώσΆ,οχρ£ϋϊ,1881,1938,1909,0,75,5,249,23,2,3,357
άΊί£ΰ»ίζΩώσΆ,ΡΡηµωΚ,1869,1933,1901,0,135,17,397,25,27,3,604
υΥζΠΰ»ίζΩώσΆ,ΟνΧ£ϊθ,1899,1988,1943,0,263,301,248,57,468,1060,2397
ς­κ£σΆ,ΡΡΜΦϊθ,1823,1906,1864,0,51,28,261,8,46,14,408
ιΧϊΝλ¶ΝΓ,ΧέΤ³ϋ¤(Τ³ΰµ),1881,1963,1922,0,0,5,291,7,13,0,316
ϊ­ί£σΆ,οχϊ­η΄,1868,1946,1907,0,15,1,376,10,0,1,403
ΫάιΧξ±ΩώσΆ,ΧέγΑζΤ,1841,1918,1879,1,2,10,239,0,2,2,256
Τ¶υ½λ¶σΆ,ϊΙϊΣ,1884,1950,1917,0,38,4,150,6,1,1,200
ΜΧξ±λ¶ΝΓ,ΡΡΡ°ρΊ,1907,1977,1942,0,38,11,213,23,22,20,327
γεδέΩώσΆ,υΛΠηΪΒ,1883,1970,1926,0,66,6,194,9,3,17,295
κσξ±λ¶ΝΓ,Ονξ°ΡΈ,1885,1955,1920,0,44,4,267,13,3,5,336
ΰ¤ΛªΩώσΆ,ΪΣϊϋΤΤ(ιάΤΤ),1875,1920,1897,0,48,1,160,10,5,0,224
ιΦδΊΣΡΝΓ,θέκ«(ΰυβθ),1868,1922,1895,1,17,35,75,3,21,14,166
α³ΝΆλ¶ΝΓ,Ονβάάσ(ηΐϊθ),1886,1962,1924,0,39,5,356,10,4,3,417
ΤΤί£λ¶σΆ,νεςεηµ,1886,1962,1924,0,45,7,84,10,1,3,150
ΨΉλίλ¶ΝΓ,Λ©ηΪπΤ,1894,1968,1931,0,9,6,98,4,1,5,123
ΤΏί£ΩώσΆ,ΧέΨΏΰχ,1872,1922,1897,0,33,6,145,6,6,5,201
Κ³λίμοΝΓ,ΡΡΜΧζΠ,1883,1940,1911,0,0,2,115,0,0,0,117
όδΣΡλ¶ΝΓ,ϋσβθρΊ,1897,1971,1934,0,10,30,38,4,16,20,118
ςΉυ½λ¶ΝΓ,Ονάσαψ,1872,1940,1906,0,0,6,186,10,0,6,208
Ρυρ½ΩώσΆ,παγ―Πρ,1836,1913,1874,0,58,17,315,42,11,3,446
άσί£ΩώσΆ,γιάσΥΞ,1878,1947,1912,0,18,14,42,20,12,22,128
ΜΧξ±λ¶ΝΓ,ΡΡϋϊϋ¦,1870,1938,1904,0,4,1,48,0,13,0,66
Ρ±ΣΡσΆ,Χ³φΘΰυ,1879,1937,1908,0,17,3,142,6,0,2,170
χΚξ±σΆ,Χ³νΦ(ϊ­η¥),1880,1951,1915,0,84,39,734,37,51,60,1005
ν΅δάσΆ,ΡυοΥιά,1869,1947,1908,0,513,47,768,50,45,72,1495
οώί£ΩώσΆ,αδϋΰΝή(ΣμάΉ),1865,1930,1897,0,211,36,167,30,68,102,614
μ¨τΉσΆ,Ρυσγύχ,1870,1945,1907,0,348,23,264,45,13,28,721
ϊάήήΩώσΆ,ΡΡσγγΜ(λλόΊ),1894,1968,1931,0,68,56,190,22,30,33,399
Πήρ½ΩώσΆ,όάΗε,1875,1972,1923,0,8,29,388,10,29,85,549
Ν―δέΩώσΆ,παϊιΠ¥,1874,1958,1916,0,86,18,148,31,33,35,351
ΰύξ±λ¶ΝΓ,υΛσεϋΰ(οαΤ³),1882,1948,1915,0,19,0,48,14,0,7,88
φΘξ±σΆ,παιΛϊΚ,1869,1951,1910,0,148,18,513,17,22,9,727
Ργρ½λ¶ΝΓ,οχϋΰπσ,1915,1984,1949,0,18,3,214,2,1,3,241
όδΛªΩώσΆ,ΡΡρ£ϋΗ,1906,1972,1939,0,154,26,262,74,15,71,602
όδΣΡΩώσΆ,ϊΙΨΏσώ,1890,1962,1926,0,40,14,185,0,3,8,250
ϋΙδΰλ¶σΆ,ΧέρΨΰΈ(Ωώϊθ),1909,1985,1947,0,0,0,105,0,0,0,105
α¤ξ±λ¶ΝΓ,ΡΡίΒΣμ,1873,1930,1901,0,10,0,221,8,5,0,244
β³ί£ΩώσΆ,ΡΡάΌπσ,1871,1931,1901,0,148,25,243,36,19,23,494
ΤΤί£λ¶ΝΓ,υΛύΉΞη,1882,1956,1919,1,87,26,238,39,68,124,583
Σμδέλ¶ΝΓ,ΡΡύχΤΤ,1894,1972,1933,0,17,3,170,12,0,0,202
σοΝΆλ¶ΝΓ,ΧέωΚΠρ,1881,1953,1917,1,176,20,654,84,68,6,1009
δªΰ΄λ¶ΝΓ,ΟνÒ»ϋΰ,1863,1932,1897,0,12,0,265,9,0,0,286
ΠηδέΩώσΆ,δΜρ£Τΰ,1881,1954,1917,0,36,8,105,39,16,16,220
κ£ξ±λ¶ΝΓ,ΪΣΦΫτΙ,1904,1979,1941,0,47,10,319,16,1,9,402
ΛϋχηΩώσΆ,Χέϋΰοα,1897,1971,1934,0,31,11,219,29,29,22,341
α³ΝΆλ¶ΝΓ,ωΑρ£Υ¦,1895,1969,1932,0,34,6,291,12,2,7,352
π΅ϊΝΩώσΆ,Ξ¬ρ£τ¶,1895,1970,1932,0,68,9,333,54,48,85,597
Πήΰ¤λ¶ΝΓ,ΡΡΠ¥όΊ,1871,1954,1912,0,39,3,292,34,4,2,374
Τ¶δέΩώσΆ,οΛΤΔΰπ,1870,1941,1905,0,26,0,111,15,25,0,177
ρΣμοσΆ,οχϋΞιΚ,1855,1935,1895,0,4,10,90,3,17,3,127
ΤΤί£λ¶ΝΓ,ΧέχΑίΦ(χΑηΘ),1866,1938,1902,0,40,4,118,16,0,1,179
?ΣΡσΆ,ΧέάΉϋϊ(άΉΨ΅),1889,1955,1922,0,63,9,387,17,14,13,503
ιΧψΥΩώσΆ,ΰχχ»η΄,1879,1951,1915,0,48,15,270,17,58,19,427
ηξί£ΩώσΆ,ξοάσβΔ(άΉθ¬),1882,1961,1921,0,66,46,272,14,49,52,499
ε³ξ±ΩώσΆ,δΜρ£ϋϊ,1885,1937,1911,0,109,15,189,36,18,13,380
κπϊΝΩώσΆ,Χέη΄Πρ,1906,1955,1930,0,29,1,22,14,0,0,66
Ω¥ΝΆλ¶ΝΓ,ΡΡΜωλΘ,1875,1951,1913,0,67,24,260,45,12,11,419
οÒϊΝλ¶σΆ,ΰχξ¤ΡΈ,1912,1979,1945,0,53,14,319,16,9,41,452
ιΧί£λ¶ΝΓ,ΧέίΖϋΰ,1864,1919,1891,0,43,5,143,7,7,1,206
ΠΦΝΑλ¶σΆ,ΰχΰ΄ΠΖ,1878,1930,1904,0,22,3,270,7,2,4,308
ΰχθΐλ¶ΝΓ,Ξ¬ά·ϋΔ,1892,1938,1915,0,70,5,52,19,0,0,146
κκΣΡλ¶ΝΛ,υΥζΠιΘ,1908,1970,1939,0,48,7,117,6,3,0,181
ωφθΐσΆ,ΡΡαΆχ΅,1843,1920,1881,0,46,13,217,5,10,0,291
ό£ήΘΩώσΆ,υΛχΑΠ°,1828,1900,1864,0,21,2,116,3,10,0,152
ΰ΄ξ±λ¶ΝΓ,οχϊΚτΚ(δΕγΑ),1889,1970,1929,0,19,3,145,4,0,3,174
αϊθΐσΆ,ΪΣα¦Μθ,1902,1965,1933,0,62,1,232,8,0,0,303
γΑξ±ΩώσΆ,αδκΉάΨ,1864,1931,1897,0,33,4,240,10,4,0,291
Ν¦Λªλ¶ςώ,ηοΠρϋσ,1878,1938,1908,0,30,5,107,6,0,0,148
Òβί£λ¶ΝΓ,ϊΙγα,1876,1946,1911,0,29,9,280,5,13,7,343
μ»ϊΝλ¶ΝΓ,οχωΣηµ,1907,1965,1936,0,3,2,47,3,0,7,62
κªΝΫσΆ,ωΫιΰΰΈ(ΠσΰΈ),1872,1947,1909,0,27,8,386,15,12,2,450
αζηρλ¶ΝΓ,ΧέςεάΠ,1875,1945,1910,0,57,4,312,10,4,1,388
ΰυδΰσΆ,ΧέιΓβ³,1875,1943,1909,0,72,5,387,10,5,3,482
ίυί£γΜσΆ,ΫΠβοόΊ,1865,1920,1892,0,0,1,147,0,1,0,149
ξζλίλ¶ΝΓ,Λ©ςΏρ²(ύγρ²),1856,1939,1897,0,2,4,33,14,7,0,60
δ²ΰ΄λ¶ΝΓ,οχΩώΰπ,1859,1929,1894,0,63,8,111,7,9,6,204
π΅θΐλ¶ΝΓ,δΜπ£ϊθ,1871,1927,1899,0,29,3,63,12,5,1,113
ιÒαζλ¶ΝΓ,οχρ£Φί,1904,1987,1945,0,15,0,96,7,3,3,124
ρΣμολ¶ΝΓ,ΧέϊθςΓ,1881,1968,1924,0,15,17,293,12,16,5,358
οώί£ΩώσΆ,ΤώίΣβΧ,1880,1957,1918,0,11,1,210,0,3,4,229
α¤ξ±ΩώσΆ,οχΠ¨ΰΈ,1876,1954,1915,0,77,22,563,14,22,5,703
ιΧξ±ΩώσΆ,Λ©χ»β³,1872,1949,1910,0,35,14,221,0,5,9,284
μιξ±λ¶σΆ,οχζΤρή,1891,1961,1926,0,5,2,58,10,7,3,85
ϊΧξ±σΆ,λΕάΉΩΌ,1859,1934,1896,0,50,11,266,22,7,7,363
Òωί£σΆ,ΡυοΥσΐ,1850,1900,1875,0,35,1,149,14,5,2,206
ΡυΝΫλ¶σΆ,ΧέχΑωΎ,1888,1973,1930,0,43,6,272,11,8,9,349
ΡΓί£λ¶ΝΓ,ΪΣγ­ΨΏ,1901,1995,1948,0,48,5,221,14,8,20,316
νκί£λ¶ΝΓ,ΪΚιΔϊÒ,1856,1935,1895,0,13,1,67,5,1,2,89
ό¤ί£ΩώσΆ,Ονξ°μ£,1875,1947,1911,0,41,8,184,4,7,15,259
όδί£λ¶ΝΛ,οχο°Πρ(ξπΠρ),1847,1920,1883,0,0,1,279,2,0,4,286
ϊ­ήΘλ¶ΝΓ,οχΤΔΠ³,1855,1941,1898,0,5,1,148,5,0,1,160
ϊ­ΠΦλ¶ΝΛ,ΰχΨΏβ³,1907,1965,1936,0,19,5,226,9,2,7,268
ωΝΝΑλ¶ΝΓ,ΧέςεύΉ,1878,1923,1900,0,10,1,93,18,1,4,127
αζλίλ¶ΝΓ,δΜσγπ­,1866,1931,1898,2,56,1,64,5,0,1,129
ί²αϊΣΡλ¶ΝΓ,ΧέήΝη΄,1885,1960,1922,0,43,4,138,3,0,1,189
οώξ±λ¶ΝΓ,ΡυοΥϋΗ(οΥιΰ),1898,1948,1923,0,67,1,99,10,1,2,180
Τ¶τΉΰ»ίζΩώσΆ,δΜκσίΒ,1857,1929,1893,0,49,17,192,14,16,13,301
ΟΠυ£λ¶ΝΓ,ΪΣάσςε,1865,1937,1901,0,0,1,99,1,0,0,101
ΠΝδέλ¶ΝΓ,ά«Σμβ¶,1898,1928,1913,0,7,1,48,1,0,0,57
μιδέλ¶ΝΓ,αδύςηµ,1893,1961,1927,0,30,6,147,25,7,6,221
αΘθΐλ¶ΝΓ,ςηά·Τ§,1865,1935,1900,0,2,2,84,1,1,2,92
ρΣδΰσΆ,ΡΡοΥΰπ,1842,1916,1879,0,0,1,149,1,0,1,152
δάΥζλ¶ΝΓ,οχόΊψυ,1896,1962,1929,0,8,2,104,11,2,1,128
εΥυπλ¶ΝΓ,πΖΰΈω²,1907,1981,1944,0,0,1,140,6,1,3,151
λφΣΡλ¶ΝΓ,ΡΡηµΣΉ,1903,1964,1933,0,6,3,134,5,3,3,154
ηέΣΡΝΓ,οχκΉηµ,1905,1956,1930,0,5,2,94,4,0,5,110
ΜΕατξ±λ¶ΝΓ,ΧέϋπΠρ,1891,1940,1915,0,54,2,99,8,2,1,166
ΩΣθΐσΆ,ηορ²ίΣ,1844,1906,1875,0,4,1,51,0,0,0,56
αζΣΑλ¶ΝΓ,ωΑΤΰκΉ,1844,1918,1881,0,10,0,46,5,0,0,61
οαξ±λ¶ΝΓ,ΡΡπσιΤ,1854,1900,1877,0,7,2,157,0,0,0,166
ρΣψΥλ¶ΝΓ,αέοί?,1867,1933,1900,0,2,2,84,1,1,0,90
ΨΉόβλ¶ΝΓ,ΞύζΤϋΗ,1861,1940,1900,1,23,6,147,5,1,3,186
Ψήδΰλ¶ΝΓ,λΕωΎγΥ,1848,1928,1888,0,11,2,136,1,4,1,155
ηΈβ©ξοσΆ,ίοαψΰΈ,1841,1925,1883,0,75,5,56,11,2,3,152
όδί£ΰ»ίζΩώσΆ,δΜπ£Υε,1871,1939,1905,0,150,42,186,24,54,72,528
ύ§δΰλ¶ΝΓαΩψΊ,ωΫιΣΤΤ,1883,1950,1916,0,170,26,471,32,56,11,766
γΐΥζΰ»ίζΩώσΆ,όάΥµΰΌ,1825,1908,1866,7,167,64,635,40,46,32,991
ΰ΄ηρΩώσΆ,ΟνάΌΰπ,1854,1949,1901,0,84,36,386,76,49,36,667
γύξ±ΩώσΆ,Ονσγϊθ,1900,1976,1938,0,61,62,215,55,64,144,601
ηξΛªΩώσΆ,ΩώπνϋΗ(οαϋΗ),1884,1957,1920,0,64,16,301,43,46,39,509
ΡυΝΆλ¶ΝΓ,ΧέόΊΠ¥,1907,1988,1947,0,12,5,68,8,5,25,123
ωΑί£ΩώσΆ,ΧέιΤΥ¦,1881,1951,1916,0,55,30,225,36,24,12,382
ΨήΣΡΩώΝΓ,ΧέΨΉρ¥,1886,1975,1930,0,95,14,314,28,13,29,493
ψΑδΰΩώσΆ,ΧέΜθ(ΡυΠρ),1912,1978,1945,0,58,18,94,31,16,35,252
οαΝΫλ¶σΆ,ΰχόΊέ΅(όΊάΔ),1870,1947,1908,0,10,4,250,3,9,3,279
ηνί£λ¶ΝΓ,ΡυίΣάε,1903,1948,1925,0,36,4,64,6,0,2,112
εΠΝΫλ¶ΝΓ(μι),Χέγ―άΨ,1886,1961,1923,0,6,6,49,7,37,6,111
ίΘΛªΩώσΆ,αδΪΕιΔ(γΑιΔ),1839,1904,1871,0,27,14,107,12,14,0,174
ιΧΣΡΩώσΆ,σωάΉΣΉ,1879,1957,1918,0,167,18,354,34,18,4,595
ΤΤρ½ΩώσΆ,ΡΡΠρΤΤ,1874,1930,1902,0,38,1,39,29,1,0,108
ίυί£ΩώσΆ,ΟνάΉτΙ,1898,1980,1939,0,67,8,248,43,6,47,419
ϊΧξ±σΆ,πΗιΌίΣ,1870,1930,1900,0,110,8,76,17,1,2,214
ΰ¤τΉσΆ,παοφΠ¥,1853,1920,1886,0,57,16,226,24,25,12,360
ϊ­ΡρΩώσΆ,οχςεαÒ,1878,1956,1917,0,25,10,70,11,14,14,144
Ξ°ΦχσΆ,ωΑη¶χ»(η¶πΘ),1875,1936,1905,0,65,8,199,19,13,6,310
ασϊΝΩώσΆ,ΰχοαΰπ,1912,1990,1951,0,68,7,661,25,5,6,772
?ξ±ΩώσΆ,ωΑοφΠΖ,1889,1973,1931,0,65,22,366,24,3,24,504
ΪΒθΐΰ»ίζΩώσΆ,ΧέΡΚίΣ,1826,1913,1869,0,55,23,160,12,40,7,297
υπτ»ΣΡσΆ,φΨίΣάσ,1893,1964,1928,0,60,7,402,13,2,6,490
ιΟξ±ΩώσΆ,ΧέΞΊύ§,1869,1949,1909,0,38,12,127,22,14,13,226
κ£ΰ΄λ¶ΝΓ,ωΑΧ£όΊ,1892,1961,1926,0,14,24,257,22,12,24,353
ε³ϊΝΩώσΆ,ωΑΧ£π­,1854,1919,1886,0,94,12,398,6,14,3,527
ν΅δέΩώσΆ,ΪΣϊΚβ»,1873,1959,1916,0,78,20,351,19,26,22,516
ζΫΝΆΩώσΆ,παΰγπ­,1895,1968,1931,0,30,21,296,39,16,25,427
ϋΗΝΆΰ»ίζΩώσΆ,ΧέχΑΟν,1892,1977,1934,0,54,15,40,23,7,33,172
κΕΝΫΩώσΆ,π³α¦ύϋ(α¦ϋΰ),1861,1923,1892,0,100,19,147,19,36,13,334
ΰφϊΝσΆ,δΜίΒοα,1888,1947,1917,0,33,15,216,34,4,26,328
Λνξ±λ¶ΝΓ,Χέξ¤ΠΖ,1892,1960,1926,0,15,3,47,10,5,2,82
Πηδέλ¶ΝΓ,ΰχςΏΠΖ,1880,1952,1916,0,0,0,74,3,1,0,78
ΜΕθΐλ¶ΝΛ,Ξ¬ζΠ,1881,1927,1904,0,54,12,19,10,0,5,100
ΡυΛªλ¶ΝΓ,φΨλροÒ,1859,1942,1900,0,16,2,190,6,2,1,217
Òνδέλ¶σΆ,νεΤΰωΧ,1910,1981,1945,0,19,12,119,20,5,18,193
Ρυχηλ¶ΝΓ,ΡΡίΣρΪ(ίΣπω),1894,1971,1932,0,3,0,194,3,1,0,201
άσΛªλ¶ΝΓ,Λ©σΔύχ,1863,1937,1900,0,8,3,199,3,8,0,221
Ò®ί£λ¶ΝΓ,ΧέΞηΨτ,1882,1937,1909,0,37,2,286,9,1,0,335
ΤΤΪµΩώσΆ,ΚφΡΛϊθ(χΑϊθ),1880,1964,1922,0,41,32,182,0,7,6,268
ϋπδέλ¶ΝΛ,αδλφιΔ,1880,1947,1913,0,38,6,106,11,3,14,178
ωΑί£λ¶ΝΓ,ΡΡΛρ(ύχΧω),1894,1963,1928,0,28,1,91,12,11,0,143
ϊηί£λ¶ΝΓ,ϋσΠρϋΰ(ΰυϋΰ),1868,1938,1903,0,0,1,69,0,0,0,70
ϋπδΰσΆ,ΡΡςεΩώ,1881,1957,1919,0,28,17,154,11,10,30,250
Ν―δέΩώσΆ,ΪΣΝήάΦ(άΉάΦ),1896,1948,1922,0,87,6,295,20,7,1,416
ς­ξ±λ¶ΝΓ,ΧέΞηΩώ(Ξη?),1878,1958,1918,0,101,10,267,21,7,6,412
ςΉψΥμοΝΓ,ΡΡϋψςε(ιήςε),1902,1982,1942,0,4,1,18,35,0,0,58
Π¤θΐΩώσΆ,ο£άΉωφ,1879,1950,1914,0,53,2,347,21,3,3,429
αϊΣΡλ¶ΝΓ,ΧέΠρόΊ,1900,1972,1936,0,47,11,187,17,0,0,262
ιΡΝΆλ¶ΝΓ,αέ?αψ,1910,1988,1949,0,5,2,300,24,0,6,337
μ±ΣΡλ¶ΝΓ,Λ©α΅ρι,1898,1939,1918,0,32,3,143,7,6,4,195
α³άθσΆ,ΧέΠΖΨΏ,1839,1917,1878,0,11,5,82,5,9,9,121
ΰδδΐσΆ,Λ©β°όΈ,1876,1926,1901,0,44,13,103,7,10,11,188
ιΝΰ΄λ¶ΝΓ,ΟνίΣσΕ,1857,1929,1893,0,23,2,156,22,2,1,206
κίΣΡλ¶ΝΛ,οχΣμηµ,1885,1956,1920,0,39,4,217,15,1,1,277
κ£ΛªσΆ,ΧέάσίΣ(ρΥ),1870,1956,1913,0,26,1,206,14,3,4,254
όδθΐσΆ,πΗάΌύς(ά·στ),1880,1925,1902,0,15,1,169,3,2,1,191
?ξ±λ¶ΝΓ,ΧέκªΞη,1890,1936,1913,0,16,2,23,9,2,0,52
ψέΰ¤ΩώσΆ,ΫΠρΒόΊ,1868,1938,1903,0,28,3,260,15,5,1,312
ÒωΝΫσΆ,ωΑλλΦΫ,1848,1916,1882,0,31,2,223,1,3,0,260
Òάθΐλ¶ΝΓ,ΧέϊθΰΎ,1881,1964,1922,0,25,10,107,0,2,108,252
Κ¦ϊΝΩώσΆ,ΪΣΜύΰω,1876,1945,1910,0,45,9,263,16,0,3,336
ΠΞδΰλ¶ΝΓ,Ονέίι»,1900,1970,1935,0,21,1,200,0,0,21,243
ΠΊδέλ¶ΝΓ,Χέξπύ§,1890,1963,1926,0,23,4,207,16,9,1,260
Ò­ί£λ¶ΝΓ,ΫΠςΫΠρ,1878,1943,1910,0,0,1,103,0,0,0,104
υεδέλ¶ΝΓ,ΪΣΠ¥άΨ,1874,1937,1905,0,24,3,111,23,1,1,163
κªψΥλ¶ΝΓ,ΡΡίΣλΘ,1893,1982,1937,0,8,4,60,10,9,4,95
?δΰλ¶ΝΓ,ΦΤςΡύΗ,1854,1932,1893,0,11,2,77,12,1,1,104
?ϊΝΩώσΆ,ϊΙβΪ,1861,1923,1892,0,24,1,84,6,7,0,122
ΨήΝΆσΆ,ΡΡπσύϋ,1878,1932,1905,0,18,3,75,5,2,2,105
ριΝΆλ¶ΝΛ,ϊΙÒ»,1867,1939,1903,3,22,10,83,3,1,4,126
ΨυϊΝλ¶σΆ,τ¶μιπ­,1895,1966,1930,0,1,8,61,0,4,3,77
ΝΆΥσΝΓ,Λ©ΩώγΥ(μΜΠΖ),1907,1963,1935,0,11,1,178,4,2,6,202
ΝΆϊΝλ¶ΝΓ,Λ©ιΰβθ,1875,1947,1911,0,1,0,49,0,0,0,50
ÒΝω»λ¶ΝΓ,λΕάΉΰΌ,1864,1932,1898,0,18,0,30,8,0,0,56
κΕάθλ¶ΝΓ,ΫΠ?σΆ,1890,1935,1912,0,4,4,353,4,15,2,382
α³δΜξ±λ¶ΝΓ,ΡΡΌχ,1739,1816,1777,0,0,0,62,0,0,0,62
ιΜηρσΆ,οχΞ―κΉ,1857,1920,1888,0,57,18,165,13,13,8,274
Υζλίλ¶ΝΓ,Χέω°?,1875,1953,1914,0,35,8,81,21,3,4,152
ΤΤϋΙΰ»ίζΩώσΆ,ΪΣϊιΟ΄,1853,1939,1896,0,56,13,145,5,20,20,259
Πήχηλ¶ΝΓ,ΤώλΓύ―,1853,1912,1882,0,0,5,132,0,0,1,138
λίδάλ¶ΝΓ,ΞύζΤσβ,1847,1923,1885,0,0,3,147,0,6,7,163
ΰ΄χ¨λ¶ΝΓ,ΡΡίΣθ¬,1872,1941,1906,0,12,1,60,5,2,0,80
αΙΣÒλ¶ΝΓ,ΡΡρτϋπ(ρτϋψ),1889,1933,1911,0,47,24,69,9,13,23,185
μιΰ΄λ¶ΝΓ,υΛάΉωΎ,1839,1900,1869,0,0,11,514,2,19,5,551
αζψέλ¶ΝΓ,οΛΦΫαψ,1877,1965,1921,0,45,33,268,8,51,48,453
ί£λίλ¶ΝΓ,ϋσγ―σϊ,1888,1954,1921,0,0,3,164,0,0,0,167
ΠµϊΝί£λίΥΧα¦λ¶ΝΓ,ϋσιήςÒ,1858,1939,1898,0,0,4,306,0,0,0,310
λ®ί£σΆ,ΧέωφμΟ,1855,1932,1893,1,116,23,252,24,11,13,440
?ΤΤμοΝΓ,Χ³γΧ,1889,1944,1916,0,3,3,105,4,2,1,118
τΉΥσΝΓ,Χ³ΨΏϋ°,1870,1943,1906,0,6,3,110,7,4,1,131
ριί£λ¶ΝΓ,Χ³Πρϋ°,1914,1980,1947,0,10,2,118,4,3,4,141
ΨΉΣΡλ¶σΆ,Χ³ϊ­Πν,1899,1982,1940,0,7,0,131,8,3,14,163
τΈί£ξ±ΩώσΆ,Χ³ζΠϋΏ,1851,1936,1893,0,40,7,50,17,6,5,125
χάασξ±σΆ,ΧέάΉΝζ(άΉρη),1882,1948,1915,0,137,26,265,30,24,22,504
Κ«ϊΑύΔλπ,Χέρ£ϋπ,1879,1936,1907,0,123,16,234,41,36,21,471
ύ­σΆ,ΡΡόΞ,1896,1978,1937,0,1580,1006,3332,252,1392,1990,9552
ΡυτΉσΆ,ΧέΤ³?,1843,1916,1879,0,155,42,310,11,27,17,562
υπχηλ¶ΝΓ,κΰΞ¶γΥ,1843,1910,1876,0,91,4,133,4,4,4,240
κΐξ±λ¶ΝΓ,ΪΣρμΫΫ,1851,1909,1880,0,39,10,130,14,4,5,202
ΝΆΪµλ¶ΝΓ,ΡΡάΉβª,1838,1912,1875,0,17,6,70,14,5,0,112
τμΥιΩώσΆ,ά«ΤΰΛο,1853,1941,1897,0,3,2,64,1,29,1,100
α³ΧµσΆ,φΨα¤ρύ,1831,1904,1867,2,30,6,55,10,8,1,112
Σζλίλ¶ΝΓ,οχξ¤ύ³,1835,1912,1873,0,4,8,107,0,1,1,121
ζεΝΆΩώσΆ,ΪΣγΑσΎ,1842,1905,1873,0,10,10,112,8,5,0,145
Ρέά΅ΣΡλ¶ΝΓ,ΧέλΘόΣ,1848,1921,1884,0,10,5,32,0,12,0,59
ωΗί£λ¶ΝΓ,ίοτΈβª,1852,1911,1881,0,11,9,164,3,0,0,187
ΨΉψΥμοΝΓ,ΡυΠριο,1820,1899,1859,0,13,3,75,8,2,0,101
Ρυλίλ¶ΝΓ,ΡΡϋσΰΈ,1890,1968,1929,0,2,12,31,4,0,3,52
έ¥δΰσΆ,πΖκ―βθ,1850,1903,1876,1,118,17,54,9,5,5,209
ωφί£ΩώσΆ,ϋσξ¤ΩΟ,1846,1922,1884,0,28,16,233,15,16,15,323
μνάθλ¶ΝΓ,ΧέΞηΩώ,1846,1914,1880,1,50,11,370,7,10,4,453
α³άθλ¶ΝΓ,Χέμπ,1868,1927,1897,0,14,5,688,10,11,0,728
φΧί£ΩώσΆ,Χέα¦ΛΌ,1846,1917,1881,0,24,1,94,18,32,4,173
?ηξλ¶ΝΓ,ΧέΩ¥ιΤ,1836,1904,1870,4,20,17,63,0,14,6,124
ΫΘϊΝσΆ,παη¶ΰΌ,1879,1931,1905,0,46,13,120,11,5,14,209
ΜνΣΡλ¶ΝΓ,ΦΫμιίΣ,1842,1911,1876,0,31,12,137,4,21,7,212
ΤΤΥιΩώσΆ,δΜσγΦ­,1847,1925,1886,2,69,11,405,14,8,15,524
ΜύεΥλ¶ΝΓ,Χέ?,1842,1928,1885,2,64,30,161,0,30,12,299
ί£υ½ΩώσΆ,ΡΡξ¤ϊΚ,1842,1904,1873,0,40,24,208,0,14,0,286
Ν³δΰσΆ,αδΥ¦ϊΚ,1889,1943,1916,0,131,46,275,42,63,103,660
εΥο£ΩώσΆ,ΧέίΤϋΰ,1883,1963,1923,0,46,31,227,41,31,79,455
ς¥δΰλ¶ΝΓ,ΡΡξ¤ΜΧ,1841,1926,1883,0,511,30,127,44,58,15,785
ιΧϊΝΩώσΆ,ΡΡεΧςε,1829,1901,1865,0,131,16,216,16,19,21,419
κ£εΧσΆ,ΡΡλΓγΥ,1835,1922,1878,31,50,85,1136,38,89,20,1449
Ϊ΄Λ°σΆ,ΪΣγ°ΤΤ,1847,1922,1884,1,104,49,235,19,90,54,552
ΰ¤ί£ΰ»ίζΩώσΆ,ΡΡύιΥ¦,1827,1899,1863,1,355,29,149,25,4,80,643
όϋδέΩώσΆ,ΧέριτΠ,1848,1937,1892,1,194,19,210,45,76,216,761
γύΰ΄ξ±ΰ»ίζΩώσΆ,αδάΌβι,1839,1912,1875,1,289,88,557,16,140,227,1318
ρΣϊΝΩώσΆ,παϊιμΟ,1826,1902,1864,4,3,6,243,3,14,0,273
?θΐσΆ,Ξ¬λ¬Νή,1832,1905,1868,0,22,10,131,5,11,1,180
ΰ΄αζΣΡλ¶ΝΓ,ΧέςθΞω,1840,1911,1875,0,7,2,178,21,1,0,209
β²ϊΝσΆ,ΠτΜΤζβ,1848,1924,1886,10,69,3,42,5,5,19,153
ΰ΄ΝΫί¤ΝΓ,ΧέΠ¤ρΫ,1855,1923,1889,0,5,0,102,10,6,0,123
νΉΡυλ¶ΝΓ,ΧέΥ¦η΄,1849,1927,1888,0,0,3,110,0,0,0,113
ιΧοΝΩώσΆ,Χέρ£χΚ,1868,1914,1891,1,45,10,320,8,16,3,403
ΰ΄οΤΩώσΆ,όά (ηΐ),1848,1919,1883,3,4,7,38,3,2,0,57
ΜΒί£σΆ,ΡΡΰχΦ­,1846,1906,1876,3,7,5,157,1,7,4,184
ήΦρΣσΆ,ΪΣΠΘιτ,1839,1917,1878,3,5,0,133,20,1,0,162
α³λίΩώσΆ,ΦΤΠηαψ,1823,1899,1861,0,9,3,172,0,5,0,189
ΣΒθ©σΆ,νεγ®κΐ,1826,1900,1863,0,13,9,134,7,11,18,192
ΰςλίλ¶ΝΓ,ΡΡξ¤Ϋτ,1868,1948,1908,0,0,6,99,0,7,0,112
ιΘρ½λ¶ΝΓ,Ρυςεκª,1847,1901,1874,0,8,8,222,0,1,0,239
ςΉψΥλ¶ΝΓ,ΪΚάσϋΰ,1842,1904,1873,0,0,4,174,0,1,0,179
τθλίλ¶ΝΓ,δΜΠ¤ι»,1849,1923,1886,0,21,4,57,1,4,2,89
?θΐλ¶ΝΓ,ΧέΠ¤στ,1845,1914,1879,3,4,16,132,3,5,0,163
αζΝΫλ¶ΝΓ,ΪΣρ²ϊθ(μιϊθ),1844,1900,1872,2,25,1,177,7,1,8,221
ΩΖθ©λ¶ΝΓ,ΧωςÒκΉ,1836,1911,1873,0,0,2,137,0,0,0,139
ί£υ£σΆ,ΧέΰΈηµ,1851,1909,1880,0,73,8,410,21,14,3,529
Ψήω»λ¶ΝΓ,ΡΡΠΖΫΖ,1847,1909,1878,0,25,7,34,4,8,4,82
ΜύθΐσΆ,ΰχμιρί,1850,1929,1889,0,30,2,242,5,2,0,281
κÒ?σΆ,ωΑξ¤Ξϊ,1832,1911,1871,0,33,18,216,6,15,5,293
όβθΐλ¶ΝΓ,υΛξ¤?,1843,1920,1881,0,1,6,154,1,3,1,166
ς­ξ±λ¶ΝΓ,ΡΡηµβθ,1871,1946,1908,0,56,5,112,26,3,6,208
ϊ­ήήλ¶ΝΓ,"ΝΤωΣϋ¤(π­Χύ, ύη)",1855,1919,1887,0,21,21,126,1,16,3,188
Ω·θΐλ¶ΝΓ,υΛάσγω,1848,1900,1874,0,8,0,34,12,0,0,54
Ρβί£λ¶ΝΓ,ΫΠςεωΎ,1838,1912,1875,0,7,1,81,0,6,0,95
ΤξϊΝλ¶ΝΓ,ΧωάΉσΐ,1851,1916,1883,3,21,2,254,0,26,0,306
ΣΒκ®λ¶ΝΓ,ΧέσγΥΞ,1839,1912,1875,0,11,0,69,5,0,0,85
εΓΝΫσΆ,δΜχΑΟΠ,1843,1913,1878,0,0,0,84,27,0,0,111
ΨΉφ¨σΆ,ξοΤΰκ΅,1844,1921,1882,0,12,1,117,6,0,1,137
αζηρλ¶ΝΓ,ΡΡΠρϊΫ(Πρϊθ),1895,1966,1930,0,7,2,142,0,2,0,153
ιΜυ£λ¶ΝΓ,Τ΄λάϋΰ,1849,1926,1887,0,41,10,52,4,9,2,118
ΜνδΰγΜσΆ,ΡΡΰΈγα,1847,1929,1888,0,0,1,272,0,0,0,273
νΉλδσΆ,Ρυγ®τΚ,1851,1922,1886,0,118,13,244,12,8,1,396
ΠΓξ±λ¶ΝΓ,λΕιΰάΉ,1853,1920,1886,0,19,12,106,2,9,2,150
ΞΩοΤσΆ,ηοίΣΠ¥,1858,1922,1890,18,0,24,250,9,27,55,383
γζΝΆσΆ,υΛκΉβά,1854,1923,1888,0,63,6,304,4,1,1,379
?ξ±λ¶ΝΓ,ΡΡοÒρι,1865,1942,1903,5,54,19,170,5,40,46,339
ΡυΝΫλ¶ΝΓ,αΜωΚΰπ,1856,1919,1887,2,6,9,321,7,6,1,352
ύρδέλ¶ΝΓ,ΥΩξ¤ΜΤ,1859,1918,1888,2,140,36,99,27,43,22,369
κΛξ±λ¶ΝΓ,ΡΡάΉρ²,1869,1936,1902,0,103,28,119,7,50,36,343
ιΝΣΡγΜ?,λΕύμΟ΄,1867,1926,1896,0,0,0,362,0,0,0,362
αΜΪ¶λ¶ΝΓ,γιτΠιλ,1868,1948,1908,0,31,2,550,10,1,0,594
ΰ΄οβσΆ,παμΩΰΈ(σγϊΣ),1863,1930,1896,0,101,59,245,17,48,44,514
ίΘΜΧϊΝΩώσΆ,ΧέÒφϋΞ,1854,1919,1886,0,112,10,138,6,15,6,287
σηδέσΆ,παρ£Σν,1858,1927,1892,0,180,53,171,37,38,40,519
υπΣΑΩώσΆ,ΠτΤΤρή,1860,1918,1889,1,259,73,234,18,76,31,692
ΰύδΰσΆ,παιΧγΥ(ςδγΥ),1869,1937,1903,0,71,24,633,28,136,21,913
Ω¥δέσΆ,ΧέχΑμι,1860,1944,1902,1,101,42,80,25,35,50,334
Òνξ±ΰ»ίζΩώσΆ,ΡΡά·Χσ(ά·Χψ),1861,1940,1900,0,201,36,268,33,50,62,650
Τ³άθΰ»ίζλ¶σΆ,ΝξωΚκΉ,1869,1939,1904,0,202,55,364,18,127,36,802
ΰ΄τ»αΩΝΓ,οχα¦ηµ,1872,1948,1910,0,293,12,223,10,19,4,561
λωΣΡΰ»ίζΩώσΆ,οχΤΤτΠ,1859,1939,1899,5,56,36,428,32,16,23,596
όδάθλ¶ΝΓ,δΜΠ¤ι»(Π¤ιΛ),1873,1959,1916,0,263,35,318,23,30,89,758
βϋδΰΩώσΆ,αδξ¤ΰω,1902,1972,1937,0,275,165,215,6,149,568,1378
οφξ±σΆ,ίοοΥθ¬,1843,1921,1882,6,41,44,186,14,24,13,328
ηΈή΄λ¶ΝΓ,ΡΡΤΰί²,1844,1921,1882,6,13,23,238,3,57,7,347
Ω¥Λªλ¶ΝΓ,Ϋάάεύγ,1859,1909,1884,0,17,5,199,4,7,3,235
ιΈδΰλ¶ΝΓ,ΡΡήΦιΰ,1857,1907,1882,0,153,8,91,10,10,0,272
ΰδρΗλ¶ΝΓ,αδκ΅όε,1874,1965,1919,0,29,2,464,1,0,0,496
ΣΒί£σΆ,ωΑιήγΥ,1875,1943,1909,0,132,26,253,25,15,19,470
ΜΧϊΝλ¶ΝΓ,Ωώπ­Ρυ,1880,1946,1913,0,0,0,49,0,0,4,53
ΠΚΝΆσΆ,ΟνΩ¤Π¥,1840,1903,1871,0,66,8,82,17,4,26,203
ΨΉκ£λ¶ΝΓ,όάΠΏΤΤ,1847,1921,1884,0,13,10,97,7,6,0,133
?λίλ¶ΝΓ,ΪΣγΑρΏ,1856,1922,1889,0,45,4,101,11,0,0,161
ύήθΐσΆ,ΧέΠΖθ¬,1824,1909,1866,0,58,13,166,15,12,9,273
ΰ΄ΰ¤λ¶ΝΓ,ΡΡίΣΠρ,1891,1954,1922,0,46,2,143,0,5,3,199
?δΰΩώσΆ,Χέξ¤ΦΖ,1845,1910,1877,1,10,9,32,13,9,2,76
αζθΐσΆ,υΛπ­χΑ,1850,1907,1878,0,45,5,29,7,0,2,88
ΨΉί£λ¶ΝΓ,ΫΠάΉκª,1866,1930,1898,1,42,8,126,9,17,2,205
Ϋέτ»σΆ,ΦΤτΝβ³,1871,1951,1911,0,63,20,191,19,33,48,374
Μιδέλ¶ΝΓ,ΡΡΥ¦κΉ,1871,1944,1907,0,9,6,196,2,3,0,216
ΦΫδΰλ¶ΝΓ,παϋπβθ,1860,1931,1895,0,82,1,23,8,4,2,120
ΝΆθΐλ¶ΝΓ,Χω?ωΣ,1856,1931,1893,0,3,3,101,12,5,2,126
θζδΰΩώσΆ,ΩώΰΎϋΗ,1865,1903,1884,0,12,5,69,2,3,4,95
ς­ξ±ΩώσΆ,αέϋΗη΄,1876,1943,1909,0,54,20,147,24,13,7,265
Φ¥οβλ¶ΝΓ,οχόΊτΚ,1860,1938,1899,0,54,12,48,6,15,3,138
ιεί£ΩώσΆ,ΧέόεΩώ,1869,1951,1910,0,33,24,76,41,16,20,210
ΨΉψΥλ¶ΝΓ,παΜΧγΥ,1865,1932,1898,0,4,5,115,3,2,5,134
α³δέΩώσΆ,ΧέΣνϋΰ,1875,1951,1913,0,45,1,56,27,3,3,135
ζΤΰ΄λ¶ΝΓ,ΧωηµίΣ,1865,1931,1898,0,8,0,84,2,2,0,96
ωφξ±σΆ,ηάωΣΠρ,1872,1939,1905,0,27,1,74,21,2,0,125
γαί£ΩώσΆ,παΰυέ΅,1867,1918,1892,0,59,0,220,8,2,0,289
ΰδϊΝλ¶ΝΓ,ϋσϋΤΰΩ,1880,1957,1918,0,17,2,107,4,7,5,142
Τ³εΥσΆ,γιχΑΧ£,1862,1898,1880,0,23,8,135,0,11,0,177
ς¥ΜΧξ±λ¶ΝΓ,ΡΡωΣΩώ,1864,1910,1887,1,33,16,60,7,18,3,138
ί£ΝΫλ¶ΝΓ,υΛΠρΩΌ,1869,1925,1897,0,38,18,152,0,21,0,229
Ρ£ΛªΩώσΆ,Χέϋ¨Πρ,1860,1909,1884,0,34,8,137,5,2,0,186
ΰ΄Φ¥λ¶ΝΓ,οΛΣήϊΩ,1884,1958,1921,0,86,27,348,7,36,16,520
ϊΊκ®λ¶ΝΓ,ΧωΩώΠ¥,1886,1964,1925,0,60,3,140,10,5,2,220
μΫΣΡΩώσΆ,Λ©ΦΔβ³,1870,1936,1903,0,0,1,66,13,3,1,84
όδάθσΆ,ΡΡάσόΊ,1873,1915,1894,1,27,12,99,2,2,7,150
κ£ξ±σΆ,υΛηµπΤ,1859,1927,1893,0,184,0,663,0,0,0,847
ύρδΰλ¶ΝΓ,ΡΡηµλπ(ηµΡΝ),1864,1928,1896,0,53,9,150,5,15,12,244
ΰύδΰλ¶ΝΓ,ΡΡι»ΰΗ,1865,1927,1896,0,35,7,83,6,12,9,152
ιΧί£λ¶ΝΓ,Χέϊθηι,1868,1923,1895,0,41,0,52,9,0,3,105
υπήΘσΆ,ΪΣι»ΠΖ,1857,1915,1886,0,13,8,168,1,0,2,192
Πήί£γΜΝΓ,γτοΥ?,1860,1922,1891,0,0,0,119,0,0,0,119
ΡΡΝΆσΆ,ΧέβªωΎ,1861,1931,1896,0,27,5,291,11,33,5,372
Ò―ί£ΩώσΆ,Χέκ΅ζΠ,1864,1940,1902,0,61,3,138,27,10,3,242
θ¬ψΥλ¶ΝΓ,ϊΙΧω(ίΣτΚ),1871,1916,1893,4,18,5,66,4,22,0,119
Κ³λίσΆ,ΪΣίΖΫτ(πªκΉ),1855,1913,1884,4,35,13,97,11,4,0,164
ιΜϋΙλ¶σΆ,Λ©ρΑϊΊ,1894,1978,1936,0,10,9,76,4,15,0,114
ΰ΄ιΧσΆ,ΧέΰµΞ¶,1846,1921,1883,1,57,7,169,14,5,1,254
ΞΊξ±λ¶ΝΓ,ΪΣξ°ό¤,1864,1905,1884,0,10,0,134,1,1,0,146
ΡΨξ±λ¶ΝΓ,ΡΡζΡΰΌ,1874,1955,1914,0,2,8,158,34,29,31,262
ΫΪΝΫγΜΝΓ,ΞύμΜΩΘ,1875,1925,1900,0,0,0,232,0,0,0,232
ÒνδΰσΆ,Χέρύη΄,1855,1931,1893,0,14,6,300,5,7,0,332
α³χξγΜΩώΰΤΝΓ,αδΩ¥όε,1872,1953,1912,0,8,28,825,5,15,12,893
ρΣχηλ¶σΆ,οχϊΚΩΘ,1852,1914,1883,0,0,1,374,0,0,0,375
ΰ΄υ―λ¶ΝΓ,γιλλύΜ,1868,1949,1908,1,0,4,195,0,0,3,203
ύρδάλ¶ΝΓ,ΡΡξ¤ΰΈ,1857,1925,1891,0,54,5,61,11,4,1,136
ΣμδΰσΆ,όάύχαψ(ϊΚαψ),1855,1923,1889,0,19,11,48,12,5,5,100
μΫδΰλ¶ΝΓ,ΪΣϊή,1852,1912,1882,0,2,12,170,2,16,0,202
ά΅θΐλ¶ΝΓ,ΡΡΡΉϊΣ,1857,1912,1884,1,2,2,112,0,4,0,121
ηόΣΡλ¶σΆ,όάξ¤σΐ,1862,1919,1890,0,24,4,265,3,1,1,298
θζΣΡλ¶ΝΓ,Ονηιεπ(άσσΆ),1878,1942,1910,0,4,1,140,7,0,0,152
ήΦϊΝλ¶ΝΓ,όάσΎβ³,1852,1915,1883,0,18,1,30,3,4,0,56
υπδάήηΝΓ,υΛόψγ§,1874,1944,1909,0,46,17,73,10,11,40,197
ΩνμΓξ±σΆ,ηοΛ§ψυ,1843,1910,1876,0,0,2,53,0,0,0,55
θ¬δσλ¶ΝΓ,ΧέϋσΞω,1878,1952,1915,0,84,9,77,24,5,8,207
υποβλ¶ΝΓ,Χ³ΰω,1878,1963,1920,0,44,27,768,16,28,33,916
ΰ΄ΣΡΩώσΆ,ΟνίΣΜθ,1890,1955,1922,0,71,5,115,21,2,1,215
ηφί£λ¶ΝΓ,ϋσοξασ,1908,1965,1936,0,9,14,261,41,6,3,334
ΝΣηξϊΝλ¶ΝΓ,Τ΄ίΣπΘ,1885,1965,1925,0,24,23,476,6,38,14,581
γύί¥λ¶ΝΛ,παΰχΪΘ,1879,1952,1915,0,4,7,262,3,0,0,276
ε½ί£λ¶σΆ,ΧέχΑÒφ,1887,1961,1924,0,28,19,205,2,19,27,300
άοί£λ¶ΝΓ,ΡΡϊηβϋ(άΨβϋ),1898,1968,1933,0,61,33,98,18,38,48,296
ΫΰθΐΩώσΆ,ΡΡΧ£Π¤,1892,1964,1928,0,40,22,89,39,15,15,220
ςΨξ±ήηΝΓ,ΧέζΡιλ,1890,1939,1914,0,98,8,81,18,4,13,222
ψΑξ±λ¶ΝΓ,ΟνχΑςΑ,1886,1950,1918,0,89,8,128,24,4,3,256
ψΠΣΡΩώσΆ,Χ³Πρκª,1894,1950,1922,3,67,5,138,44,7,1,265
ΝΆδΰΩώσΆ,ΰχΡ½Σν,1884,1974,1929,1,133,59,250,53,90,186,772
γεϊΝλ¶ΝΓ,ΡΡθ¬ΰπ,1878,1930,1904,7,91,32,598,20,16,16,780
ΨΉψΥΩώσΆ,παΰυΥ¦,1857,1931,1894,4,74,24,151,29,22,20,324
μιθ¬λ¶ΝΓ,οχΠ¤ηµ,1857,1932,1894,2,2,1,658,1,9,0,673
ΤΤΝΆΣΡλ¶ΝΓ,ΥΩόεΥ¦,1862,1935,1898,0,73,22,55,16,13,12,191
θΠξ±σΆ,ΪΣϊηΩΌ,1880,1963,1921,0,7,16,330,5,32,8,398
α¥ξ±λ¶ΝΓ,ΧέΧψϋΰ(ΜαΰΈ),1892,1949,1920,0,62,13,236,10,20,1,342
γύδΰλ¶ΝΓ,ΥΩΜφ?,1882,1941,1911,0,112,35,133,0,54,24,358
ϊάί£ΩώσΆ,ΧέϊάΠ¤,1882,1948,1915,0,59,32,36,15,34,68,244
Ψήτ»σΆ,όάϊέ,1855,1910,1882,1,15,16,0,6,31,14,83
μχχηΩώσΆ,παη±Π¥,1858,1932,1895,0,152,8,199,40,16,4,419
ΠΦΛªλ¶ΝΓ,ΫΠίΣΠΘ,1868,1936,1902,0,64,12,196,25,13,12,322
Λ§θΐσΆ,αδλάϊΚ(ΨυϊΚ),1876,1946,1911,0,43,10,226,20,5,7,311
ÒΤάθσΆ,ιΰόψΰΩ,1854,1935,1894,0,90,14,186,13,8,8,319
ΞϊάθσΆ,ΧέΦΙρι(ΜΨρι),1899,1986,1942,0,31,20,94,24,17,82,268
μ¨ΡυΩώσΆ,ΪΣΠ¤όΊ,1840,1923,1881,0,29,8,118,9,32,30,226
θ§Ρυλ¶ΝΓ,ΡΡΣψρι,1881,1959,1920,0,12,26,43,0,50,59,190
ΤΤΝΫσΆ,ΡΡρηγΥ,1888,1969,1928,20,173,57,177,10,121,126,684
ωΓΣΡήηΝΓ,οχϊΚχΑ,1894,1974,1934,0,191,68,199,53,58,67,636
ςªλίσΆ,υΛο°Ξϊ,1850,1938,1894,3,50,14,178,6,15,22,288
ΠήΝΆσΆ,ΧέΠΖκª(α¦κª),1840,1918,1879,1,251,9,344,30,28,44,707
Χ³ω»Φ¤Ϋ»σΆ,αδϋΰΩώ,1862,1907,1884,3,171,63,421,15,15,6,694
ΠΊξ±σΆ,αδάΉΞ¶,1875,1945,1910,4,174,74,188,50,103,264,857
α¤δέΰ»ίζΩώσΆ,παρΥωΎ,1878,1952,1915,3,86,12,1311,31,44,19,1506
σηΝΑσΆ,οχμÒφρ,1868,1953,1910,6,17,15,202,12,17,15,284
ΟΟυ½σΆ,παάΉΞ°,1876,1941,1908,0,88,29,511,23,21,29,701
ϊ­σλΩώσΆ,αδΠργΥ,1878,1949,1913,0,116,18,355,43,67,57,656
?ο£σΆ,φΨίΣΧ£,1855,1913,1884,13,25,42,215,19,33,7,354
β©ί£ΩώσΆ,Χέΰυϋϊ,1821,1899,1860,0,67,2,82,11,7,2,171
ΰ΄ιΧΩώσΆ,Ονξ°Τΰ,1851,1913,1882,0,40,12,113,14,4,6,189
?δΰγΜΝΓ,ΡΡξ°?,1852,1930,1891,0,0,1,366,0,0,0,367
ωΚΚ³λ¶ΝΓ,ϊΙοαΦΫ,1871,1949,1910,21,27,4,141,8,6,5,212
υ®ΣΡλ¶ΝΓ,οχβθΫΐ,1891,1961,1926,0,20,9,375,0,5,1,410
δ²τ»μοΝΓ,ΪΣρ£μι,1860,1929,1894,0,8,2,142,11,17,2,182
θΡκΕλ¶ΝΓ,όάΥήϊθ,1863,1931,1897,9,2,1,166,0,0,0,178
ύγθΐλ¶ΝΓ,ΧέΜΘλπ,1896,1958,1927,0,54,8,105,11,4,1,183
ρΣδΰσΆ,ΡΡΞΓϋΰ,1890,1961,1925,0,12,1,54,2,3,2,74
ϋΙδάΩώσΆ,ιΰά·χ»(ωΎΥ¦),1881,1918,1899,0,34,0,125,5,0,0,164
ψΑθΐΩώσΆ,ΟνοΥΰπ,1892,1940,1916,0,33,3,129,18,0,1,184
ΰ΄ωΓλ¶ΝΓ,ΡΡύϋΜΟ,1893,1955,1924,0,1,3,90,2,3,4,103
ρΣω»ΰ»ίζΩώσΆ,ΡΡηµΰΌ,1890,1960,1925,0,0,3,591,0,0,0,594
ιΦΣΡσΆγ¦λ¶,ΡΡι»γ―(ι»ω°),1876,1943,1909,0,9,5,91,1,3,5,114
θζί£ΩώσΆ,Χ³γΑάσ,1869,1951,1910,0,12,9,276,6,10,23,336
ήΦϊΝλ¶ΝΓ,αδρΊγ°,1869,1947,1908,0,40,23,127,10,7,46,253
ρΣήΤλ¶ΝΓ,νεά·όδ(ά·ςΑ),1871,1941,1906,3,129,7,50,8,19,3,219
?ί£λ¶ΝΓ,Χέρ£δΊ,1885,1963,1924,0,15,10,179,8,9,2,223
?ΣΡλ¶ΝΓ,ΧέόεΩΟ,1876,1935,1905,0,52,1,258,11,1,1,324
κΕρ½λ¶ΝΓ,Χέρ£βο,1895,1928,1911,1,32,8,70,12,3,2,128
ΜΧξ±λ¶ΝΓ,ΧωάΉρ²,1872,1943,1907,0,5,0,142,0,14,0,161
?μϊτΉλ¶ΝΓ,δΜΞΓςε,1860,1935,1897,0,29,6,358,6,3,1,403
ΰυδΰλ¶ΝΓ,ωΫΠ¤όΈ,1877,1952,1914,0,1,2,536,3,17,0,559
ΜΨδΰΰ»ίζΩώσΆ,νεξ°Φ²,1877,1934,1905,5,45,25,54,12,9,24,174
ηόί£λ¶ΝΓ,ΡΡτΚΠρ,1889,1952,1920,6,11,12,98,0,26,2,155
ΰ΄δ²ΩώσΆ,ΡΡςδκΉ(πγκΉ),1872,1943,1907,4,21,3,124,5,7,1,165
αΕθΐΩώσΆ,ΡΡα¦ύγ,1876,1950,1913,0,11,5,203,11,0,0,230
μΌί£ΩώσΆ,ΪΣξ¤ΰΈ,1885,1931,1908,0,6,5,116,21,2,0,150
τμΝΑσΆ,Χέγ―ωΝ,1857,1928,1892,1,18,9,143,15,20,0,206
ααθΐσΆ,ΧέΠρζΠ,1844,1911,1877,0,4,1,42,1,3,3,54
