제목,저자,생년,몰년,활동연도,公車類,書簡類,序跋類,詩類,哀祭類,雜著類,傳記類
水亭先生集,邊處厚,1373,1437,1405,0,0,0.332225914,99.66777409,0,0,0
別洞集,尹祥,1373,1455,1414,0,0.961538462,4.807692308,85.57692308,6.730769231,1.923076923,0
敬齋集,河演,1376,1453,1414,0,0,3.265306122,91.42857143,0,4.897959184,0.408163265
泰齋先生文集,柳方善,1388,1443,1415,0,0,1.473296501,97.42173112,0.552486188,0.552486188,0
池月堂文集,金克己,1379,1463,1421,0,0,1.03626943,98.96373057,0,0,0
六先生遺稿,朴彭年,1417,1456,1436,0,9.523809524,9.523809524,70,0,10.47619048,0.476190476
生六臣文集,李孟?,1392,1480,1436,0,1.286173633,2.893890675,91.63987138,0.321543408,3.536977492,0.321543408
成先生遺稿,成三問,1418,1456,1437,0,0.99009901,0.99009901,94.05940594,0,3.96039604,0
梅竹軒先生文集,成三問,1418,1456,1437,0,0,7.317073171,83.7398374,0,7.317073171,1.62601626
成謹甫先生集,成三問,1418,1456,1437,0,0,6.837606838,86.32478632,0,5.128205128,1.709401709
月川集,金吉通,1408,1473,1440,0,0,0,84.31372549,0,15.68627451,0
太虛亭詩集,崔恒,1409,1474,1441,0,0,1.492537313,98.50746269,0,0,0
拭?集,金守溫,1409,1481,1445,0,0.389105058,3.112840467,82.10116732,0,14.0077821,0.389105058
樗軒集,李石亨,1415,1477,1446,0,0.330033003,0.660066007,97.02970297,0,1.98019802,0
六先生文集,李石亨,1415,1477,1446,0,1.570680628,13.61256545,75.91623037,0,8.90052356,0
保閑齋集,申叔舟,1417,1475,1446,0,0.268096515,4.423592493,91.15281501,0.402144772,2.949061662,0.804289544
私淑齋集,姜希孟,1424,1483,1453,0,1.052631579,6.052631579,81.84210526,1.315789474,7.631578947,2.105263158
四佳詩集,徐居正,1420,1488,1454,0,0,0.228832952,99.77116705,0,0,0
四佳詩集補遺,徐居正,1420,1488,1454,0,0,0,100,0,0,0
四佳文集,徐居正,1420,1488,1454,0,0,55.46875,0,0,44.53125,0
逍遙齋集,崔淑精,1432,1479,1455,0,0,2.521008403,97.05882353,0,0.420168067,0
?畢齋詩集,金宗直,1431,1492,1461,0,0,0,100,0,0,0
止止堂先生詩集,金孟性,1437,1486,1461,0,0,1.593625498,98.4063745,0,0,0
梅月堂遺集,金時習,1435,1493,1464,0,1.570680628,0,93.19371728,0.523560209,4.712041885,0
梅月堂詩集,金時習,1435,1493,1464,0,0,0,100,0,0,0
梅月堂集,金時習,1435,1493,1464,0,0.523560209,0.17452007,88.13263525,0.17452007,9.2495637,1.745200698
虛白堂文集,成俔,1439,1504,1471,0,2.43902439,23.7804878,19.51219512,10.36585366,42.07317073,1.829268293
虛白堂補集,成俔,1439,1504,1471,0,0,0,100,0,0,0
風雅錄,成俔,1439,1504,1471,0,0,0,100,0,0,0
虛白堂詩集,成俔,1439,1504,1471,0,0,0.143884892,99.85611511,0,0,0
秋江先生文集,南孝溫,1454,1492,1473,0,0.859598854,1.146131805,94.26934097,0.573065903,2.005730659,1.146131805
顔樂堂集,金諶,1445,1502,1473,0,3.424657534,3.424657534,91.78082192,0,1.369863014,0
虛白先生續集,洪貴達,1444,1504,1474,0,0,1.418439716,96.63120567,0,0.886524823,1.063829787
虛白亭集,洪貴達,1444,1504,1474,0,0,8.196721311,73.30210773,4.449648712,7.025761124,7.025761124
蓮軒雜稿,李宜茂,1449,1507,1478,0,0,0.826446281,97.52066116,0,1.652892562,0
訥齋遺稿,朴增榮,1464,1493,1478,0,4.458598726,0.318471338,94.26751592,0.318471338,0,0.636942675
梅溪先生文集,曺偉,1454,1503,1478,0,0.307692308,2.461538462,92.92307692,0,3.384615385,0.923076923
濯纓先生文集續,金馹孫,1464,1498,1481,0,0,0,100,0,0,0
睡軒詩集,權五福,1467,1498,1482,0,0,0.526315789,99.47368421,0,0,0
懶齋先生文集,蔡壽,1449,1515,1482,0,0,0,92.30769231,0,6.993006993,0.699300699
仙石遺稿,辛啓榮,1454,1511,1482,0,0,0.275482094,99.17355372,0.550964187,0,0
忘軒先生文集,李?,1464,1504,1484,0,0,0.775193798,98.4496124,0,0.775193798,0
忘軒先生詩集,李?,1464,1504,1484,0,0,0,99.24242424,0,0.757575758,0
虛菴先生遺集,鄭希良,1469,1502,1485,0,0,0.334448161,98.99665552,0,0.668896321,0
滄溪先生文集,文敬仝,1457,1521,1489,0,0,0.437636761,99.34354486,0,0,0.218818381
玉溪先生文集,潘佑亨,1458,1522,1490,0,0,5.223880597,94.7761194,0,0,0
?翠軒遺稿,朴誾,1479,1504,1491,0,0,0.64516129,95.48387097,0.64516129,0.64516129,2.580645161
詩集,李?,1469,1517,1493,0,0,0,100,0,0,0
困菴先生文集,蘇世良,1476,1528,1502,0,0.492610837,1.477832512,84.72906404,0,13.30049261,0
訥齋先生文集續集,朴祥,1474,1530,1502,0,0,1.587301587,97.46031746,0.317460317,0.634920635,0
訥齋先生集,朴祥,1474,1530,1502,0,0,0.298507463,99.70149254,0,0,0
十淸先生集,金世弼,1473,1533,1503,0,0,1.742160279,97.56097561,0,0.696864111,0
服齋先生文集,奇遵,1492,1521,1506,0,0.262467192,0.524934383,83.20209974,0,16.01049869,0
陰崖集,李?,1480,1533,1506,0,3.03030303,2.272727273,88.63636364,0,5.303030303,0.757575758
憂亭集,金克成,1474,1540,1507,0,0.197238659,0.197238659,99.60552268,0,0,0
安分堂文集,李希輔,1473,1548,1510,0,0,0,100,0,0,0
聾巖先生文集,李賢輔,1467,1555,1511,0,3.378378378,1.351351351,93.91891892,0,1.351351351,0
?齋先生文集,洪彦弼,1476,1549,1512,0,0,0.243902439,99.51219512,0,0.243902439,0
江?遺稿,朴薰,1484,1540,1512,0,4.458598726,0.318471338,94.26751592,0.318471338,0,0.636942675
思齋集,金正國,1485,1541,1513,0,1.128668172,1.354401806,91.87358916,0,4.514672686,1.128668172
拙齋先生文集,蔡紹權,1480,1548,1514,0,0,1.408450704,93.42723005,0.469483568,1.408450704,3.286384977
南村遺稿,尹之和,1476,1558,1517,0,0,2.836879433,95.74468085,0,1.418439716,0
企齋別集,申光漢,1484,1555,1519,0,0,0,100,0,0,0
企齋集,申光漢,1484,1555,1519,0,0,0,100,0,0,0
?齋先生文集,朴光佑,1495,1545,1520,0,1.333333333,0.666666667,92,1.333333333,3.333333333,1.333333333
立巖集,閔齊仁,1493,1549,1521,0,0,0.208768267,97.91231733,0,1.878914405,0
潛巖逸稿,金義貞,1495,1547,1521,0,1.408450704,0,94.36619718,2.816901408,1.408450704,0
晦齋先生文集,李彦迪(迪),1491,1553,1522,0,0,1.824817518,85.03649635,3.284671533,5.474452555,4.379562044
溫溪先生逸稿,李瀣,1496,1550,1523,0,0,0.925925926,99.07407407,0,0,0
陽谷先生續集,蘇世讓,1486,1562,1524,0,0,0,100,0,0,0
武陵雜稿別集,周世鵬,1495,1554,1524,0,2.298850575,2.442528736,93.24712644,0,0.431034483,1.58045977
武陵集,周世鵬,1495,1554,1524,0,3.082851638,3.66088632,89.98073218,0,2.504816956,0.770712909
艮齋集,崔演,1503,1549,1526,0,0,0.27173913,95.10869565,0,4.076086957,0.543478261
無何翁集,李元孫,1498,1554,1526,0,1.986754967,0,94.70198675,0.662251656,1.986754967,0.662251656
梅潭先生詩稿,安公信,1496,1561,1528,0,0,0,100,0,0,0
漁村集,沈彦光,1490,1568,1529,0,0.15503876,0.465116279,98.60465116,0,0.775193798,0
錦湖遺稿,林亨秀,1514,1545,1529,0,0,1.587301587,98.41269841,0,0,0
崇德齋先生遺稿,李潤慶,1498,1562,1530,0,23.4375,0,75.78125,0.78125,0,0
石川集,林億齡,1496,1568,1532,0,0,0.142450142,99.85754986,0,0,0
退溪先生全書遺集外篇,李滉,1501,1570,1535,0,60.62176166,0,38.60103627,0,0.259067358,0.518134715
退溪先生全書別集,李滉,1501,1570,1535,0,0,0,100,0,0,0
退溪先生全書續集,李滉,1501,1570,1535,0,47.71689498,0.913242009,50.91324201,0,0,0.456621005
退溪先生全書遺集,李滉,1501,1570,1535,0,90.86021505,2.419354839,6.451612903,0,0,0.268817204
退溪先生全書全書,李滉,1501,1570,1535,0,21.35842881,6.055646481,64.15711948,0,4.500818331,3.927986907
河西先生全集附錄,金麟厚,1510,1560,1535,0,5.612244898,2.040816327,84.69387755,2.040816327,3.06122449,2.551020408
南冥先生文集,曺植,1501,1572,1536,0,14.0776699,1.941747573,69.41747573,0,5.339805825,9.223300971
游軒先生續集,丁?,1512,1560,1536,0,0.220264317,0,99.55947137,0.220264317,0,0
游軒集,丁?,1512,1560,1536,0,0,1.25,90.83333333,1.25,1.25,5.416666667
?仰集,宋純,1493,1582,1537,0,0.997506234,0.997506234,97.0074813,0,0,0.997506234
毅齋遺稿,吳詮,1516,1558,1537,0,0,0.409836066,99.59016393,0,0,0
大谷先生文集,成運,1497,1579,1538,0,0,0.456621005,94.06392694,1.826484018,1.826484018,1.826484018
岐峰集,白光弘,1522,1556,1539,0,0,0,100,0,0,0
錦溪先生內集,黃俊良,1517,1563,1540,0,4.255319149,0,94.89361702,0,0.85106383,0
錦溪先生外集,黃俊良,1517,1563,1540,0,2.380952381,0,95.83333333,0.297619048,1.339285714,0.148809524
龜巖集,李楨,1512,1571,1541,0,0,4.237288136,93.22033898,0.847457627,1.694915254,0
龜巖先生續集,李楨,1512,1571,1541,0,3.465346535,0.495049505,92.07920792,0.495049505,0.495049505,2.97029703
龜巖先生文集,李楨,1512,1571,1541,0,0.305810398,1.22324159,92.35474006,3.363914373,0.917431193,1.834862385
賀淵先生文集,李仲樑,1504,1582,1543,0,2.34741784,0.938967136,95.77464789,0.938967136,0,0
竹軒先生文集,曺淑,1504,1582,1543,0,0,0.452488688,99.54751131,0,0,0
忍齋集,洪暹,1504,1585,1544,0,0,0.248756219,90.04975124,0,0,9.701492537
駱村先生遺稿,朴忠元,1507,1581,1544,0,0,2,96,0.5,0.5,1
瞻慕堂文集,林芸,1517,1572,1544,0,0,0.680272109,97.27891156,0,2.040816327,0
眉巖先生全集,柳希春,1513,1577,1545,0,8.181818182,1.515151515,79.09090909,2.424242424,8.181818182,0.606060606
芝山先生文集,金八元,1524,1569,1546,0,1.6,1.6,91.2,4,1.6,0
東湖先生文集,邊永淸,1516,1580,1548,0,0,0,99.27007299,0.729927007,0,0
玉溪集,盧?,1518,1578,1548,0,2.51572327,1.257861635,59.11949686,22.64150943,7.547169811,6.918238994
高峰集,奇大升,1527,1572,1549,0,5.729166667,1.5625,83.85416667,0,0,8.854166667
兩先生往復書,奇大升,1527,1572,1549,0,100,0,0,0,0,0
高峰先生續集,奇大升,1527,1572,1549,0,3.10880829,1.03626943,94.81865285,0.518134715,0.518134715,0
靑蓮集,李後白,1520,1578,1549,0,0,1.886792453,97.16981132,0,0.943396226,0
嘯皐先生文集,朴承任,1516,1585,1550,0,0,0,62.94820717,0,37.05179283,0
嘯皐先生文集續集,朴承任,1516,1585,1550,0,12.85714286,2.857142857,45.71428571,7.619047619,24.28571429,6.666666667
松川先生遺集,梁應鼎,1519,1581,1550,0,2.586206897,0.862068966,96.12068966,0,0.431034483,0
蘇齋先生文集,盧守愼,1517,1590,1553,0,0,3.194888179,83.06709265,1.916932907,4.153354633,7.667731629
璞齋先生文集,金紐,1527,1580,1553,0,0.777202073,1.295336788,95.33678756,1.813471503,0,0.777202073
習齋集,權擘,1520,1593,1556,0,0,0.733944954,97.79816514,0.366972477,0.550458716,0.550458716
習齋集續編,權擘,1520,1593,1556,0,0,0,100,0,0,0
思菴先生文集,朴淳,1523,1589,1556,0,0.37593985,2.255639098,93.23308271,1.503759398,1.127819549,1.503759398
栢潭先生文集,具鳳齡,1526,1586,1556,0,8.597285068,0.452488688,86.2745098,3.318250377,0.754147813,0.60331825
栢潭先生續集,具鳳齡,1526,1586,1556,0,4.909983633,0.818330606,91.81669394,1.963993453,0.327332242,0.163666121
逸軒遺稿,鄭諶,1520,1592,1556,0,0,0.420168067,98.31932773,0,1.260504202,0
松澗先生文集,黃應奎,1518,1598,1558,0,0,0,96.66666667,2.820512821,0,0.512820513
玉峰詩集,白光勳,1537,1582,1559,0,0,0.888888889,99.11111111,0,0,0
困齋先生愚得錄,鄭介淸,1529,1590,1559,0,4.972375691,3.867403315,7.73480663,1.104972376,82.32044199,0
懷齋遺集,朴光玉,1526,1593,1559,0,0,1.509433962,98.11320755,0,0.377358491,0
鷺渚遺事,李陽元,1526,1592,1559,0,1.459854015,0,92.70072993,0,4.379562044,1.459854015
淸江先生續集,李濟臣,1536,1584,1560,0,0.961538462,1.923076923,90.38461538,2.884615385,3.846153846,0
淸江先生文集(原集),李濟臣,1536,1584,1560,0,6.034482759,5.172413793,43.10344828,6.034482759,9.482758621,30.17241379
栗谷先生全書,李珥,1536,1584,1560,0,12.99303944,2.784222738,67.28538283,3.712296984,4.64037123,8.584686775
栗谷先生全書拾遺,李珥,1536,1584,1560,0,12.44813278,3.319502075,75.5186722,4.979253112,0.829875519,2.904564315
孤竹遺稿,崔慶昌,1539,1583,1561,0,0,0.480769231,99.51923077,0,0,0
棲霞堂遺稿,金成遠,1525,1597,1561,0,0.502512563,0.502512563,98.49246231,0,0.502512563,0
臨淵齋文集,裴三益,1534,1588,1561,0,3.359173127,0.775193798,94.57364341,0,0.258397933,1.033591731
省菴集,金孝元,1532,1590,1561,0,0.465116279,0.930232558,93.48837209,1.860465116,1.395348837,1.860465116
日休勉進兩先生聯稿,琴應夾,1526,1596,1561,0,18.96551724,1.724137931,70.68965517,7.75862069,0,0.862068966
草澗先生文集,權文海,1534,1591,1562,0,0,1.145038168,93.12977099,4.580152672,1.145038168,0
孤潭逸稿,李純仁,1533,1592,1562,0,1.086956522,0.724637681,97.46376812,0.362318841,0.362318841,0
霽峰集,高敬命,1533,1592,1562,0,0,0.110619469,99.88938053,0,0,0
鰲峰先生集,金齊閔,1527,1599,1563,0,0,0.699300699,95.45454545,1.048951049,0.34965035,2.447552448
芝嶺先生文集,尹義貞,1525,1602,1563,0,1.379310345,1.379310345,93.10344828,0,3.448275862,0.689655172
三省齋逸稿,孫興禮,1548,1578,1563,0,2.702702703,1.801801802,89.18918919,0.900900901,5.405405405,0
松江遺稿,鄭澈,1536,1593,1564,0,0.462962963,1.388888889,97.22222222,0,0.925925926,0
雪月堂先生文集,金富倫,1531,1598,1564,0,7.648725212,0,89.23512748,2.549575071,0.566572238,0
春塘先生文集,吳守盈,1521,1607,1564,0,0,1.682692308,97.35576923,0.721153846,0.240384615,0
藥圃先生文集,鄭琢,1526,1605,1565,0,16.4556962,5.063291139,63.92405063,10.75949367,2.53164557,1.265822785
藥圃先生續集,鄭琢,1526,1605,1565,0,30.04926108,0.492610837,67.48768473,1.97044335,0,0
月川先生文集,趙穆,1524,1606,1565,0,10.97560976,10.36585366,73.17073171,0,3.658536585,1.829268293
鶴峰先生文集,金誠一,1538,1593,1565,0,8.184143223,0.255754476,87.97953964,0.767263427,1.023017903,1.79028133
鶴峰先生文集續集,金誠一,1538,1593,1565,0,21,0.5,73.5,0.5,4,0.5
松川先生文集,金千鎰,1537,1593,1565,0,5.729166667,5.729166667,71.35416667,7.291666667,7.291666667,2.604166667
龜峰集,宋翼弼,1534,1599,1566,0,13.53065539,0,85.62367865,0,0.845665962,0
牛溪先生集,成渾,1535,1598,1566,0,59.45945946,1.351351351,38.51351351,0,0.675675676,0
晩軒集,丁焰,1524,1609,1566,0,2.714932127,4.07239819,75.11312217,9.954751131,4.524886878,3.619909502
坡谷遺稿,李誠中,1539,1593,1566,0,4.219409283,0.421940928,94.93670886,0,0,0.421940928
惺齋先生文集,琴蘭秀,1530,1604,1567,0,9.77443609,0,85.71428571,0.751879699,3.759398496,0
古玉先生詩集,鄭?,1533,1603,1568,0,0,0,100,0,0,0
重峰先生文集,趙憲,1544,1592,1568,0,11.14864865,3.716216216,82.09459459,0,3.040540541,0
艮齋先生文集,李德弘,1541,1596,1568,0,6.060606061,1.212121212,84.84848485,0,7.878787879,0
白湖集,朴悌,1549,1587,1568,0,0,0,100,0,0,0
芝川集,黃廷彧,1532,1607,1569,0,3.8647343,1.449275362,86.95652174,3.381642512,1.449275362,2.898550725
荷谷先生詩?,許?,1551,1588,1569,0,6.542056075,2.803738318,81.30841121,3.738317757,3.738317757,1.869158879
西溪先生逸稿,金聃壽,1535,1603,1569,0,5.660377358,1.886792453,92.45283019,0,0,0
四留齋集,李廷?,1541,1600,1570,0,4.390243902,0.487804878,92.19512195,1.951219512,0.731707317,0.243902439
謙菴先生文集,柳雲龍,1539,1601,1570,0,53.50877193,4.385964912,34.21052632,2.631578947,3.50877193,1.754385965
桑楡集,柳思規,1534,1607,1570,0,0,0,100,0,0,0
三翰林聯芳集,李廷?,1541,1600,1570,0,0.980392157,0.653594771,93.79084967,4.248366013,0,0.326797386
李忠武公全書,李舜臣,1545,1598,1571,0,6.25,0.694444444,24.30555556,8.333333333,56.94444444,3.472222222
松巖先生文集,李魯,1544,1598,1571,0,6.617647059,0.735294118,79.41176471,5.882352941,0,7.352941176
松巢先生文集,權宇,1552,1590,1571,0,9.696969697,0.606060606,82.42424242,6.060606061,0,1.212121212
勿巖先生文集,金隆,1549,1594,1571,0,4.132231405,2.479338843,89.25619835,3.305785124,0.826446281,0
楓崖集,安敏學,1542,1601,1571,0,1.666666667,1.666666667,91.66666667,4.166666667,0.833333333,0
滄洲先生遺稿,鄭詳,1533,1609,1571,0,0.900900901,0.900900901,94.59459459,0,3.603603604,0
洛涯先生文集,鄭光天,1553,1594,1573,0,0.900900901,1.801801802,96.3963964,0.900900901,0,0
安村集,裴應?,1544,1602,1573,0,1.869158879,0,95.3271028,1.869158879,0.934579439,0
活溪先生遺稿,李大기,1540,1609,1574,0,0.833333333,1.666666667,93.33333333,2.5,0,1.666666667
近始齋先生文集,金垓,1555,1593,1574,0,16.78832117,0,80.2919708,1.459854015,0,1.459854015
簡易堂集,崔?,1539,1612,1575,0,0.925925926,54.62962963,1.851851852,9.259259259,9.259259259,24.07407407
北厓先生文集,金圻,1547,1603,1575,0,5.147058824,0,91.17647059,2.205882353,0.735294118,0.735294118
月汀先生集,尹根壽,1537,1616,1576,0,4.794520548,5.136986301,78.08219178,7.191780822,1.02739726,3.767123288
樂琴軒先生文集,李庭栢,1553,1600,1576,0,0,1.886792453,97.16981132,0.943396226,0,0
海月先生文集,黃汝一,1556,1596,1576,0,3.779069767,1.01744186,91.27906977,2.61627907,0.726744186,0.581395349
晦谷先生文集,權春蘭,1539,1615,1577,0,5.780346821,1.734104046,74.56647399,12.71676301,2.312138728,2.89017341
芝山先生文集,曹好益,1545,1609,1577,0,5.381165919,2.242152466,88.78923767,2.242152466,0,1.34529148
白谷集?大覺登階集,處能,1543,1614,1578,0,1.030927835,2.06185567,93.29896907,0,2.06185567,1.546391753
晩全集,洪可臣,1541,1615,1578,0,5.699481865,4.14507772,84.45595855,1.03626943,3.626943005,1.03626943
竹?先生文集,吳澐,1540,1617,1578,0,9.821428571,6.696428571,75.89285714,3.125,0.892857143,3.571428571
栢巖先生文集,金?,1540,1616,1578,0,6.439393939,0.757575758,87.87878788,4.166666667,0.757575758,0
知退堂先生遺稿,李廷馨,1549,1607,1578,0,1.595744681,0,93.61702128,4.255319149,0,0.531914894
浮休堂集,善修,1543,1615,1579,0,0,0,99.56140351,0,0.438596491,0
雪溪先生集,文勵,1553,1605,1579,0,1.171875,0.78125,94.921875,1.953125,0.78125,0.390625
魏氏世稿,魏德厚,1556,1605,1580,0,3.007518797,3.007518797,92.85714286,0,1.127819549,0
溪陰集,趙彭年,1549,1612,1580,0,1.694915254,0.338983051,97.28813559,0,0.677966102,0
南川先生文集,權斗文,1543,1617,1580,0,1.492537313,0.497512438,95.02487562,2.985074627,0,0
寒岡先生文集附錄,鄭逑,1543,1620,1581,0,0,0,58.36431227,41.63568773,0,0
寒岡先生續集,鄭逑,1543,1620,1581,0,72.60273973,3.424657534,13.01369863,6.164383562,2.739726027,2.054794521
寒岡先生文集,鄭逑,1543,1620,1581,0,29.50191571,20.68965517,18.77394636,22.22222222,3.0651341,5.747126437
靑霞集,權克中,1554,1608,1581,0,0,4.710144928,95.28985507,0,0,0
南窓先生文集,金玄成,1542,1621,1581,0,0,2.083333333,97.91666667,0,0,0
南窓集,金玄成,1542,1621,1581,0,0,1.408450704,98.5915493,0,0,0
楓潭遺稿,權克中,1554,1608,1581,0,0.383141762,0.383141762,95.78544061,3.448275862,0,0
省克堂先生文集,金弘微,1557,1605,1581,0,16.07142857,9.821428571,66.96428571,1.785714286,0.892857143,4.464285714
槐軒集,郭再謙,1547,1615,1581,0,0.961538462,0.961538462,97.11538462,0.961538462,0,0
慕堂集,洪履祥,1549,1615,1582,0,0,1.315789474,97.36842105,0.877192982,0,0.438596491
琴易堂先生文集,裴龍吉,1556,1609,1582,0,6,3,78.33333333,3.333333333,4.666666667,4.666666667
樂齋先生文集,徐思遠,1550,1615,1582,0,7.638888889,0,81.94444444,0,2.083333333,8.333333333
感樹齋文集,朴汝樑,1554,1611,1582,0,1.357466063,2.262443439,86.42533937,6.787330317,3.167420814,0
鶴川先生遺集,李逢春,1542,1625,1583,0,2.678571429,0.892857143,91.96428571,3.571428571,0,0.892857143
忘憂先生文集,郭再祐,1552,1617,1584,0,11.65048544,4.854368932,52.42718447,14.5631068,11.65048544,4.854368932
可畦先生文集,趙翊,1556,1613,1584,0,0.156985871,0,99.05808477,0.627943485,0,0.156985871
晩翠集,吳億齡,1552,1618,1585,0,0,2.173913043,89.13043478,0,3.623188406,5.072463768
竇巖先生文集,李璣玉,1566,1604,1585,0,26.40449438,3.370786517,62.92134831,6.179775281,1.123595506,0
龍巒先生文集,權紀,1546,1624,1585,0,0,0.46728972,99.53271028,0,0,0
省吾堂先生文集,李介立,1546,1625,1585,0,7.262569832,1.117318436,91.06145251,0.558659218,0,0
水西先生文集,朴善長,1555,1616,1585,0,1.877934272,0.938967136,83.56807512,10.3286385,3.286384977,0
一松集,沈喜壽,1548,1622,1585,0,0,0,95.23809524,3.463203463,0,1.298701299
鋤歸子先生遺稿,鄭允諧,1553,1618,1585,0,10.16042781,1.069518717,86.09625668,2.139037433,0.534759358,0
白沙先生集,李恒福,1556,1618,1587,0,6.404958678,4.958677686,75.82644628,0.619834711,2.066115702,10.12396694
漢陰先生文稿,李德馨,1561,1613,1587,0,11.06719368,0.395256917,88.53754941,0,0,0
操省堂文集,金澤龍,1547,1627,1587,0,3.669724771,3.669724771,87.6146789,3.211009174,0.917431193,0.917431193
雲川先生文集,金湧,1557,1620,1588,0,1,0.75,89.75,6.5,0.5,1.5
深谷先生文集,張悌元,1556,1621,1588,0,3.351955307,1.675977654,91.62011173,3.351955307,0,0
?漢先生文集,孫起陽,1559,1617,1588,0,3.278688525,1.092896175,91.80327869,1.366120219,1.366120219,1.092896175
西坰集,柳根,1549,1627,1588,0,1.5,1.75,93.5,1.5,0.25,1.5
梅窓集,鄭士信,1558,1619,1588,0,1.992031873,1.992031873,90.43824701,3.984063745,0.398406375,1.195219124
石洲集,權?,1569,1612,1590,0,0,0.400801603,99.5991984,0,0,0
石洲別集,權?,1569,1612,1590,0,0.930232558,0.465116279,98.13953488,0,0.465116279,0
水北亭集,金興國,1557,1623,1590,0,0,0,100,0,0,0
松湖集,白振南,1563,1618,1590,0,7.419354839,0.322580645,92.25806452,0,0,0
玉峰先生文集,權暐,1552,1630,1591,0,3.076923077,0.512820513,86.66666667,7.179487179,0,2.564102564
秋月堂先生文集,韓山斗,1556,1627,1591,0,2,1.333333333,91.33333333,2,3.333333333,0
西潭集,洪瑋,1559,1624,1591,0,8.196721311,0,86.8852459,3.278688525,0,1.639344262
東籬先生文集,金允安,1560,1622,1591,0,4.220779221,0,91.55844156,3.571428571,0.649350649,0
一樹軒集,鄭樟,1569,1614,1591,0,0,0,98.93048128,1.069518717,0,0
習靜集,宋邦祚,1567,1618,1592,0,6.285714286,0.571428571,82.28571429,7.428571429,1.714285714,1.714285714
茅谿集,文緯,1554,1631,1592,0,62.06896552,1.724137931,21.55172414,6.896551724,2.586206897,5.172413793
滄浪先生文集,成文濬,1559,1626,1592,0,0,0.743494424,99.25650558,0,0,0
蘆坡先生文集,李屹,1557,1627,1592,0,0,1.492537313,82.08955224,8.955223881,1.492537313,5.970149254
益陽聯芳集,南慶薰,1572,1612,1592,0,5.102040816,2.380952381,80.95238095,7.823129252,2.380952381,1.360544218
梧峰集,申之悌,1562,1624,1593,0,1.62412993,0.232018561,95.82366589,1.856148492,0.464037123,0
鳳村集,朴東說,1564,1622,1593,0,1.507537688,1.507537688,95.9798995,0.502512563,0,0.502512563
五峰先生文集,李好閔,1553,1634,1593,0,3.616636528,2.983725136,85.44303797,3.435804702,3.616636528,0.904159132
慕堂先生文集,孫處訥,1553,1634,1593,0,4.367816092,2.528735632,91.03448276,1.149425287,0,0.91954023
雲嶽先生文集,李涵,1554,1632,1593,0,5.607476636,1.869158879,86.91588785,3.738317757,1.869158879,0
?齋集,曺友仁,1561,1625,1593,0,0.539083558,1.617250674,95.68733154,0.269541779,1.617250674,0.269541779
奇巖集,法堅,1552,1634,1593,0,0,0.943396226,99.05660377,0,0,0
守夢集,鄭曄,1563,1625,1594,0,7.692307692,0,67.69230769,18.46153846,2.307692308,3.846153846
晩德集,金大器,1557,1631,1594,0,1.18694362,0.59347181,94.95548961,3.264094955,0,0
農圃文集,鄭文孚,1565,1624,1594,0,0,0,97.18309859,2.816901408,0,0
農圃續集,鄭文孚,1565,1624,1594,0,0,0.411522634,99.17695473,0.411522634,0,0
敬菴集,盧景任,1569,1620,1594,0,10.74766355,4.205607477,54.20560748,3.738317757,26.63551402,0.46728972
旅軒先生文集,張顯光,1554,1637,1595,0,8.333333333,17.70833333,31.25,9.895833333,22.39583333,10.41666667
旅軒先生續集,張顯光,1554,1637,1595,0,25.5,3.5,39.5,14,12,5.5
希庵先生遺稿,玄德升,1564,1627,1595,0,0.555555556,0.555555556,98.61111111,0,0,0.277777778
黔澗集,趙靖,1555,1636,1595,0,6.703910615,0.558659218,79.32960894,10.61452514,2.793296089,0
敬齋遺稿,金是楨,1579,1612,1595,0,0,0,100,0,0,0
芝峰集,李?光,1563,1628,1595,0,0,2.321428571,97.67857143,0,0,0
壺峰先生文集,李墩,1568,1624,1596,0,0,0.558659218,98.88268156,0.558659218,0,0
象村先生集,申欽,1566,1628,1597,0,4.460966543,10.03717472,65.79925651,3.841387856,7.434944238,8.426270136
蒼石先生文集,李埈,1560,1635,1597,0,18.08510638,2.925531915,69.28191489,3.324468085,3.723404255,2.659574468
聞灘先生文集,孫?,1566,1628,1597,0,7.558139535,0,91.86046512,0.581395349,0,0
?全先生文集,金中淸,1566,1629,1597,0,4.556962025,11.39240506,81.01265823,0,1.772151899,1.265822785
枏溪先生文集,李重茂,1568,1629,1598,0,11.74242424,0.757575758,85.60606061,1.515151515,0.378787879,0
愚伏先生文集,鄭經世,1563,1633,1598,0,36.47798742,7.337526205,40.88050314,6.708595388,1.257861635,7.337526205
月沙先生集,李廷龜,1564,1635,1599,0,12.3880597,6.417910448,50.44776119,5.671641791,13.28358209,11.79104478
雪汀集,李?,1568,1630,1599,0,0.54200542,0.81300813,89.43089431,8.943089431,0,0.27100271
敬亭集,李民宬,1570,1629,1599,0,0,1.013024602,95.94790159,0.578871201,2.460202605,0
鳳谷逸稿,曺以天,1560,1638,1599,0,0,3.80952381,94.28571429,0,1.904761905,0
廣麓文集,金延祖,1585,1613,1599,0,0.613496933,0.613496933,96.93251534,0.613496933,1.226993865,0
淸風子文集,鄭允穆,1571,1629,1600,0,3.424657534,0,94.8630137,1.712328767,0,0
淸風子先生續集,鄭允穆,1571,1629,1600,0,5.806451613,0,92.90322581,1.290322581,0,0
雪川先生文集,李宜活,1573,1627,1600,0,1.97044335,0,93.10344828,2.955665025,0.492610837,1.477832512
丹谷先生文集,郭??,1568,1633,1600,0,5.743243243,3.378378378,81.08108108,2.027027027,5.067567568,2.702702703
休翁集,沈光世,1577,1624,1600,0,0,1.271186441,94.91525424,2.118644068,1.271186441,0.423728814
水色集,許?,1563,1640,1601,0,0.382165605,0,99.49044586,0,0.127388535,0
?齋集,崔晛,1563,1640,1601,0,12.5,5.803571429,59.82142857,11.60714286,4.017857143,6.25
石潭先生文集,李潤雨,1569,1634,1601,0,13.96396396,3.153153153,68.91891892,8.558558559,0.900900901,4.504504505
潛窩遺稿,李命俊,1572,1630,1601,0,3.012048193,1.807228916,92.1686747,2.409638554,0,0.602409639
鳳洲稿,朴東亮,1569,1635,1602,0,0.877192982,2.631578947,94.73684211,0.877192982,0,0.877192982
月澗集,李?,1558,1647,1602,0,27.81456954,0.662251656,58.2781457,9.933774834,0.662251656,2.649006623
東溪文集,趙亨道(遠道),1567,1637,1602,0,2.131782946,0.775193798,94.76744186,1.744186047,0.387596899,0.19379845
槃澗集,黃紐,1578,1626,1602,0,1.418439716,2.127659574,90.78014184,1.418439716,4.255319149,0
癡齋先生文集,許命申,1569,1637,1603,0,0,0.643086817,93.89067524,4.180064309,1.286173633,0
浣亭先生集,李彦英,1568,1639,1603,0,13.125,0,71.25,8.125,5.625,1.875
晩悟先生文集,申達道,1576,1631,1603,0,18.71657754,4.278074866,69.51871658,3.20855615,2.139037433,2.139037433
湖陽先生文集,權益昌,1562,1645,1603,0,0.877192982,1.754385965,87.71929825,0.877192982,8.771929825,0
三節遺稿,尹以明,1561,1646,1603,0,0,0,98.64864865,0,1.351351351,0
西溪先生文集,鄭彦宏,1569,1640,1604,0,2.247191011,0,94.94382022,2.247191011,0.561797753,0
谷隱遺稿,李堉,1572,1637,1604,0,9.655172414,11.03448276,56.55172414,10.34482759,6.206896552,6.206896552
石樓遺稿,李慶全,1567,1644,1605,0,0,0,97.0027248,1.36239782,1.634877384,0
桐溪集,鄭蘊,1569,1641,1605,0,2.205882353,3.431372549,85.53921569,0.490196078,2.450980392,5.882352941
桐溪先生續集,鄭蘊,1569,1641,1605,0,7.851239669,1.239669421,72.72727273,14.04958678,0.41322314,3.719008264
知足堂先生文集,朴明?,1571,1639,1605,0,8.796296296,11.57407407,75.46296296,0,2.777777778,1.388888889
月峰先生文集,高仁繼,1564,1647,1605,0,11.328125,1.171875,80.46875,3.90625,0,3.125
灌圃集,朴弘美,1571,1642,1606,0,0,0.613496933,98.46625767,0.613496933,0,0.306748466
月峰集,高傅川,1578,1636,1607,0,0,5.825242718,91.26213592,1.941747573,0,0.970873786
秋潭先生文集,金友伋,1574,1643,1608,0,0.193050193,0.579150579,97.1042471,0.386100386,1.351351351,0.386100386
修巖先生文集,柳袗,1582,1635,1608,0,36.36363636,2.272727273,52.27272727,6.060606061,1.515151515,1.515151515
雲壑集,趙平,1569,1647,1608,0,1.25,5.625,80.625,3.125,6.25,3.125
玄谷集,趙緯韓,1567,1649,1608,0,0.16025641,1.282051282,95.67307692,2.403846154,0.320512821,0.16025641
修竹遺稿,趙邦直,1574,1645,1609,0,1.10701107,0.36900369,98.52398524,0,0,0
東溪先生文集,權濤,1575,1644,1609,0,8.794788274,2.280130293,78.82736156,6.51465798,0.977198697,2.605863192
松灘集,鄭弘緖,1571,1648,1609,0,0,0.653594771,99.34640523,0,0,0
藏庵集,金昌祖,1581,1637,1609,0,0,0,99.0990991,0.45045045,0.45045045,0
陽灘先生文集,金?養,1574,1644,1609,0,5.357142857,0,84.82142857,9.821428571,0,0
雙碧堂詩集,李元生,1567,1654,1610,0,0,0.684931507,99.31506849,0,0,0
淸陰先生集,金尙憲,1570,1652,1611,0,4.034334764,3.347639485,79.82832618,1.545064378,1.030042918,10.21459227
无悶堂集,朴絪,1583,1640,1611,0,26.58959538,2.89017341,61.2716763,4.046242775,4.624277457,0.578034682
石門先生文集,鄭榮邦,1577,1645,1611,0,1.544401544,0,95.36679537,2.123552124,0.386100386,0.579150579
溪陰集,曺漢賓,1583,1640,1611,0,14.81481481,3.086419753,81.48148148,0,0.617283951,0
鞭羊堂集,彦機,1581,1644,1612,0,5.714285714,0.952380952,88.57142857,0,4.761904762,0
東溟先生文集,黃中允,1577,1648,1612,0,1.870748299,0.170068027,96.2585034,0.510204082,0.510204082,0.680272109
苔川金先生集,金地粹,1585,1639,1612,0,0,1.990049751,98.00995025,0,0,0
苔川先生續集,金地粹,1585,1639,1612,0,0,0.711743772,94.66192171,2.135231317,1.779359431,0.711743772
谿谷集,張維,1587,1638,1612,0,0.598802395,17.36526946,39.82035928,12.5748503,14.07185629,15.56886228
菊潭集,朴壽春,1572,1652,1612,0,0,5.555555556,92.06349206,0,2.380952381,0
忘窩先生文集,金榮祖,1577,1648,1612,0,2.941176471,0.226244344,94.3438914,1.809954751,0.226244344,0.452488688
玄洲集,趙纘韓,1572,1653,1612,0,0.59970015,9.595202399,81.85907046,2.3988006,4.197901049,1.349325337
處常窩文集,崔挺然,1571,1654,1612,0,0,0.952380952,91.42857143,7.619047619,0,0
震峰逸稿,權宏,1575,1652,1613,0,0,0.67114094,97.31543624,2.013422819,0,0
畸庵集,鄭弘溟,1577,1650,1613,0,0.831024931,1.800554017,87.81163435,6.371191136,2.077562327,1.108033241
芝所先生文集,黃一皓,1588,1641,1614,0,0.552486188,2.209944751,90.05524862,3.867403315,2.209944751,1.104972376
藤庵先生文集,裴相龍,1574,1655,1614,0,28.97196262,5.607476636,46.26168224,16.82242991,0,2.336448598
春圃遺稿,柳莘老,1581,1648,1614,0,0,0.245700246,99.50859951,0,0.245700246,0
秋山先生文集,朴弘中(弘立),1582,1646,1614,0,2.013422819,3.355704698,87.91946309,2.684563758,2.013422819,2.013422819
愼獨齋先生全書,金集,1574,1656,1615,0,23.16384181,1.694915254,62.99435028,2.824858757,0.282485876,9.039548023
澤堂先生別集,李植,1584,1647,1615,0,0,16.39344262,1.639344262,13.93442623,35.24590164,32.78688525
澤堂集,李植,1584,1647,1615,0,0.135501355,4.87804878,91.8699187,0,0.677506775,2.43902439
澤堂先生續集,李植,1584,1647,1615,0,0,0,100,0,0,0
東皐先生文集,徐思選,1579,1651,1615,0,0,2.197802198,90.47619048,5.494505495,0.366300366,1.465201465
滄洲先生遺稿(原集),羅茂松,1577,1653,1615,0,1.709401709,2.564102564,89.74358974,2.564102564,3.418803419,0
二愚堂先生文集,權?,1580,1651,1615,0,5.855855856,1.801801802,89.63963964,2.252252252,0,0.45045045
松灣集,鞠沈,1576,1654,1615,0,0.99009901,2.97029703,79.20792079,0.99009901,15.84158416,0
滄洲先生文集,朴敦復,1584,1647,1615,0,6.896551724,2.873563218,83.90804598,2.873563218,1.724137931,1.724137931
亦樂齋先生文集,金致寬,1569,1661,1615,0,2.702702703,0.900900901,89.18918919,4.504504505,2.702702703,0
遲川集,崔鳴吉,1586,1647,1616,0,0,0.12987013,99.09090909,0,0,0.779220779
鶴洞先生文集,鄭維藩,1583,1649,1616,0,4.716981132,4.716981132,80.18867925,8.490566038,1.886792453,0
家州集,李尙質,1597,1635,1616,0,0,1.941747573,94.17475728,1.941747573,0.970873786,0.970873786
敬窩集,金烋,1597,1638,1617,0,2.614379085,0.217864924,92.15686275,0.871459695,3.050108932,1.089324619
雙峰集,鄭克後,1577,1658,1617,0,1.204819277,13.85542169,68.6746988,6.024096386,4.819277108,5.421686747
春睡堂集,鄭秀民,1577,1658,1617,0,0.588235294,1.176470588,81.17647059,16.47058824,0,0.588235294
春睡堂續集,鄭秀民,1577,1658,1617,0,0,0,95.21276596,4.787234043,0,0
南坡遺稿,安由愼,1580,1657,1618,0,1.412429379,0,95.48022599,1.694915254,0.847457627,0.564971751
汾西集,朴?,1592,1645,1618,0,0,4.364326376,89.943074,2.84629981,1.328273245,1.518026565
時庵集,趙相禹,1582,1657,1619,0,27.27272727,5.347593583,50.26737968,13.36898396,2.139037433,1.604278075
潛谷先生遺稿,金堉,1580,1658,1619,0,4.573804574,4.365904366,79.41787942,6.237006237,1.663201663,3.742203742
?峰先生文集,崔車?,1583,1656,1619,0,0,0.588235294,99.41176471,0,0,0
聽禽遺稿,魏廷勳,1578,1662,1620,0,2.097902098,1.398601399,93.00699301,2.797202797,0.699300699,0
方壺先生文集,趙遵道,1576,1665,1620,0,5.813953488,1.744186047,84.88372093,2.325581395,2.906976744,2.325581395
三樂堂稿,朴檜茂,1575,1666,1620,0,1.111111111,0.277777778,97.77777778,0.833333333,0,0
六友堂稿,朴檜茂,1575,1666,1620,0,1.111111111,0.277777778,97.77777778,0.833333333,0,0
六三聯稿,朴檜茂,1575,1666,1620,0,1.111111111,0.277777778,97.77777778,0.833333333,0,0
梧溪文集,曺挺立,1583,1660,1621,0,1.421800948,3.791469194,86.72985782,3.791469194,0.473933649,3.791469194
白江集,李敬輿,1585,1657,1621,0,1.153212521,0.164744646,94.39868204,3.459637562,0,0.823723229
虛舟文集,金汝煜,1581,1661,1621,0,0,0.896860987,95.96412556,2.242152466,0.448430493,0.448430493
自樂堂先生遺集,權守經,1584,1659,1621,0,0,0,99.12280702,0,0,0.877192982
琴隱遺集,朴希文,1586,1659,1622,0,0,0,97.54601227,1.840490798,0.613496933,0
漁村遺稿,楊?,1597,1650,1623,0,5.190311419,1.384083045,89.96539792,2.76816609,0.692041522,0
竹?集,具塋,1584,1663,1623,0,0.473933649,3.317535545,94.31279621,0,0.473933649,1.421800948
梧齋集,梁曼容,1598,1651,1624,0,0.900900901,0.900900901,93.69369369,0,4.504504505,0
澗松集,趙任道,1585,1664,1624,0,6.837606838,11.3960114,73.21937322,4.558404558,1.994301994,1.994301994
澗松先生續集,趙任道,1585,1664,1624,0,10.21126761,7.042253521,78.16901408,2.112676056,0,2.464788732
寒沙集,姜大遂(大進),1591,1658,1624,0,0.716845878,3.584229391,74.19354839,17.20430108,1.075268817,3.225806452
涑川集,禹汝楙,1591,1657,1624,0,0,8.383233533,73.05389222,11.9760479,4.790419162,1.796407186
琴川集,鄭時修,1601,1647,1624,0,2.941176471,4.901960784,82.35294118,5.882352941,1.960784314,1.960784314
杜谷先生文集,洪宇定,1595,1656,1625,0,1.230769231,0.923076923,97.84615385,0,0,0
釣隱集,韓夢參,1589,1662,1625,0,0.99009901,4.95049505,74.25742574,11.88118812,0,7.920792079
素隱先生遺稿,愼天翊,1592,1661,1626,0,0.581395349,2.325581395,83.13953488,1.162790698,6.976744186,5.813953488
冶谷先生集,趙克善,1595,1658,1626,0,27.6119403,14.17910448,36.56716418,9.701492537,8.955223881,2.985074627
滄洲集,沈之漢,1596,1657,1626,0,1.694915254,2.824858757,90.96045198,3.389830508,0,1.129943503
虛白堂詩集,明照,1593,1661,1627,0,0,0,100,0,0,0
鶴沙先生文集,金應祖,1587,1667,1627,0,2.348336595,6.457925636,69.08023483,7.82778865,2.935420744,11.35029354
龍州先生遺稿,趙絅,1586,1669,1627,0,0,3.878116343,81.85595568,5.540166205,1.523545706,7.202216066
鶴州先生全集,金弘郁,1602,1654,1628,0,1.151631478,0.959692898,93.85796545,2.495201536,0.767754319,0.767754319
四友堂集,宋國澤,1597,1659,1628,0,43.83561644,6.849315068,43.15068493,3.424657534,0,2.739726027
明溪逸稿,鄭好義,1602,1655,1628,0,0,7.547169811,87.73584906,3.773584906,0.943396226,0
常華集,鄭好義,1602,1655,1628,0,0.483091787,4.830917874,90.82125604,2.898550725,0.966183575,0
猿溪文集,柳仁培,1589,1668,1628,0,1.477832512,0.985221675,93.59605911,3.9408867,0,0
謙齋先生文集,河弘度,1593,1666,1629,0,34.97942387,3.703703704,41.15226337,7.407407407,8.641975309,4.115226337
塘村集,黃暐,1605,1654,1629,0,0.36900369,3.6900369,92.6199262,0.73800738,1.84501845,0.73800738
湖洲集,蔡裕後,1599,1660,1629,0,0,1.52173913,91.08695652,3.47826087,1.086956522,2.826086957
翠微大師集,守初,1590,1668,1629,0,0.613496933,1.226993865,98.1595092,0,0,0
孤山遺稿,尹善道,1587,1671,1629,0,9.947643979,4.712041885,82.72251309,0,1.570680628,1.047120419
東巖先生文集,權省吾,1587,1671,1629,0,0,3.139013453,95.51569507,0,1.121076233,0.224215247
南皐文集,朴應衡,1605,1658,1631,0,0.808080808,0.404040404,97.57575758,1.01010101,0.202020202,0
開谷先生遺集,李爾松,1598,1665,1631,0,1.904761905,1.587301587,89.20634921,3.80952381,1.587301587,1.904761905
眠窩集,蘇東道,1592,1671,1631,0,0.877192982,0.438596491,97.80701754,0,0,0.877192982
愚齋文集,吳瀷,1591,1671,1631,0,1.142857143,4,85.71428571,6.857142857,2.285714286,0
西歸遺藁,李起?,1602,1662,1632,0,5.014749263,5.309734513,78.17109145,6.489675516,2.949852507,2.064896755
百拙庵先生文集,柳稷,1602,1662,1632,0,10,0.869565217,85.65217391,3.47826087,0,0
伊溪集,南海量,1598,1667,1632,0,1.239669421,5.785123967,80.16528926,3.305785124,5.785123967,3.719008264
石溪先生文集,李時明,1590,1674,1632,0,5.11627907,4.186046512,75.81395349,5.581395349,3.720930233,5.581395349
東土先生文集,尹舜擧,1596,1668,1632,0,0,0,100,0,0,0
滄洲先生遺稿,金益熙,1610,1656,1633,0,0,0,99.71590909,0,0,0.284090909
休?遺稿,呂孝孟,1607,1659,1633,0,0.247524752,0.495049505,98.76237624,0,0.495049505,0
幽軒文集,申吉暉,1604,1663,1633,0,0,0,98.66666667,0.666666667,0,0.666666667
瓢隱先生文集,金是?,1598,1669,1633,0,13.3640553,0.460829493,81.10599078,4.147465438,0,0.921658986
學稼齋文集,李?宙,1599,1669,1634,0,0.264550265,3.703703704,85.97883598,6.084656085,3.968253968,0
寒泉集,李涑,1606,1665,1635,0,3.125,2.678571429,92.41071429,0,1.785714286,0
市南先生文集,兪棨,1607,1664,1635,0,7.97011208,2.366127024,81.19551681,2.615193026,3.860523039,1.99252802
臺隱先生文集,權璟,1604,1666,1635,0,2.941176471,0,86.2745098,3.921568627,5.882352941,0.980392157
滄巖遺稿,邊命益,1610,1660,1635,0,2.209944751,2.209944751,94.47513812,1.104972376,0,0
漁隱先生文集,吳國獻,1599,1672,1635,0,16.57458564,3.314917127,65.19337017,3.314917127,11.60220994,0
學圃集,鄭叔周,1607,1665,1636,0,1.829268293,4.87804878,87.80487805,0,5.487804878,0
梅軒集,洪浚亨,1606,1666,1636,0,0,9.259259259,85.80246914,4.938271605,0,0
?穎西文集,全明龍,1606,1666,1636,0,1.75,2.75,91.75,1.5,2.25,0
久堂先生集,朴長遠,1607,1666,1636,0,3.973509934,17.8807947,24.50331126,21.85430464,24.50331126,7.284768212
潛隱實記,姜瀚,1602,1671,1636,0,25.51724138,10.34482759,40.68965517,17.24137931,2.068965517,4.137931034
龍西先生文集,尹元擧,1601,1672,1636,0,0,0.421940928,97.0464135,1.265822785,0,1.265822785
聽天堂先生文集,張應一,1599,1676,1637,0,15.10791367,8.633093525,51.07913669,20.14388489,2.158273381,2.877697842
太古亭文集,文希舜,1597,1678,1637,0,18.75,10,54.375,1.25,7.5,8.125
記言集,許穆,1595,1682,1638,0,0.598802395,2.395209581,20.95808383,0.598802395,38.32335329,37.1257485
記言別集,許穆,1595,1682,1638,0,20.80291971,16.24087591,10.76642336,7.846715328,13.50364964,30.83941606
拙齋先生文集,柳元之,1598,1678,1638,0,19.16376307,4.529616725,57.4912892,5.923344948,7.665505226,5.226480836
炭翁集,權?,1604,1672,1638,0,18.50746269,0,68.95522388,9.253731343,0,3.28358209
安谷集,李重明,1605,1672,1638,0,0,0.337837838,99.32432432,0,0.337837838,0
雲齋遺稿,李重慶,1599,1678,1638,0,2.209944751,0,96.68508287,1.104972376,0,0
同春堂先生集,宋浚吉,1606,1672,1639,0,72.72727273,5.909090909,10.60606061,3.333333333,0.606060606,6.818181818
石湖先生遺稿,尹文擧,1606,1673,1639,0,19.00826446,0,44.62809917,35.53719008,0,0.826446281
雲溪先生文集,鄭弘錫,1607,1671,1639,0,2.976190476,2.976190476,80.95238095,0.595238095,11.30952381,1.19047619
何山集,崔孝騫,1608,1671,1639,0,0.571428571,2.095238095,91.61904762,1.142857143,3.047619048,1.523809524
西溪集,李身圭,1600,1681,1640,0,9.444444444,0.555555556,74.44444444,15.55555556,0,0
松谷集,趙復陽,1609,1671,1640,0,0,0.384615385,70,19.23076923,4.230769231,6.153846154
漫翁先生遺稿,李廷機,1613,1669,1641,0,2.836879433,0,92.90780142,1.418439716,0,2.836879433
南谷逸稿,金?,1599,1684,1641,0,0,0,100,0,0,0
南坡先生文集,張?,1614,1669,1641,0,3.649635036,0.729927007,78.10218978,10.94890511,2.189781022,4.379562044
碧城錄,金起秋,1610,1673,1641,0,0,0,100,0,0,0
栢巖先生文集,安應昌,1603,1680,1641,0,28.14371257,18.56287425,11.37724551,19.16167665,6.586826347,16.16766467
?菴遺稿,李休徵,1607,1677,1642,0,3.333333333,2.666666667,92,0,0,2
遜愚先生文集,洪錫,1604,1680,1642,0,7.56302521,3.361344538,72.26890756,2.941176471,12.18487395,1.680672269
華谷遺稿,洪南立,1606,1679,1642,0,0.785854617,1.964636542,91.55206287,1.768172888,2.161100196,1.768172888
六谷先生遺稿,徐必遠,1613,1671,1642,0,0,1.680672269,97.4789916,0,0,0.840336134
不求黨先生文集,金?,1606,1681,1643,0,0,9.821428571,63.39285714,21.42857143,5.357142857,0
聾齋集,吳賓羽,1602,1685,1643,0,0,0,100,0,0,0
晩學堂先生文集,裴尙瑜,1622,1666,1644,0,33.16582915,8.040201005,54.77386935,0,0.502512563,3.51758794
草廬先生文集,李惟泰,1607,1684,1645,0,57.9766537,1.815823606,28.66407263,5.058365759,4.798962387,1.68612192
慕庵先生文集,趙稜,1607,1683,1645,0,9.523809524,0.476190476,81.42857143,6.666666667,1.428571429,0.476190476
存齋先生文集,李彙逸,1619,1672,1645,0,21.62162162,1.081081081,67.56756757,3.243243243,1.081081081,5.405405405
南坡集,洪宇源,1605,1687,1646,0,6.844106464,0.380228137,88.59315589,0.570342205,2.47148289,1.140684411
柳溪集,宋錫命,1630,1662,1646,0,0.584795322,0.584795322,91.22807018,7.602339181,0,0
南磵集,柳東淵,1613,1681,1647,0,0,0.408163265,88.16326531,0,9.795918367,1.632653061
木齋先生文集,洪汝河,1620,1674,1647,0,6.849315068,4.109589041,65.75342466,4.566210046,14.38356164,4.337899543
靜觀齋先生別集,李端相,1628,1669,1648,0,65.75342466,0,31.50684932,0,2.739726027,0
靜觀齋集,李端相,1628,1669,1648,0,34.65608466,1.587301587,61.9047619,1.851851852,0,0
存養齋集,宋挺濂,1612,1684,1648,0,9.868421053,7.236842105,66.44736842,9.868421053,1.973684211,4.605263158
白湖先生文集,尹?,1617,1680,1648,0,29.93630573,4.777070064,45.54140127,9.23566879,5.095541401,5.414012739
尤菴先生文集,宋時烈,1607,1689,1648,0,30.61327927,9.984794729,26.55854029,2.686264572,3.902686265,26.25443487
鳩齋先生文集,金啓光,1621,1675,1648,0,3.25443787,0,92.89940828,2.662721893,1.183431953,0
明谷先生文集,具?,1614,1683,1648,0,0,0.492610837,98.02955665,0,1.477832512,0
竹軒文集,李?徵,1609,1688,1648,0,0,12.17391304,73.91304348,5.217391304,0.869565217,7.826086957
松峰遺稿,吳益升,1620,1679,1649,0,1.709401709,3.846153846,83.33333333,7.264957265,2.991452991,0.854700855
蒙庵集,李埰,1616,1684,1650,0,1.275510204,4.081632653,86.98979592,2.551020408,3.316326531,1.785714286
伊溪集,南夢賚,1620,1681,1650,0,1.239669421,5.785123967,80.16528926,3.305785124,5.785123967,3.719008264
歸巖先生文集,李元禎,1622,1680,1651,0,9.216589862,13.82488479,45.16129032,17.05069124,3.686635945,11.05990783
楓渠遺稿,李文規,1617,1688,1652,0,2.197802198,5.494505495,86.26373626,1.098901099,4.395604396,0.549450549
石洞遺稿,李文載,1615,1689,1652,0,9.550561798,1.123595506,80.33707865,6.741573034,0.561797753,1.685393258
鳩谷文集,權迪,1626,1679,1652,0,29.71014493,0,55.07246377,7.246376812,5.797101449,2.173913043
翠巖遺集,蔡河徵,1619,1687,1653,0,0,1.834862385,97.24770642,0,0.917431193,0
梅壑先生遺稿,徐鳳翎,1622,1687,1654,0,76.3803681,4.90797546,7.055214724,3.680981595,7.36196319,0.613496933
水村文集,吳始壽,1632,1681,1656,0,1.265822785,0.421940928,95.35864979,1.687763713,1.265822785,0
畏齋集,李端夏,1625,1689,1657,0,8.626198083,2.555910543,75.39936102,1.916932907,0.319488818,11.18210863
日休亭先生文集,李榮世,1618,1698,1658,0,13.44537815,5.042016807,55.46218487,15.96638655,5.042016807,5.042016807
泰村先生文集,高尙顔,1623,1693,1658,0,7.653061224,2.040816327,82.14285714,4.081632653,3.06122449,1.020408163
芝村先生文集,金邦杰,1623,1695,1659,0,31.70731707,6.097560976,57.92682927,1.219512195,0,3.048780488
魯魯齋先生文集,金萬烋,1625,1694,1659,0,2.247191011,0.561797753,94.94382022,0,2.247191011,0
雲溪先生文集,黃信龜,1633,1685,1659,0,20.83333333,2.272727273,63.63636364,4.166666667,2.651515152,6.439393939
息庵先生遺稿,金錫?,1634,1684,1659,0,2.096436059,5.660377358,71.90775681,11.32075472,2.51572327,6.498951782
文谷集,金壽恒,1629,1689,1659,0,5.133470226,1.745379877,83.36755647,2.977412731,1.642710472,5.133470226
八懷堂遺稿,李時沆,1630,1689,1659,0,0.438596491,0,96.05263158,3.50877193,0,0
月洲集,蘇斗山,1627,1693,1660,0,9.85915493,1.408450704,88.73239437,0,0,0
老峰集,閔鼎重,1628,1692,1660,0,48.67724868,0.529100529,33.86243386,5.291005291,0,11.64021164
寓軒集,朴尙玄,1629,1693,1661,0,65.67164179,0.746268657,33.58208955,0,0,0
無禁堂遺稿,楊道南,1624,1700,1662,0,9.333333333,4,80,3.333333333,3.333333333,0
芝湖集,李選,1632,1692,1662,0,8.196721311,9.836065574,62.70491803,4.508196721,0.819672131,13.93442623
南溪先生正集,朴世采,1631,1695,1663,0,35.20710059,8.875739645,36.83431953,2.884615385,8.062130178,8.136094675
南溪先生外集,朴世采,1631,1695,1663,0,41.74397032,4.26716141,32.28200371,1.484230056,10.57513915,9.647495362
南溪先生續集,朴世采,1631,1695,1663,0,54.41527446,2.625298329,15.27446301,2.386634845,19.09307876,6.205250597
淸休齋先生文集,金揚烈,1624,1703,1663,0,8.450704225,2.112676056,83.09859155,4.225352113,2.112676056,0
孤山集,李惟璋,1625,1701,1663,0,9.743589744,2.222222222,75.55555556,5.299145299,0.854700855,6.324786325
乖厓集,柳?,1626,1701,1663,0,61.32075472,1.886792453,25.47169811,4.716981132,5.660377358,0.943396226
蘆溪集,金載顯,1627,1700,1663,0,0,0.456621005,98.63013699,0,0,0.913242009
訴梅堂遺集,張?,1622,1705,1663,0,6.007067138,2.473498233,87.27915194,1.413427562,1.060070671,1.766784452
寓軒先生文集,柳世鳴,1636,1690,1663,0,9.961685824,3.448275862,74.71264368,7.662835249,1.53256705,2.681992337
西浦先生集,金萬重,1637,1692,1664,0,0,1.992031873,91.63346614,5.577689243,0.398406375,0.398406375
西巖先生文集,李震白,1622,1707,1664,0,0,0,97.7124183,1.633986928,0,0.653594771
龜溪遺稿,李安迪,1621,1707,1664,0,0,0.609756098,99.3902439,0,0,0
覽懷堂先生文集,李而杜,1625,1703,1664,0,5.940594059,0,89.10891089,3.96039604,0,0.99009901
漱菴先生遺集,蔡之汚,1639,1689,1664,0,0.917431193,4.587155963,92.66055046,1.834862385,0,0
葛庵先生文集,李玄逸,1627,1704,1665,0,49.19472914,6.588579795,27.37920937,3.074670571,4.978038067,8.78477306
葛庵先生文集別集,李玄逸,1627,1704,1665,0,19.31034483,13.10344828,37.93103448,2.068965517,1.379310345,26.20689655
檀溪先生文集,金海一,1640,1691,1665,0,2.262443439,0.452488688,97.28506787,0,0,0
洗心亭先生文集,蔣熙績,1627,1705,1666,0,6.557377049,4.918032787,77.86885246,9.016393443,1.639344262,0
西溪集,朴世堂,1629,1703,1666,0,1.023391813,3.947368421,82.16374269,0.438596491,1.169590643,11.25730994
小湖先生文集,朴身之,1629,1705,1667,0,1.321585903,0.881057269,93.83259912,2.202643172,0.881057269,0.881057269
自足齋遺集,申鳳錫,1631,1704,1667,0,0.884955752,0,97.34513274,0.884955752,0.884955752,0
蓮泉遺稿,崔日休,1638,1699,1668,0,5.753424658,6.849315068,77.53424658,6.575342466,3.287671233,0
霽月堂集,宋奎濂,1630,1709,1669,0,0,0.496277916,93.30024814,2.977667494,0.744416873,2.481389578
省愆齋遺稿,姜?,1647,1691,1669,0,9.826589595,0.578034682,80.34682081,6.358381503,0,2.89017341
紫雲先生文集,李宜翰,1632,1707,1669,0,18.75,11.36363636,51.70454545,9.659090909,6.25,2.272727273
蘆洲先生文集,金兌一,1637,1702,1669,0,0.453514739,1.587301587,89.34240363,2.721088435,2.721088435,3.174603175
景玉先生遺集,李?,1629,1710,1669,0,0,7.534246575,75.34246575,2.739726027,8.219178082,6.164383562
林下堂文集,申厚命,1638,1701,1669,0,3.973509934,0.662251656,94.70198675,0,0.662251656,0
錦江先生文集,張?,1629,1711,1670,0,48.88888889,2.222222222,35,7.777777778,2.222222222,3.888888889
藥泉集,南九萬,1629,1711,1670,0,14.23423423,15.4954955,43.96396396,2.882882883,4.684684685,18.73873874
明齋先生遺稿,尹拯,1629,1714,1671,0,23.49048801,4.714640199,52.02646816,7.113316791,1.157981803,11.49710505
定齋集,朴泰輔,1654,1689,1671,0,0,0,97.22222222,0.925925926,1.851851852,0
鳳谷集,宋疇錫,1650,1692,1671,0,10.6870229,0.763358779,74.04580153,6.106870229,4.580152672,3.816793893
茅庵先生文集,張?,1635,1708,1671,0,5.306122449,0.408163265,86.53061224,6.12244898,0.408163265,1.224489796
滄溪集,林泳,1649,1696,1672,0,32.88814691,0.834724541,57.26210351,1.001669449,6.677796327,1.335559265
懶隱先生文集,李東標,1644,1700,1672,0,12.13114754,5.245901639,76.06557377,4.918032787,1.639344262,0
敬庵先生文集,文東道,1646,1699,1672,0,23.72262774,5.474452555,63.13868613,2.189781022,2.189781022,3.284671533
東庵遺稿,洪大龜,1644,1700,1672,0,0.847457627,15.25423729,54.23728814,19.49152542,6.779661017,3.389830508
西坡集,吳道一,1645,1703,1674,0,9.756097561,10.8401084,58.53658537,11.11111111,6.504065041,3.25203252
八吾軒先生文集,金聲久,1641,1707,1674,0,5.306122449,0,80.81632653,11.42857143,1.632653061,0.816326531
永思齋遺稿,崔晟,1639,1710,1674,0,0,4.918032787,90.98360656,0,4.098360656,0
負暄堂集,金楷,1633,1716,1674,0,2.713178295,2.325581395,84.49612403,3.100775194,5.813953488,1.550387597
訥庵先生文集,金漢英,1637,1712,1674,0,13.7254902,2.941176471,72.54901961,0.980392157,8.823529412,0.980392157
三葉齋文集,鄭?,1634,1714,1674,0,13.04347826,3.105590062,71.42857143,10.55900621,0.621118012,1.242236025
澤齋遺唾,金昌立,1666,1683,1674,0,0,0.862068966,60.34482759,38.79310345,0,0
聽軒集,金?萬,1632,1717,1674,0,34.28571429,5,50.71428571,6.428571429,2.857142857,0.714285714
晩守齋遺稿,李敏琦,1646,1704,1675,0,20,7.741935484,68.38709677,0,0,3.870967742
四何堂文集,鄭沇,1654,1697,1675,0,3.703703704,1.851851852,92.59259259,0.925925926,0.925925926,0
鳩巢先生文集,權聖矩,1642,1708,1675,0,0.819672131,0.409836066,90.16393443,6.967213115,1.639344262,0
月渚集,道安,1638,1715,1676,0,0.429184549,3.004291845,93.99141631,0,2.575107296,0
龍山集,李燾,1639,1713,1676,0,1.570680628,1.832460733,94.2408377,1.832460733,0.523560209,0
柏峰集,鄭祥龍,1643,1709,1676,0,0,1.26984127,96.19047619,0,1.26984127,1.26984127
宋川子獨娛錄,權得輿,1636,1716,1676,0,1.530612245,1.275510204,92.85714286,3.826530612,0.255102041,0.255102041
梅竹軒文集,金英震,1629,1723,1676,0,4.285714286,0.714285714,90.71428571,2.142857143,1.428571429,0.714285714
松風齋先生文集,宋之?,1636,1718,1677,0,6.113537118,6.113537118,79.47598253,2.620087336,0.873362445,4.80349345
美村先生文集,金健,1648,1707,1677,0,22.4,0,63.2,12.8,0.8,0.8
海隱遺稿,朴岐鳳,1643,1712,1677,0,1.132075472,0.754716981,95.8490566,1.509433962,0.377358491,0.377358491
孤村先生文集,裴正徽,1645,1709,1677,0,2.647058824,6.764705882,76.47058824,4.117647059,5.588235294,4.411764706
野村集,孫萬雄,1643,1712,1677,0,7.947019868,2.317880795,79.13907285,6.622516556,1.655629139,2.317880795
山澤齋文集,權泰時,1635,1719,1677,0,7.727272727,2.727272727,81.81818182,5.454545455,1.363636364,0.909090909
茅山集,姜敏著,1651,1705,1678,0,2.068965517,0.689655172,97.24137931,0,0,0
魯岑文集,孫汝斗,1643,1713,1678,0,0.869565217,0.869565217,89.56521739,8.695652174,0,0
竹軒文集,申必淸,1647,1710,1678,0,0,6.703910615,56.98324022,18.99441341,12.29050279,5.027932961
農巖集,金昌協,1651,1708,1679,0,17.23779855,6.334371755,61.16303219,7.165109034,4.880581516,3.219106957
愚谷集,朴身潤,1661,1698,1679,0,0,8.270676692,84.21052632,1.503759398,6.015037594,0
左庵遺稿,金龍鉉(正鏞),1643,1716,1679,0,36.18421053,0.657894737,48.68421053,13.15789474,1.315789474,0
?齋集,梁處濟,1643,1716,1679,0,44.75138122,15.46961326,28.72928177,8.839779006,0,2.209944751
一庵先生文集,辛夢參,1648,1711,1679,0,15.69767442,10.46511628,54.36046512,3.197674419,15.40697674,0.872093023
自然堂先生遺稿,金時瑞,1652,1707,1679,0,3.968253968,0,91.26984127,3.174603175,1.587301587,0
希菴集,房斗天,1655,1704,1679,0,18.18181818,7.575757576,65.90909091,6.818181818,0,1.515151515
明谷集,崔錫鼎,1646,1715,1680,0,5.014749263,25.66371681,1.179941003,16.22418879,13.86430678,38.05309735
景陽齋集,朴太古,1656,1704,1680,0,1.388888889,3.703703704,90.27777778,2.314814815,2.314814815,0
適菴先生文集,金台重,1649,1711,1680,0,14.13043478,0,78.26086957,5.97826087,0,1.630434783
寒水齋集,權尙夏,1641,1721,1681,0,33.24937028,8.312342569,33.8790932,4.408060453,1.763224181,18.38790932
荷塘先生文集,權斗寅,1643,1719,1681,0,4.639175258,15.46391753,54.12371134,8.762886598,7.216494845,9.793814433
禮谷先生文集,具文遊,1644,1718,1681,0,0,0.632911392,99.36708861,0,0,0
懈軒先生文集,黃命河,1651,1715,1683,0,4.891304348,1.811594203,91.66666667,0.724637681,0.724637681,0.18115942
臥龍亭遺集,許鎬,1654,1714,1684,0,0.724637681,2.898550725,91.30434783,3.623188406,1.449275362,0
四友堂先生文集,曺爾樞,1661,1707,1684,0,23.63636364,0.909090909,73.63636364,0,1.818181818,0
琴湖遺稿,朴挺最,1646,1722,1684,0,1.714285714,4,88.57142857,1.142857143,4,0.571428571
無用堂遺稿,秀演,1651,1719,1685,0,9.433962264,3.773584906,80.18867925,0,6.603773585,0
秋潭集,成晩徵,1659,1711,1685,0,59.65665236,5.150214592,22.74678112,7.296137339,2.575107296,2.575107296
三淵集,金昌翕,1653,1722,1687,0,13.83577053,6.411698538,57.81777278,4.949381327,10.57367829,6.411698538
竹泉集,金鎭圭,1658,1716,1687,0,2.597402597,1.85528757,72.72727273,15.76994434,0.742115028,6.307977737
高陽世稿,朴文國,1648,1727,1687,0,3.684210526,0,94.21052632,1.578947368,0,0.526315789
松泉遺集,朴文國,1648,1727,1687,0,0,0,98.35164835,1.648351648,0,0
自牧堂先生文集,蔡荊龜,1652,1723,1687,0,32.69230769,3.205128205,58.33333333,2.564102564,0.641025641,2.564102564
愚軒文集,蔡獻徵,1648,1726,1687,0,4.545454545,18.18181818,62.27272727,7.272727273,2.727272727,5
癡齋集,姜萬,1655,1719,1687,0,0,2.209944751,96.68508287,0,0.552486188,0.552486188
迂窩遺稿,崔啓翁,1654,1720,1687,0,1.52173913,1.52173913,91.95652174,1.739130435,1.739130435,1.52173913
窮村集,鄭纘輝,1652,1723,1687,0,53.42465753,6.849315068,26.02739726,8.904109589,0.684931507,4.109589041
酊翁先生文集,曺九齡,1657,1719,1688,0,10.6557377,6.557377049,67.21311475,13.93442623,0.819672131,0.819672131
茅山先生文集,李棟完,1651,1726,1688,0,4.166666667,2.272727273,87.12121212,4.545454545,0.378787879,1.515151515
晦隱集,南鶴鳴,1654,1723,1688,0,11.64383562,3.424657534,67.80821918,2.739726027,9.589041096,4.794520548
瀛隱集,金尙銓,1663,1714,1688,0,7.027027027,0,90.27027027,2.702702703,0,0
三足堂遺稿,魏世寶,1669,1707,1688,0,0,0.943396226,96.69811321,1.886792453,0.471698113,0
蒼雪齋先生文集,權斗經,1654,1725,1689,0,9.081309398,3.062302006,77.82470961,3.273495248,3.167898627,3.590285111
遜齋集,朴光一,1655,1723,1689,0,35.83815029,3.468208092,40.46242775,8.670520231,2.312138728,9.248554913
芝村集,李喜朝,1655,1724,1689,0,44.42105263,5.894736842,32.42105263,5.263157895,2.526315789,9.473684211
寓庵先生文集,南九明,1661,1719,1690,0,1.357466063,0.904977376,87.78280543,0.904977376,7.692307692,1.357466063
涵溪集,鄭碩達,1660,1720,1690,0,20.95671982,0.455580866,73.57630979,2.733485194,1.822323462,0.455580866
晴沙集,權斗紀,1659,1721,1690,0,5.058365759,1.556420233,88.32684825,4.280155642,0.389105058,0.389105058
玉吾齋集,宋相琦,1657,1723,1690,0,0,1.996007984,87.0259481,4.790419162,2.594810379,3.592814371
聽波軒稿,李秀蕃,1665,1717,1691,0,9.174311927,0,89.90825688,0.917431193,0,0
六化集,梁居安,1652,1731,1691,0,0.595238095,10.71428571,80.35714286,3.571428571,2.380952381,2.380952381
謙翁先生文集,裴錫徽,1653,1729,1691,0,16.78571429,0.714285714,74.64285714,6.071428571,1.071428571,0.714285714
松厓集,李遂大,1674,1708,1691,0,0,1.351351351,95.4954955,3.153153153,0,0
香溪先生文集,金泰鳴,1661,1721,1691,0,0.543478261,0.543478261,94.56521739,1.086956522,2.173913043,1.086956522
二憂堂集,趙泰采,1660,1722,1691,0,0,0,97.86324786,0.854700855,0.427350427,0.854700855
觀復詩稿,金崇謙,1682,1700,1691,0,0,0.411522634,99.58847737,0,0,0
藥圃集,鄭吾道,1647,1736,1691,0,9.550561798,3.93258427,85.95505618,0,0.561797753,0
七友亭文集,權大臨,1659,1723,1691,0,5.031446541,1.886792453,84.90566038,8.176100629,0,0
龜厓集,李琓,1650,1732,1691,0,3.367003367,1.683501684,85.85858586,5.050505051,1.01010101,3.03030303
丈巖先生集,鄭澔,1648,1736,1692,0,8.05785124,9.297520661,47.9338843,6.611570248,6.611570248,21.48760331
梅湖先生文集,孫德升,1659,1725,1692,0,4.858299595,3.643724696,81.37651822,7.894736842,1.214574899,1.012145749
寒圃齋集,李健命,1663,1722,1692,0,1.812688822,2.719033233,78.85196375,13.59516616,0.604229607,2.416918429
密菴先生文集,李栽,1657,1730,1693,0,34.4461305,8.649468892,39.75720789,3.641881639,3.641881639,9.863429439
耐齋集,洪泰猷,1672,1715,1693,0,2.985074627,5.223880597,86.19402985,2.23880597,2.611940299,0.746268657
北軒居士集,金春澤,1670,1717,1693,0,1.919720768,4.013961606,78.35951134,4.537521815,10.64572426,0.523560209
謹獨齋遺稿,愼命翊,1674,1713,1693,0,17.94871795,6.837606838,70.94017094,1.709401709,2.564102564,0
六有齋文集,金鏞,1657,1732,1694,0,0.384615385,0.384615385,98.65384615,0.576923077,0,0
竹峰先生文集,金侃,1653,1735,1694,0,3.645833333,0,92.1875,3.645833333,0,0.520833333
水西文集,金時儁,1658,1733,1695,0,6.41025641,1.282051282,87.54578755,2.014652015,1.648351648,1.098901099
百悔齋集,李蓋,1655,1735,1695,0,5.917159763,3.550295858,76.92307692,8.284023669,5.325443787,0
忍齋集,申택,1662,1729,1695,0,5.464480874,2.732240437,89.61748634,0.546448087,1.639344262,0
洛厓先生遺集,安日履,1661,1731,1696,0,11.65048544,15.53398058,63.10679612,5.825242718,3.883495146,0
?齋先生文集,姜德溥,1668,1725,1696,0,5.789473684,11.05263158,72.63157895,2.105263158,4.736842105,3.684210526
退谷集,黃萬績,1660,1733,1696,0,0,2.631578947,93.09210526,1.315789474,2.960526316,0
壺隱集,鄭國賓,1667,1727,1697,0,0,2.666666667,96.66666667,0,0.666666667,0
玉山先生文集,趙德?,1658,1737,1697,0,20.04264392,8.528784648,47.54797441,4.47761194,5.543710021,13.85927505
松巖集,李載亨,1665,1731,1698,0,75.56818182,0.568181818,11.36363636,4.545454545,3.409090909,4.545454545
閒臥窩文集,朴世貞,1667,1732,1699,0,0,0.819672131,99.18032787,0,0,0
知命堂文集,河世應,1671,1727,1699,0,13.20754717,6.603773585,78.30188679,0,0.943396226,0.943396226
洛洲逸稿,張善興,1662,1736,1699,0,2.259887006,0.564971751,93.78531073,2.259887006,0.564971751,0.564971751
訥軒文集,徐聖?,1663,1735,1699,0,2.033898305,4.745762712,86.77966102,3.728813559,1.694915254,1.016949153
平巖先生文集,鄭榮振,1672,1728,1700,0,5.394190871,0.414937759,87.55186722,1.244813278,4.979253112,0.414937759
白野集,朴光元,1659,1741,1700,0,4.081632653,2.040816327,91.49659864,0.340136054,1.020408163,1.020408163
素軒文集,南?,1664,1737,1700,0,11.65048544,5.825242718,57.2815534,10.67961165,9.708737864,4.854368932
竹軒集,金民澤,1678,1722,1700,0,2.013422819,2.684563758,83.89261745,8.053691275,1.342281879,2.013422819
有懷堂集,權以鎭,1668,1734,1701,0,2.445652174,9.782608696,68.20652174,3.532608696,8.695652174,7.336956522
守虛齋遺稿,洪啓迪,1680,1722,1701,0,0,0,93.86503067,5.521472393,0.613496933,0
芸窩集,洪重聖,1668,1735,1701,0,1.367521368,1.88034188,92.99145299,2.051282051,0.683760684,1.025641026
涵碧堂先生文集,柳敬時,1666,1737,1701,0,10.74380165,0.826446281,77.68595041,9.917355372,0,0.826446281
巍巖遺稿,李柬,1677,1727,1702,0,29.3768546,1.78041543,60.53412463,4.154302671,2.37388724,1.78041543
逸窩遺稿,全貴海,1674,1731,1702,0,15.60283688,3.546099291,75.17730496,2.127659574,3.546099291,0
后溪文集,李?,1670,1735,1702,0,24.78632479,1.709401709,49.57264957,20.51282051,2.564102564,0.854700855
竹峰集,高用楫,1672,1735,1703,0,0,5.882352941,93.27731092,0,0.840336134,0
訥傭齋文集,陳聖一,1664,1743,1703,0,7.272727273,12.72727273,67.27272727,10,2.727272727,0
反求齋遺稿,權聖?,1664,1743,1703,0,8.333333333,0,79.16666667,10,2.5,0
和隱集,李時恒,1672,1736,1704,0,1.674641148,3.349282297,86.84210526,4.306220096,0.4784689,3.349282297
茅溪先生文集,李命培,1672,1736,1704,0,27.86885246,2.732240437,56.83060109,3.825136612,4.371584699,4.371584699
柱江文集,趙是光,1669,1740,1704,0,10.72961373,4.721030043,76.39484979,4.291845494,2.145922747,1.716738197
屛谷先生文集,權?,1672,1741,1706,0,26.83982684,3.03030303,55.41125541,6.493506494,6.060606061,2.164502165
習靜齋文集,河應運(應龍),1676,1736,1706,0,2.459016393,3.278688525,86.06557377,8.196721311,0,0
敬菴遺稿,尹東洙,1674,1739,1706,0,22.77227723,6.600660066,45.54455446,3.630363036,10.89108911,10.56105611
農窩集,朴潚,1665,1748,1706,0,4.278074866,0.534759358,90.37433155,3.20855615,1.604278075,0
南圃先生集,金萬英,1684,1731,1707,0,2.965403624,2.471169687,86.65568369,1.153212521,6.095551895,0.658978583
鰲川遺稿,韓伯愈,1675,1742,1708,0,11.57024793,2.066115702,78.51239669,5.371900826,2.479338843,0
蘆峰先生文集,金(?+政),1670,1747,1708,0,5.044510386,1.483679525,78.04154303,5.341246291,10.08902077,0
宗菴遺稿,宋有源,1671,1747,1709,0,36.2745098,5.882352941,47.05882353,9.803921569,0,0.980392157
石門詩稿,張后相,1677,1742,1709,0,1.724137931,0.431034483,96.98275862,0.431034483,0.431034483,0
畸軒集,朴龍相,1680,1739,1709,0,8.73015873,2.777777778,80.95238095,5.555555556,1.587301587,0.396825397
屯菴集,申昉,1685,1736,1710,0,6.22406639,3.734439834,82.15767635,0,5.394190871,2.489626556
恥齋集,曺善迪,1697,1726,1711,0,18.34319527,1.775147929,63.90532544,7.100591716,4.733727811,4.142011834
陶菴先生集,李縡,1678,1746,1712,0,30.03754693,3.003754693,40.48811014,1.376720901,1.001251564,24.09261577
無名齋集,權壽大,1671,1755,1713,0,0.970873786,0.485436893,94.66019417,2.427184466,1.45631068,0
白隱文集,李鎭萬,1675,1752,1713,0,0.41322314,5.371900826,85.95041322,3.305785124,4.545454545,0.41322314
九苞稿,李鳳鳴,1682,1745,1713,0,0,0,97.71428571,0,2.285714286,0
知足堂文集,權萬斗,1674,1753,1713,0,6.086956522,6.956521739,72.17391304,10.43478261,2.608695652,1.739130435
?窩集,柳升鉉,1680,1746,1713,0,9.722222222,4.166666667,81.94444444,1.851851852,1.388888889,0.925925926
桐巢先生遺稿,南夏正,1678,1751,1714,0,3.416856492,1.822323462,84.28246014,3.872437358,2.277904328,4.328018223
竹翁文集,朴重采,1679,1750,1714,0,2.051282051,0,90.76923077,4.102564103,3.076923077,0
華齋集,黃翼再,1682,1747,1714,0,29.56521739,0.869565217,55.65217391,6.086956522,2.608695652,5.217391304
癡軒先生文集,金德五,1680,1748,1714,0,10.23622047,1.57480315,76.37795276,8.661417323,3.149606299,0
明庵集,鄭?,1683,1746,1714,0,3.03030303,1.01010101,93.6026936,0.673400673,1.346801347,0.336700337
西州集,曺夏望,1682,1747,1714,0,6.25,3.125,85.09615385,4.086538462,0.480769231,0.961538462
南浦文集,朴廷杰,1683,1746,1714,0,8.783783784,0,81.75675676,4.054054054,0,5.405405405
訥隱先生文集,李光庭,1674,1756,1715,0,6.141732283,11.33858268,54.64566929,4.094488189,5.196850394,18.58267717
霽山先生文集,金聖鐸,1684,1747,1715,0,29.88764045,5.617977528,49.21348315,6.966292135,3.595505618,4.719101124
笑庵先生文集,曺夏瑋,1678,1752,1715,0,1.807228916,9.638554217,82.53012048,0,4.819277108,1.204819277
夷溪處士文集,黃道翼,1678,1753,1715,0,14.75409836,1.639344262,69.67213115,11.47540984,0,2.459016393
南塘集,韓元震,1682,1751,1716,0,51.05263158,6.49122807,31.40350877,1.754385965,5.614035088,3.684210526
李恥齋先生文集,申正模,1690,1742,1716,0,10.46025105,2.510460251,68.61924686,4.60251046,10.46025105,3.347280335
西溪集,朴泰茂,1677,1756,1716,0,15.20912548,5.798479087,59.03041825,3.707224335,11.69201521,4.562737643
虛齋詩集,權壽鵬,1680,1752,1716,0,0,0,100,0,0,0
三復齋集,李東彦,1693,1739,1716,0,0,3.652968037,93.60730594,0,2.739726027,0
樗村集,李延燮,1688,1744,1716,0,1.474926254,2.064896755,88.79056047,4.424778761,0.294985251,2.949852507
藥山漫稿,吳光運,1689,1745,1717,0,0.462962963,7.87037037,73.37962963,3.703703704,7.87037037,6.712962963
梅軒先生文集,宋命基,1680,1755,1717,0,16.90140845,7.042253521,59.85915493,9.154929577,2.816901408,4.225352113
松窩集,安命夏,1682,1752,1717,0,13.40388007,2.292768959,74.6031746,8.11287478,1.410934744,0.176366843
松隱詩集,姜碩弼,1679,1755,1717,0,0,0,100,0,0,0
江左先生文集,權萬,1688,1749,1718,0,5.921052632,1.710526316,84.47368421,3.552631579,2.894736842,1.447368421
吾與齋遺稿,姜元一,1680,1757,1718,0,1.035196687,0.621118012,95.85921325,1.035196687,0,1.449275362
六忍齋文集,金光國,1682,1755,1718,0,4.587155963,1.376146789,77.52293578,12.8440367,1.834862385,1.834862385
雨溪文集,金命錫,1675,1762,1718,0,2.649006623,0,95.69536424,1.655629139,0,0
淸臺先生文集,權相一,1679,1759,1719,0,12.47582205,3.384912959,76.69245648,1.547388781,1.547388781,4.352030948
退漁堂遺稿,金鎭商,1684,1755,1719,0,0,0,100,0,0,0
臥溪文集,金聖欽,1682,1757,1719,0,3.017241379,0.862068966,90.94827586,3.879310345,0.431034483,0.862068966
靑壁先生文集,李守淵,1693,1748,1720,0,19.40298507,1.492537313,70.89552239,7.462686567,0.746268657,0
圃巖集,尹鳳朝,1680,1761,1720,0,4.490690033,4.819277108,76.12267251,3.723986857,2.628696605,8.214676889
慕山遺稿,權憲,1693,1747,1720,0,8.071748879,1.793721973,73.99103139,7.623318386,6.726457399,1.793721973
鶴谷集,李格,1682,1759,1720,0,2.242152466,0.448430493,92.37668161,1.34529148,2.69058296,0.896860987
梅山集,鄭重器,1685,1757,1721,0,24.8496994,3.006012024,54.90981964,8.216432866,1.603206413,7.414829659
牧谷集,李箕鎭,1687,1755,1721,0,0,1.470588235,87.05882353,4.411764706,2.352941176,4.705882353
瓢陰文集,權錫撥,1689,1754,1721,0,0,0,93.8547486,6.145251397,0,0
星湖先生文集,李瀷,1681,1763,1722,0,23.4059098,15.16329705,44.79004666,0.077760498,4.821150855,11.74183515
立齋先生遺稿,姜再恒,1689,1756,1722,0,2.33463035,3.242542153,79.37743191,4.02075227,8.69001297,2.33463035
海錦集,吳達運,1700,1746,1723,0,0,0,99.60159363,0,0.398406375,0
恥恥齋文集,金秀三,1679,1767,1723,0,1.587301587,4.232804233,87.83068783,3.174603175,3.174603175,0
巽齋集,朴致和(致遠),1680,1767,1723,0,0,0,100,0,0,0
炳燭齋文集,鄭之鏶,1693,1754,1723,0,18.47826087,5.97826087,61.41304348,10.86956522,1.630434783,1.630434783
鳴皐先生文集,鄭權(?),1692,1757,1724,0,14.10018553,4.452690167,74.39703154,3.153988868,1.484230056,2.41187384
屛溪集,尹鳳九,1681,1767,1724,0,39.85701519,4.289544236,35.92493298,4.647006256,2.770330652,12.51117069
鳳洲先生文集,南國柱,1690,1759,1724,0,10.48951049,4.895104895,59.44055944,5.594405594,19.58041958,0
圃翁集,朴麟祥,1682,1767,1724,0,1.986754967,2.649006623,92.71523179,1.324503311,1.324503311,0
九灘文集,張緯邦,1697,1753,1725,0,1,2,83,9,2.5,2.5
貞菴集,閔遇洙,1694,1756,1725,0,38.0952381,2.756892231,41.35338346,4.761904762,1.754385965,11.27819549
雪嶽遺稿,池光翰,1695,1756,1725,0,4.469987229,3.703703704,85.56832695,2.681992337,2.937420179,0.638569604
卑窩文集,鄭重岱,1691,1762,1726,0,15.71428571,0.714285714,69.28571429,12.85714286,0.714285714,0.714285714
闊岸先生文集,洪龜範,1691,1762,1726,0,2.631578947,7.894736842,71.05263158,2.631578947,15.13157895,0.657894737
牛川先生文集,鄭玉(周觀),1694,1760,1727,0,11.07491857,0.651465798,76.87296417,8.143322476,0.977198697,2.280130293
晩窩遺稿,金裕壽,1695,1761,1728,0,3.267973856,14.37908497,72.54901961,4.575163399,1.960784314,3.267973856
平庵先生文集,權正?,1690,1767,1728,0,7.555555556,3.555555556,75.11111111,7.111111111,5.777777778,0.888888889
晉菴集,李天輔,1698,1761,1729,0,1.769911504,6.415929204,80.08849558,5.530973451,3.982300885,2.212389381
知守齋集,兪拓基,1691,1767,1729,0,16.66666667,9.574468085,29.78723404,11.34751773,0.354609929,32.26950355
台窩集,河必淸,1701,1758,1729,0,19.46308725,6.711409396,73.82550336,0,0,0
蒼霞集,元景夏,1698,1761,1729,0,2.797202797,5.244755245,74.47552448,2.797202797,4.545454545,10.13986014
棄棄齋文集,金尙?,1689,1774,1731,0,4.04040404,1.01010101,88.38383838,1.01010101,2.525252525,3.03030303
三山先生文集,柳正源,1702,1761,1731,0,42.96296296,3.703703704,39.25925926,7.407407407,3.703703704,2.962962963
下枝集,李象辰,1700,1762,1731,0,15.81027668,8.300395257,58.49802372,13.04347826,3.557312253,0.790513834
閒靜堂集,宋文欽,1710,1752,1731,0,20.3125,0,79.6875,0,0,0
月峰文集,具尙德,1706,1759,1732,0,1.694915254,2.824858757,94.35028249,0,1.129943503,0
南窓先生文集,鄭梯,1689,1775,1732,0,10.43956044,8.241758242,65.93406593,4.945054945,4.395604396,6.043956044
愚谷集,姜栢,1690,1777,1733,0,0,0,99.43181818,0.568181818,0,0
白水集,楊應秀,1700,1767,1733,0,21.81818182,13.45454545,35.63636364,9.454545455,13.09090909,6.545454545
屹峰先生文集,李贇望,1694,1773,1733,0,7.865168539,6.741573034,67.41573034,9.550561798,3.93258427,4.494382022
雲坪先生文集,宋能相,1710,1758,1734,0,52.40641711,1.069518717,36.36363636,5.882352941,4.278074866,0
法川集,姜潤,1711,1758,1734,0,4.705882353,2.941176471,74.11764706,12.94117647,0,5.294117647
癡窩遺稿,河應命,1699,1769,1734,0,0.367647059,0.367647059,98.16176471,0.735294118,0.367647059,0
易安堂文集,趙天經,1695,1776,1735,0,0.821917808,1.095890411,92.87671233,2.739726027,2.465753425,0
松浦先生文集,朴東臣,1693,1777,1735,0,0,0.909090909,99.09090909,0,0,0
豹隱先生遺集,許彙,1709,1762,1735,0,0,0,100,0,0,0
?泉先生文集,宋明欽,1705,1768,1736,0,27.75330396,3.964757709,56.3876652,4.552129222,2.055800294,5.286343612
渼湖集,金元行,1702,1772,1737,0,42.11438475,5.372616984,31.71577123,7.452339688,1.906412478,11.43847487
芝谷先生遺集,金正漢,1711,1766,1738,0,3.90625,2.34375,78.125,13.28125,2.34375,0
晩隱遺稿,黃土廛,1704,1772,1738,0,12.46458924,4.249291785,80.16997167,1.699716714,1.133144476,0.283286119
松湖集,兪彦述,1703,1773,1738,0,0,2.396514161,95.64270153,0,1.307189542,0.653594771
南村先生文集,宋履錫,1698,1781,1739,0,27.95031056,30.43478261,8.074534161,19.25465839,3.726708075,10.55900621
梅軒照影,鄭煜,1708,1770,1739,0,0.854700855,1.709401709,71.79487179,18.8034188,5.982905983,0.854700855
龍山集,李夔,1699,1779,1739,0,13.38028169,2.112676056,73.94366197,6.338028169,4.225352113,0
冷泉文集,李猷遠,1695,1783,1739,0,21.01910828,0,53.50318471,22.29299363,0.636942675,2.547770701
?窩集,李弘?(城),1701,1778,1739,0,13.46153846,2.692307692,57.69230769,10.38461538,9.615384615,6.153846154
翕齋稿,李思質,1705,1776,1740,0,3.553299492,6.598984772,74.36548223,8.883248731,3.553299492,3.045685279
桐塢先生文集,安處宅,1705,1775,1740,0,12.67605634,0.704225352,78.16901408,4.929577465,0.704225352,2.816901408
桐岡先生遺稿,李毅敬,1704,1778,1741,0,9.836065574,15.57377049,44.26229508,4.918032787,9.016393443,16.39344262
剛窩集,任必大,1709,1773,1741,0,26.10837438,8.374384236,30.04926108,20.68965517,6.896551724,7.881773399
活孝齋集,朴獻可,1713,1772,1742,0,14.17322835,3.149606299,68.50393701,2.362204724,8.661417323,3.149606299
竹巖文集,李應龜,1703,1781,1742,0,0,0.427350427,96.15384615,2.136752137,1.282051282,0
松下先生文集,權心揆(聖揆),1706,1779,1742,0,9.633027523,2.752293578,72.01834862,10.55045872,4.128440367,0.917431193
石北集,申光洙,1712,1775,1743,0,30.80939948,5.483028721,54.04699739,8.877284595,0.261096606,0.522193211
樹谷文集,權?,1709,1778,1743,0,6.940063091,4.100946372,82.96529968,5.678233438,0.315457413,0
一枝窩遺稿,金宅東,1708,1778,1743,0,1.604278075,0,90.90909091,6.951871658,0.534759358,0
敬慕齋遺稿,權佶,1712,1774,1743,0,0,4.054054054,79.05405405,4.72972973,5.405405405,6.756756757
詠而齋遺稿,魏文德,1704,1784,1744,0,5,2.692307692,87.30769231,0.384615385,1.923076923,2.692307692
悔尤文集,李忠國,1711,1777,1744,0,2.298850575,4.597701149,89.65517241,2.873563218,0.574712644,0
東渠集,宋鼎?(鼎錫),1711,1778,1744,0,10.47619048,3.80952381,70,7.619047619,2.857142857,5.238095238
雙蓼堂遺集,洪龜命,1714,1775,1744,0,3.603603604,11.71171171,73.87387387,9.009009009,1.801801802,0
?村先生文集,李泰春,1704,1785,1744,0,3.238866397,4.858299595,79.75708502,8.097165992,1.214574899,2.834008097
九峰詩稿,姜載,1713,1775,1744,0,0,0,100,0,0,0
百弗菴先生文集,崔興遠,1705,1786,1745,0,72.9216152,2.137767221,13.5391924,3.800475059,5.700712589,1.90023753
農?稿,崔天翼,1712,1779,1745,0,8.148148148,0,91.85185185,0,0,0
芝山遺集,韓致明,1703,1788,1745,0,0,5.154639175,73.19587629,8.762886598,7.216494845,5.670103093
大山先生文集,李象靖,1711,1781,1746,0,47.38154613,8.395677473,33.16708229,2.078137988,3.325020781,5.652535328
果菴先生文集,宋德相,1710,1783,1746,0,13.25966851,15.46961326,22.09944751,16.57458564,6.077348066,26.51933702
安分堂遺集,鄭師夏,1713,1779,1746,0,6.976744186,2.325581395,68.99224806,4.651162791,16.27906977,0.775193798
旅庵遺稿,申景濬,1712,1781,1746,0,2.429149798,14.17004049,50.60728745,2.834008097,16.19433198,13.76518219
活山文集,南龍萬,1709,1784,1746,0,4.866180049,4.136253041,74.69586375,1.703163017,9.489051095,5.109489051
在澗集,任希聖,1712,1783,1747,0,4.761904762,4.166666667,57.14285714,8.333333333,5.952380952,19.64285714
有心齋集,李和甫(醇甫),1714,1781,1747,0,68.62745098,1.960784314,0,10.78431373,12.74509804,5.882352941
約齋先生文集,權炳,1723,1772,1747,0,43.03030303,7.272727273,44.24242424,4.242424242,1.212121212,0
江漢集,黃景源,1709,1787,1748,0,6.953642384,26.82119205,31.29139073,6.953642384,18.04635762,9.933774834
茅廬先生文集,崔南斗,1720,1777,1748,0,19.17293233,2.631578947,73.30827068,3.383458647,1.503759398,0
稷下詩集,金相福,1714,1782,1748,0,0,0,100,0,0,0
鹿門先生文集,任聖周,1711,1788,1749,0,52.96052632,8.223684211,11.18421053,8.223684211,11.18421053,8.223684211
尼溪集,朴來吾,1713,1785,1749,0,1.166666667,2.5,92.33333333,2.5,0.5,1
睡?先生文集,徐錫麟,1710,1789,1749,0,5.073995772,4.4397463,87.52642706,0,2.114164905,0.845665962
山齋遺稿,河載坤,1728,1773,1750,0,5.327868852,1.229508197,92.62295082,0.409836066,0.409836066,0
新齋先生文集,曺霖,1711,1790,1750,0,6.818181818,14.39393939,45.45454545,12.12121212,4.545454545,16.66666667
順菴集,安鼎福,1712,1791,1751,0,34.50292398,11.30604288,28.84990253,4.093567251,3.898635478,17.34892788
小山先生文集,李光靖,1714,1789,1751,0,36.60287081,17.70334928,30.86124402,1.196172249,3.110047847,10.52631579
李參奉集,李匡呂,1720,1783,1751,0,0,1.226993865,98.77300613,0,0,0
警弦齋集,姜世晉,1717,1786,1751,0,0.974025974,0.974025974,90.90909091,1.948051948,2.272727273,2.922077922
溪村先生文集,李道顯,1726,1776,1751,0,12.3853211,4.128440367,75.2293578,4.128440367,3.669724771,0.458715596
保晩齋集,徐命膺,1716,1787,1751,0,5.688622754,11.9760479,56.28742515,1.796407186,12.2754491,11.9760479
負喧先生文集,崔益重,1717,1788,1752,0,2.636203866,13.35676626,60.80843585,9.314586995,13.35676626,0.527240773
陋室集,李重延,1711,1794,1752,0,25.87412587,1.398601399,55.24475524,13.98601399,2.097902098,1.398601399
竹圃集,孫思翼,1711,1794,1752,0,11.94968553,8.805031447,57.2327044,10.6918239,6.918238994,4.402515723
篁林先生文集,尹思進,1713,1792,1752,0,7.653061224,5.102040816,72.44897959,7.653061224,2.551020408,4.591836735
?菴集,??,1717,1789,1753,0,10.07194245,0.71942446,89.20863309,0,0,0
晩悔集,安景時,1712,1794,1753,0,31.69642857,4.464285714,47.32142857,15.17857143,1.339285714,0
陽洞遺稿,朴燦瑛,1736,1771,1753,0,2.222222222,3.555555556,91.11111111,1.333333333,1.777777778,0
梧山文集,徐昌載,1726,1781,1753,0,34,4,39.33333333,10,7.333333333,5.333333333
行休齋文集,李若采,1727,1782,1754,0,0,3.428571429,91.42857143,1.142857143,2.857142857,1.142857143
雙梅堂遺集,安慶稷,1721,1787,1754,0,7.142857143,16.66666667,75.5952381,0,0.595238095,0
括虛大師遺集,取如,1720,1789,1754,0,0,3.2,96.8,0,0,0
冷窩集,安景漸,1722,1789,1755,0,8.59375,14.0625,55.46875,10.9375,3.90625,7.03125
艮翁集,李獻慶,1719,1791,1755,0,6.22406639,20.74688797,13.69294606,17.84232365,28.21576763,13.2780083
眠雲齋文集,李周遠,1714,1796,1755,0,12.10762332,7.623318386,55.15695067,8.071748879,4.035874439,13.0044843
霽軒集,沈定鎭,1725,1786,1755,0,2.202643172,6.167400881,71.36563877,5.726872247,8.810572687,5.726872247
三山齋集,金履安,1722,1791,1756,0,17.94871795,7.977207977,58.11965812,8.547008547,3.703703704,3.703703704
蘆厓集,柳道源,1721,1791,1756,0,27.66798419,0.395256917,60.86956522,4.347826087,0.790513834,5.928853755
性堂集,鄭赫臣,1719,1793,1756,0,19.65811966,1.709401709,72.64957265,4.273504274,0,1.709401709
寒澗先生文集,金漢祿,1722,1790,1756,0,25.74525745,4.60704607,52.57452575,10.8401084,1.62601626,4.60704607
芝村遺集,朴履坤,1730,1783,1756,0,0,3.58974359,91.28205128,3.076923077,2.051282051,0
遯庵集,曺德臣,1722,1791,1756,0,18.75,13.19444444,52.08333333,5.555555556,4.861111111,5.555555556
懶窩集,奇彦鼎,1716,1797,1756,0,25.33333333,5.666666667,64,1.666666667,1.333333333,2
磨巖文集,趙進道,1724,1788,1756,0,11.64383562,2.739726027,76.71232877,4.794520548,2.739726027,1.369863014
魯宇集,鄭忠弼,1725,1789,1757,0,10.95890411,2.397260274,77.73972603,6.164383562,2.054794521,0.684931507
漢湖文集,李敏德,1728,1786,1757,0,2.097902098,4.895104895,65.73426573,23.07692308,4.195804196,0
立菴集,朴俊欽,1719,1796,1757,0,28.06122449,4.081632653,49.48979592,7.142857143,6.632653061,4.591836735
守吾齋遺集,安敏修,1724,1790,1757,0,21.9047619,0,50.47619048,21.9047619,5.714285714,0
七巖文集,金夢華,1723,1792,1757,0,2.766798419,9.090909091,75.49407115,5.533596838,3.557312253,3.557312253
石堂遺稿,金相定,1727,1788,1757,0,0,0,100,0,0,0
可齋文集,權明佑,1722,1795,1758,0,18.91891892,1.351351351,64.86486486,10.13513514,2.027027027,2.702702703
農隱集,李?,1729,1788,1758,0,1.294498382,1.941747573,85.4368932,0,10.03236246,1.294498382
蒙巖集,鄭熺(火晃),1723,1793,1758,0,16.58986175,6.451612903,55.29953917,14.74654378,1.382488479,5.529953917
荷棲集,趙璥,1727,1789,1758,0,2.528089888,6.460674157,73.31460674,9.550561798,3.93258427,4.213483146
樊巖集,蔡濟恭,1720,1799,1759,0,2.191987906,5.064247921,66.28873772,7.180650038,7.482993197,11.79138322
后山先生文集,李宗洙,1722,1797,1759,0,68.125,5.625,15.3125,5.9375,0.9375,4.0625
菊齋文集,全就大,1728,1790,1759,0,16.43835616,3.424657534,76.71232877,2.054794521,1.369863014,0
醇庵集,吳載純,1727,1792,1759,0,3.260869565,8.695652174,69.83695652,3.804347826,7.336956522,7.065217391
菊泉先生爛稿,許?,1724,1794,1759,0,0,6.194690265,93.80530973,0,0,0
芹谷遺稿,李宗郁,1737,1781,1759,0,0,1.261829653,95.2681388,1.261829653,1.892744479,0.315457413
雲?集,崔光璧,1728,1791,1759,0,4.06504065,1.219512195,85.36585366,2.43902439,3.25203252,3.658536585
川沙先生文集,金宗德,1724,1797,1760,0,60.28806584,4.115226337,26.33744856,6.378600823,2.057613169,0.823045267
?齋先生遺稿續集,黃胤錫,1729,1791,1760,0,13.01775148,6.863905325,75.62130178,1.775147929,1.065088757,1.656804734
?齋先生遺稿,黃胤錫,1729,1791,1760,0,15.65017261,9.436133487,64.32681243,2.416570771,3.107019563,5.063291139
石崖先生文集,洪鳳周,1725,1796,1760,0,9.839816934,1.372997712,86.04118993,0.228832952,1.14416476,1.372997712
靜窩先生文集,趙錫喆,1724,1799,1761,0,18.27956989,11.82795699,55.91397849,8.243727599,3.94265233,1.792114695
沙川文集,徐昌鏡,1726,1799,1762,0,14.28571429,2.521008403,70.58823529,10.92436975,1.680672269,0
存齋集,魏伯珪,1727,1799,1763,0,4.361370717,13.39563863,51.71339564,1.557632399,19.9376947,9.034267913
一夢稿,李奎象,1727,1799,1763,0,0,7.810107198,78.56049005,5.819295559,3.215926493,4.594180704
夢梧集,金鍾秀,1728,1799,1763,0,3.06122449,15.30612245,54.59183673,7.653061224,4.591836735,14.79591837
耳溪集,洪良浩,1724,1802,1763,0,1.731601732,6.926406926,65.36796537,5.988455988,7.575757576,12.40981241
?山先生文集,南基萬,1730,1796,1763,0,15.60693642,2.89017341,64.16184971,13.87283237,2.312138728,1.156069364
梧竹齋文集,趙宜陽,1719,1808,1763,0,1.421800948,1.579778831,93.83886256,1.579778831,0.473933649,1.105845182
潛溪文集,權昌植,1724,1804,1764,0,3.96039604,0,79.20792079,7.920792079,2.97029703,5.940594059
一峰集,趙錫晦,1727,1802,1764,0,3.51758794,2.512562814,82.4120603,7.035175879,4.522613065,0
歸樂窩集,柳匡天,1732,1799,1765,0,21.0816777,2.538631347,72.9580574,1.214128035,1.655629139,0.55187638
九曲遺稿,李重?,1728,1803,1765,0,0.934579439,1.401869159,95.79439252,1.401869159,0.46728972,0
謙齋文集,鄭翊東,1735,1795,1765,0,6.306306306,4.504504505,73.87387387,10.81081081,2.702702703,1.801801802
韋菴集,李最中,1715,1815,1765,0,3.610108303,1.444043321,81.94945848,4.693140794,0.722021661,7.581227437
南屛集,鄭璞,1734,1796,1765,0,7.954545455,3.787878788,79.16666667,7.954545455,0.757575758,0.378787879
近齋集,朴胤源,1734,1799,1766,0,35.57567917,3.880983182,46.05433376,4.398447607,6.468305304,3.62225097
性潭先生集,宋煥箕,1728,1807,1767,0,29.61373391,13.19742489,23.39055794,3.326180258,5.686695279,24.78540773
信天齋文集,權思潤,1732,1803,1767,0,4.854368932,1.941747573,76.21359223,7.766990291,5.339805825,3.883495146
臨汝齋文集,柳?奎,1730,1808,1769,0,27.27272727,13.90374332,34.75935829,9.090909091,4.545454545,10.42780749
東湖遺集,申宅和,1728,1810,1769,0,24.16666667,0.833333333,67.5,6.666666667,0.833333333,0
雨皐文集,金道行,1728,1812,1770,0,36.07305936,1.826484018,44.74885845,10.95890411,1.369863014,5.02283105
遲菴先生文集,李東沆,1736,1804,1770,0,2.580645161,2.903225806,88.06451613,3.548387097,2.580645161,0.322580645
訥幸齋集,李師稷,1732,1810,1771,0,5.825242718,0.970873786,81.55339806,0,3.883495146,7.766990291
德峰文集,李鎭宅,1738,1805,1771,0,25.46583851,1.863354037,65.83850932,4.347826087,0.621118012,1.863354037
晦屛集,申體仁,1731,1812,1771,0,27.93791574,5.986696231,49.22394678,5.986696231,4.4345898,6.430155211
舊堂先生文集,趙沐洙(虎然),1736,1807,1771,0,25.38461538,3.461538462,48.84615385,13.84615385,2.307692308,6.153846154
燕巖集,朴趾源,1737,1805,1771,0,30.93220339,16.52542373,16.52542373,3.813559322,19.49152542,12.71186441
竹北文集,安仁一,1736,1806,1771,0,17.69436997,4.289544236,70.77747989,4.825737265,2.412868633,0
仁嶽集,李義沾,1746,1796,1771,0,23.7704918,3.278688525,59.83606557,0.819672131,11.47540984,0.819672131
武山齋遺稿,李鳳興,1735,1810,1772,0,21.42857143,4.464285714,56.25,9.821428571,7.142857143,0.892857143
念睡軒文集,金龍翰,1738,1806,1772,0,5.361305361,2.097902098,88.34498834,1.165501166,3.03030303,0
靑城集,成大中,1732,1812,1772,0,1.244167963,9.175738725,75.89424572,3.421461897,7.153965785,3.110419907
玩易堂遺稿,朴馨德,1731,1815,1773,0,1.694915254,15.25423729,69.49152542,7.627118644,5.084745763,0.847457627
錦石集,朴準源,1739,1807,1773,0,8.05785124,1.446280992,83.67768595,1.859504132,3.719008264,1.239669421
磻溪集,李養吾,1737,1811,1774,0,0,0.165562914,99.83443709,0,0,0
耐齋公集,李光朝,1740,1808,1774,0,0,0.617283951,99.38271605,0,0,0
巴山聯芳文集,李光朝,1740,1808,1774,0,0,0.617283951,99.38271605,0,0,0
晩覺齋文集,李東汲,1738,1811,1774,0,11.30434783,8.695652174,68.69565217,4.782608696,2.173913043,4.347826087
芝厓先生文集,鄭?,1740,1811,1775,0,10.30042918,8.154506438,61.80257511,8.583690987,5.150214592,6.008583691
尤園集,李楨國(謙胤),1743,1807,1775,0,25.42372881,1.129943503,59.3220339,11.86440678,1.129943503,1.129943503
松陰文集,南龍燮,1734,1817,1775,0,4.901960784,8.333333333,66.17647059,14.70588235,5.882352941,0
損齋先生文集,南漢朝,1744,1809,1776,0,67.20321932,0.60362173,27.36418511,0,4.828973843,0
立齋先生文集,鄭宗魯,1738,1816,1777,0,18.64650828,5.399568035,56.37149028,2.447804176,3.311735061,13.82289417
龜窩先生文集續,金?,1739,1816,1777,0,44.52054795,4.109589041,10.95890411,17.80821918,5.479452055,17.12328767
龜窩先生文集,金?,1739,1816,1777,0,23.59550562,14.98127341,34.45692884,7.865168539,1.872659176,17.22846442
苟完齋文集,李萬?,1740,1814,1777,0,15.625,6.25,50.78125,21.09375,2.34375,3.90625
竹窩公集,李光浩,1741,1813,1777,0,0,0.617283951,99.38271605,0,0,0
不變堂遺稿,朴東?,1749,1808,1778,0,9.895833333,3.125,80.20833333,5.729166667,0.520833333,0.520833333
宜庵集,安德文,1747,1811,1779,0,18.87254902,9.31372549,64.46078431,1.225490196,6.12745098,0
典庵文集,姜鼎煥,1741,1817,1779,0,5.543710021,3.624733475,83.58208955,1.70575693,4.051172708,1.492537313
遯窩遺稿,楊宗楷,1744,1815,1779,0,16.35883905,3.957783641,66.49076517,12.40105541,0.263852243,0.527704485
?窩集,李逸協,1750,1808,1779,0,0,9.708737864,48.54368932,0,39.80582524,1.941747573
晩寓齋文集,琴英澤,1739,1820,1779,0,2.356902357,2.02020202,95.28619529,0,0.336700337,0
忍窩文集,李述賢,1736,1822,1779,0,3.731343284,2.985074627,79.10447761,8.208955224,5.970149254,0
稼隱集,成彦根,1740,1818,1779,0,5.85106383,6.382978723,72.34042553,6.382978723,6.914893617,2.127659574
癡庵集,南景羲,1748,1812,1780,0,7.130730051,6.62139219,64.51612903,5.432937182,10.86587436,5.432937182
懼菴集,李樹仁,1739,1822,1780,0,5.298013245,3.973509934,78.58719647,5.518763797,4.194260486,2.428256071
四名子詩集,車佐一,1753,1809,1781,0,0,0.714285714,99.28571429,0,0,0
思亭集,崔基大,1750,1813,1781,0,7.228915663,6.626506024,77.71084337,2.409638554,5.421686747,0.602409639
東?集,金養根,1754,1809,1781,0,6.237006237,6.029106029,67.98336798,7.9002079,6.860706861,4.98960499
貞窩先生文集,黃龍漢,1744,1818,1781,0,9.607843137,5.882352941,73.33333333,3.725490196,1.176470588,6.274509804
水村集,高廷鳳,1743,1822,1782,0,10.95890411,2.739726027,78.08219178,0,5.936073059,2.283105023
葛山集,權宗洛,1745,1819,1782,0,0.99009901,2.97029703,87.12871287,6.930693069,1.98019802,0
華泉集,李采,1745,1820,1782,0,23.38204593,5.636743215,45.09394572,13.15240084,2.505219207,10.22964509
養正齋遺稿,李福謙,1744,1823,1783,0,0,1.19760479,98.80239521,0,0,0
壺谷集,柳範休,1744,1823,1783,0,75.72463768,7.971014493,3.985507246,2.898550725,1.811594203,7.608695652
晩軒遺稿,盧國賓,1747,1821,1784,0,6.701030928,1.546391753,79.89690722,6.701030928,5.154639175,0
明庵文集,都禹璟,1755,1813,1784,0,9.090909091,2.371541502,58.1027668,14.22924901,13.43873518,2.766798419
竹麓遺稿,尹孝寬,1745,1823,1784,0,0,9.230769231,75.38461538,11.28205128,1.025641026,3.076923077
黃坡遺稿,崔愼之,1748,1822,1785,0,7.352941176,0.735294118,79.41176471,4.411764706,8.088235294,0
太湖集,洪元燮,1750,1820,1785,0,3.680981595,7.055214724,70.85889571,11.96319018,4.601226994,1.840490798
槐泉先生文集,柳汶龍,1753,1821,1787,0,12.44813278,5.809128631,63.48547718,12.44813278,4.149377593,1.659751037
質庵文集,崔璧,1762,1813,1787,0,12.06896552,4.310344828,39.65517241,10.34482759,31.89655172,1.724137931
道村遺稿,金仁恒,1749,1828,1788,0,0,4.371584699,91.2568306,0.546448087,2.732240437,1.092896175
下廬先生文集,黃德吉,1750,1827,1788,0,19.1011236,21.06741573,30.05617978,0,12.92134831,16.85393258
杏亭文集,李之翰,1749,1827,1788,0,0.436681223,0.436681223,97.81659389,0.873362445,0.436681223,0
疎翁遺稿,成德雨,1752,1827,1789,0,4.149377593,1.244813278,78.42323651,6.639004149,2.489626556,7.053941909
鵝湖遺藁,金輝運(熙運),1756,1823,1789,0,0,1.5625,96.09375,0.78125,1.5625,0
一?遺稿,金相日(相彦),1756,1822,1789,0,0,2.166064982,93.14079422,1.444043321,3.249097473,0
思軒文集,鄭來成,1744,1835,1789,0,10.3286385,7.981220657,59.15492958,14.55399061,7.042253521,0.938967136
甘華文集,李鼎益,1753,1826,1789,0,1.204819277,1.927710843,87.46987952,5.060240964,3.614457831,0.722891566
悅菴文集,夏時贊,1750,1828,1789,0,21.38728324,4.335260116,59.8265896,7.514450867,5.780346821,1.156069364
士農窩文集,河益範,1767,1813,1790,0,6.034482759,1.724137931,76.72413793,14.65517241,0,0.862068966
菁川家稿,柳正鐸,1752,1829,1790,0,9.665427509,1.858736059,74.72118959,8.550185874,1.486988848,3.717472119
石淵文集,李禹世,1751,1830,1790,0,15.33742331,7.975460123,37.42331288,23.92638037,6.748466258,8.588957055
誠齋先生文集,南漢?(漢濯),1760,1821,1790,0,79.76878613,2.89017341,8.670520231,8.670520231,0,0
弦窩集,尹東野,1757,1827,1792,0,14.77272727,5.681818182,69.03409091,7.670454545,2.272727273,0.568181818
一一齋先生文集,金是瓚,1754,1831,1792,0,4.214559387,3.448275862,79.69348659,9.195402299,0.766283525,2.681992337
南皐先生文集,李志容,1753,1831,1792,0,10.03134796,0.626959248,84.95297806,1.567398119,0.940438871,1.880877743
屛湖世稿,柳文奎,1759,1828,1793,0,16.83168317,4.455445545,69.8019802,8.415841584,0.495049505,0
後溪集,李?淳,1754,1832,1793,0,14.90196078,8.235294118,68.62745098,5.098039216,1.176470588,1.960784314
籠潭集,申昌朝,1753,1833,1793,0,15.34090909,7.386363636,57.38636364,8.522727273,7.954545455,3.409090909
農山集,李匡德(慶源),1762,1824,1793,0,17.42424242,3.03030303,65.53030303,3.409090909,9.848484848,0.757575758
雲窩遺稿,鄭弘規,1753,1836,1794,0,0,0,99.16666667,0,0,0.833333333
?庵文集,許[?+岡],1766,1822,1794,0,12.32876712,1.712328767,79.10958904,0,6.164383562,0.684931507
溪堂集,鄭悔燦,1759,1831,1795,0,0.158730159,3.015873016,93.17460317,1.428571429,1.746031746,0.476190476
俗隱齋文集,李龜星(龜疇),1756,1835,1795,0,10.86261981,4.47284345,79.87220447,0.958466454,2.555910543,1.277955272
新野先生文集,李仁行,1758,1833,1795,0,11.78781925,10.60903733,60.70726916,4.911591356,4.911591356,7.072691552
魯菴先生文集,鄭必奎,1760,1831,1795,0,43.79310345,7.931034483,33.79310345,5.172413793,1.379310345,7.931034483
素隱集,柳炳文,1766,1826,1796,0,13.96226415,6.037735849,67.16981132,6.037735849,1.886792453,4.905660377
基谷雜記,韓履源,1766,1827,1796,0,2.362204724,7.086614173,50.39370079,11.81102362,9.448818898,18.8976378
三洲文集二,申顥仁,1762,1832,1797,0,19.16010499,2.624671916,64.04199475,6.036745407,4.724409449,3.412073491
獨山先生文集,金宗奎,1765,1830,1797,0,15.91836735,3.673469388,68.97959184,8.979591837,2.448979592,0
蒼廬集,李鼎基,1759,1836,1797,0,5.327868852,4.918032787,73.7704918,6.557377049,4.918032787,4.508196721
老洲集,吳熙常,1763,1833,1798,0,69.68973747,7.398568019,0,7.159904535,1.193317422,14.55847255
剛齋先生集,宋穉圭,1759,1838,1798,0,23.95833333,27.34375,12.23958333,4.6875,5.46875,26.30208333
江皐先生文集,柳尋春,1762,1834,1798,0,34.53947368,7.072368421,23.84868421,20.06578947,2.467105263,12.00657895
楓皐集,金祖淳,1765,1832,1798,0,3.651987111,2.255639098,85.28464017,2.148227712,1.825993555,4.833512352
謹庵集,康儼,1766,1833,1799,0,14.95327103,0,75.70093458,3.738317757,2.336448598,3.271028037
石窩集,權褘,1762,1836,1799,0,9.478672986,1.421800948,79.62085308,6.63507109,1.895734597,0.947867299
東泉文集,文正儒,1761,1839,1800,0,14.87889273,0.692041522,64.70588235,17.99307958,1.730103806,0
鶴棲先生文集,柳台佐,1763,1837,1800,0,9.433962264,9.669811321,47.64150943,15.33018868,3.066037736,14.85849057
錦西軒先生文集,朴光輔,1761,1839,1800,0,8.333333333,3.888888889,71.66666667,15.55555556,0,0.555555556
好古窩先生文集,柳徽文,1773,1827,1800,0,22.82828283,2.626262626,67.87878788,3.232323232,2.424242424,1.01010101
訥窩文集,李若烈,1765,1836,1800,0,14.25531915,3.191489362,76.80851064,3.829787234,1.063829787,0.85106383
歸恩堂集,南公轍,1760,1840,1800,0,3.333333333,21.11111111,53.7037037,2.222222222,4.444444444,15.18518519
恬窩遺稿,趙星臣,1765,1835,1800,0,4.115226337,0.411522634,92.59259259,2.469135802,0.411522634,0
槐軒集,金瑩,1765,1840,1802,0,8,3,82.33333333,3,3.333333333,0.333333333
滄溟遺稿,柳日榮,1767,1837,1802,0,1.650943396,5.660377358,83.49056604,3.537735849,3.773584906,1.886792453
東谷遺稿,李復淵,1768,1836,1802,0,1.739130435,8.695652174,82.60869565,0.869565217,0.869565217,5.217391304
秋齋集,趙秀三,1762,1844,1803,0,0.886075949,1.64556962,91.89873418,0,4.810126582,0.759493671
所庵先生文集,李廷佑(慶濬),1764,1843,1803,0,17.97752809,3.370786517,62.35955056,9.550561798,3.93258427,2.808988764
仙谷遺稿,朴建中,1766,1841,1803,0,44.90238612,2.169197397,51.19305857,0,0,1.735357918
白下先生文集,黃磻老,1766,1840,1803,0,10.65989848,4.822335025,68.27411168,9.137055838,1.776649746,5.329949239
松西先生文集,姜橒,1773,1834,1803,0,15.90106007,2.120141343,69.25795053,7.4204947,3.886925795,1.413427562
松西先生文集續集,姜橒,1773,1834,1803,0,100,0,0,0,0,0
逸圃集,朴時遠,1764,1842,1803,0,2.590673575,7.772020725,66.32124352,9.844559585,10.88082902,2.590673575
老圃文集,朴光錫,1764,1845,1804,0,7.661290323,4.435483871,77.82258065,5.241935484,2.419354839,2.419354839
省齋文集,孫綸九,1768,1843,1805,0,2.521008403,5.882352941,59.66386555,14.28571429,7.56302521,10.08403361
寒松齋先生文集,李楨輔,1766,1845,1805,0,25.19083969,4.580152672,43.51145038,17.55725191,6.870229008,2.290076336
耳宰窩集,崔昇羽(鴻羽),1770,1841,1805,0,1.086956522,4.528985507,89.85507246,0,3.442028986,1.086956522
草湖遺集,許纘(仗),1776,1835,1805,0,14.38848921,5.755395683,76.25899281,2.877697842,0.71942446,0
東士逸稿,宋文弼,1795,1818,1806,0,0,1.428571429,98.57142857,0,0,0
華棲集,金學淳,1767,1845,1806,0,0,1.412429379,90.11299435,6.779661017,0.282485876,1.412429379
顧齋集,河景賢,1779,1833,1806,0,6.07028754,4.153354633,74.44089457,7.028753994,2.875399361,5.431309904
霞溪文集,李家淳,1768,1844,1806,0,2.691924227,3.090727817,82.55234297,4.885343968,2.492522433,4.287138584
海隱別稿,姜必孝,1764,1848,1806,0,16.51651652,52.55255255,24.02402402,0,6.906906907,0
海隱遺稿(遺事),姜必孝,1764,1848,1806,0,26.76056338,14.08450704,32.62910798,4.225352113,7.746478873,14.55399061
靜修齋遺稿,金應夏,1783,1830,1806,0,2.010050251,5.025125628,73.86934673,4.522613065,14.57286432,0
晩觀齋文集,權炤,1774,1841,1807,0,16.99029126,2.912621359,58.73786408,3.883495146,16.50485437,0.970873786
望賢齋先生文集,朴民翰,1778,1837,1807,0,5.454545455,1.818181818,84.09090909,5.909090909,2.727272727,0
老圃集,白時源,1776,1839,1807,0,8.713692946,7.883817427,73.65145228,3.734439834,3.319502075,2.697095436
老圃先生文集附錄,白時源,1776,1839,1807,0,15.38461538,14.28571429,53.11355311,6.593406593,5.860805861,4.761904762
臺山集,金邁淳,1776,1840,1808,0,5.133470226,10.06160164,74.12731006,3.696098563,2.258726899,4.722792608
淵泉集,洪奭周,1774,1842,1808,0,3.649635036,33.57664234,48.90510949,0,5.839416058,8.02919708
晩聞遺稿,林萬彙,1783,1834,1808,0,3.246753247,0.649350649,90.25974026,4.545454545,1.298701299,0
初庵集,金憲基,1774,1842,1808,0,11.68831169,5.714285714,55.58441558,8.831168831,1.558441558,16.62337662
松塢遺稿,趙根復,1782,1837,1809,0,7.428571429,1.714285714,77.71428571,6.285714286,6.857142857,0
守軒先生文集,柳懿睦,1785,1833,1809,0,19.32773109,5.882352941,40.33613445,21.8487395,9.243697479,3.361344538
雲谷先生文集,李羲發(英發),1768,1850,1809,0,15.57788945,7.286432161,54.77386935,9.798994975,6.281407035,6.281407035
鶴陽先生文集,朴慶家,1780,1841,1810,0,12.20472441,9.448818898,60.23622047,6.692913386,8.661417323,2.755905512
容窩集,河晉賢,1776,1846,1811,0,1.030927835,9.621993127,86.59793814,0,1.718213058,1.030927835
?山文集,文海龜,1776,1849,1812,0,18.14946619,2.846975089,70.46263345,4.270462633,2.135231317,2.135231317
弦窩遺集,李遠欽,1779,1845,1812,0,8.196721311,4.918032787,77.04918033,3.278688525,5.737704918,0.819672131
槐菴文集,姜導,1793,1831,1812,0,4.347826087,0.869565217,91.30434783,2.608695652,0.869565217,0
東淵集,鄭伯休,1781,1843,1812,0,24.83660131,1.307189542,60.78431373,13.07189542,0,0
東淵文集,鄭伯休,1781,1843,1812,0,24.34210526,1.315789474,61.18421053,13.15789474,0,0
棄菴集,安國弼,1784,1843,1813,0,3.164556962,5.063291139,80.37974684,8.227848101,2.53164557,0.632911392
南皐文集,宋奎弼,1780,1847,1813,0,6.188118812,0.495049505,87.37623762,4.207920792,1.237623762,0.495049505
屛巖文集,李圭執,1779,1848,1813,0,15.17857143,0.892857143,70.53571429,0,13.39285714,0
梅山先生文集,洪直弼,1776,1852,1814,0,42.64705882,4.077540107,35.42780749,2.072192513,2.139037433,13.63636364
无憫齋文集,李時養,1770,1860,1815,0,14.67181467,1.930501931,71.81467181,9.266409266,0.772200772,1.544401544
五峰遺稿,安壽祿,1776,1857,1816,0,31.70731707,5.226480836,54.00696864,3.484320557,2.787456446,2.787456446
雲石遺稿,趙寅永,1782,1850,1816,0,0,6.908462867,76.33851468,2.590673575,4.14507772,10.01727116
恒軒遺稿,柳敬基,1784,1849,1816,0,14.58333333,4.166666667,73.17708333,1.822916667,5.729166667,0.520833333
梅村文集,琴詩述,1783,1851,1817,0,8.733624454,2.620087336,76.8558952,6.550218341,2.183406114,3.056768559
梧淵集,金冕運(勉運),1775,1861,1818,0,29.14572864,7.537688442,57.28643216,0,4.020100503,2.010050251
雲鶴集,黃允中,1782,1855,1818,0,1.730103806,0.346020761,94.46366782,0.692041522,2.422145329,0.346020761
四愚齋集,申允模,1784,1853,1818,0,0.735294118,4.411764706,88.23529412,0.735294118,5.882352941,0
病窩遺稿,宋心明,1788,1850,1819,0,4.310344828,4.310344828,56.89655172,2.586206897,31.89655172,0
定齋先生文集續集,柳致明,1777,1861,1819,0,57.80487805,17.56097561,3.414634146,5.12195122,2.195121951,13.90243902
定齋先生文集,柳致明,1777,1861,1819,0,58.14814815,13.45679012,2.345679012,3.456790123,2.222222222,20.37037037
慕亭先生文集,李蓍秀,1790,1849,1819,0,27.86885246,4.918032787,54.91803279,6.284153005,3.005464481,3.005464481
竹崖集,池錫胤,1783,1856,1819,0,0.41322314,4.958677686,90.49586777,0,4.132231405,0
?坡文集,權錫晦,1789,1851,1820,0,7.189542484,2.614379085,81.69934641,3.921568627,4.575163399,0
柳下遺稿,姜泰重,1778,1862,1820,0,24.93573265,2.313624679,53.34190231,10.53984576,4.370179949,4.498714653
松窩遺稿,崔纘,1777,1863,1820,0,0,0.357142857,94.28571429,4.285714286,1.071428571,0
遯齋遺稿,金光佶,1789,1851,1820,0,1.327433628,8.407079646,63.27433628,3.982300885,14.60176991,8.407079646
屯塢集,林宗七,1781,1859,1820,0,36.05769231,7.692307692,30.28846154,5.288461538,0,20.67307692
阮堂先生全集,金正喜,1786,1856,1821,0,10.17274472,8.445297505,74.66410749,0.767754319,5.75815739,0.19193858
香塢文集,崔尙遠,1780,1863,1821,0,9.523809524,1.058201058,86.24338624,3.174603175,0,0
勉庵集,安英老,1797,1846,1821,0,11.76470588,7.058823529,65.88235294,5.294117647,8.823529412,1.176470588
敬菴先生文集,李漢膺,1778,1864,1821,0,17.57322176,2.719665272,68.20083682,2.719665272,2.092050209,6.694560669
覃?齋詩藁,金正喜,1786,1856,1821,0,0,0.523560209,99.47643979,0,0,0
餘力齋集,張憲周,1777,1867,1822,0,32.86384977,7.042253521,40.84507042,0.938967136,7.746478873,10.56338028
江海集,金佐永,1789,1856,1822,0,26.61870504,3.597122302,51.79856115,14.38848921,3.597122302,0
晩悔軒文集,金建銖,1790,1854,1822,0,3.714285714,6,74.57142857,6.285714286,6.571428571,2.857142857
寶山集,韓哲浩,1782,1862,1822,0,4.07239819,2.714932127,88.68778281,1.357466063,2.714932127,0.452488688
素窩文集,金鎭宇,1786,1859,1822,0,11.51832461,1.832460733,79.58115183,4.188481675,1.570680628,1.308900524
茶泉集,司空檍,1805,1841,1823,0,2.686567164,0.597014925,91.94029851,1.194029851,2.686567164,0.895522388
月浦集,李佑贇,1792,1855,1823,0,24.74747475,4.545454545,57.57575758,6.060606061,3.03030303,4.04040404
小隱文集,柳致球,1793,1854,1823,0,16.42857143,12.85714286,49.28571429,13.57142857,4.285714286,3.571428571
晩義集,梁進永,1788,1859,1823,0,1.985981308,4.556074766,86.3317757,0.35046729,6.542056075,0.23364486
古溪文集,李彙寧,1788,1861,1824,0,9.157509158,26.73992674,46.15384615,4.761904762,2.197802198,10.98901099
羅窩遺集,金礪行,1790,1859,1824,0,5.93220339,9.322033898,71.18644068,5.084745763,8.474576271,0
書巢先生文集,金宗烋,1783,1866,1824,0,4.545454545,3.409090909,66.47727273,13.63636364,5.113636364,6.818181818
農窩遺集,權得錘,1788,1860,1824,0,0,0.806451613,87.90322581,5.64516129,5.64516129,0
松厓集,崔虎文,1800,1850,1825,0,49.25373134,1.492537313,41.04477612,2.23880597,5.223880597,0.746268657
篁巖文集,金鎭河,1786,1865,1825,0,8.741258741,4.895104895,69.23076923,8.741258741,5.944055944,2.447552448
竹塢先生文集,河範運,1792,1858,1825,0,13.04347826,2.173913043,70.65217391,5.97826087,4.347826087,3.804347826
錦洲文集,高夢贊,1793,1858,1825,0,13.52657005,2.898550725,62.80193237,10.14492754,10.62801932,0
南棲集,柳聖文,1798,1852,1825,0,0,0.714285714,99.28571429,0,0,0
直菴先生文集,南履穆,1792,1858,1825,0,31.05022831,6.392694064,35.61643836,11.41552511,5.02283105,10.50228311
晩寤遺稿,申晉運,1789,1862,1825,0,1.515151515,2.525252525,92.92929293,1.515151515,0.505050505,1.01010101
石洲文集,申弘遠,1787,1865,1826,0,22.26086957,5.217391304,56.17391304,6.434782609,6.434782609,3.47826087
思窩集,柳宜貞,1794,1861,1827,0,19.87179487,5.128205128,70.51282051,3.205128205,0.641025641,0.641025641
日省齋遺稿,權處愚,1797,1858,1827,0,8.041958042,1.398601399,79.37062937,8.041958042,2.097902098,1.048951049
農廬集,姜獻奎,1797,1860,1828,0,12.19512195,10.67073171,61.2804878,5.792682927,5.792682927,4.268292683
經山集,鄭元容,1783,1873,1828,0,1.818181818,5,73.18181818,3.863636364,3.863636364,12.27272727
龜岡先生文集,李懿秀,1805,1851,1828,0,22.01257862,5.34591195,62.26415094,4.402515723,3.773584906,2.201257862
歸園遺集,黃起源,1794,1862,1828,0,0,3.6,96,0,0,0.4
肅欠齋詩?,卞鍾運,1790,1866,1828,0,0,1.568627451,98.43137255,0,0,0
錦谷先生文集,宋來熙,1791,1867,1829,0,29.29824561,16.49122807,30,3.333333333,3.333333333,17.54385965
木澗文集,趙淵復,1790,1868,1829,0,8.450704225,0.281690141,74.92957746,12.3943662,3.38028169,0.563380282
蘆下聯芳集,金廷鳳,1808,1851,1829,0,3.405572755,0.92879257,89.78328173,0.92879257,4.024767802,0.92879257
鳳棲集,兪莘煥,1801,1859,1830,0,29.6875,18.75,3.125,5.46875,26.5625,16.40625
玄坡遺稿,姜漢奎,1810,1850,1830,0,25.83732057,0,56.93779904,16.74641148,0,0.4784689
谿栖文集,李晩淑,1810,1851,1830,0,17.09401709,5.128205128,71.79487179,3.418803419,1.709401709,0.854700855
晩松集,韓南敎,1800,1862,1831,0,18.8,0.8,74,4,2.4,0
素無軒文集,琴書述,1791,1872,1831,0,10.86956522,4.782608696,73.04347826,7.391304348,0.434782609,3.47826087
竹軒遺稿,崔翰周,1794,1869,1831,0,0,0.81300813,96.74796748,1.62601626,0.81300813,0
晩松集,韓南敎(敎鶴),1800,1862,1831,0,19.36758893,1.185770751,73.12252964,3.95256917,2.371541502,0
東林集,柳致?,1800,1862,1831,0,19.27272727,5.090909091,65.27272727,3.272727273,3.272727273,3.818181818
蓮坡詩抄,金進洙,1797,1865,1831,0,0,0.546448087,99.45355191,0,0,0
凝窩先生文集,李源祚,1792,1872,1832,0,10.76759062,13.43283582,54.58422175,3.411513859,7.782515991,10.02132196
白樵遺稿,姜鎭,1799,1865,1832,0,44.79166667,0.347222222,27.43055556,25.69444444,0.694444444,1.041666667
菊圃逸稿,李翼萬,1795,1870,1832,0,18.62745098,6.862745098,61.76470588,11.76470588,0.980392157,0
守宗齋集,宋達洙,1808,1858,1833,0,32.44274809,20.99236641,27.09923664,3.816793893,4.580152672,11.06870229
夏園詩?,鄭芝潤,1808,1858,1833,0,0,0.961538462,99.03846154,0,0,0
鶴皐文集,金錫熙,1804,1862,1833,0,23.66863905,10.0591716,57.3964497,3.550295858,5.325443787,0
定軒先生文集,李鍾祥,1799,1870,1834,0,29.47598253,9.388646288,46.94323144,2.620087336,1.528384279,10.04366812
柳溪集,姜命奎,1801,1867,1834,0,24.28571429,17.61904762,21.9047619,14.28571429,8.571428571,13.33333333
老雲文集,洪?,1804,1865,1834,0,1.033973412,0.738552437,93.50073855,2.067946824,2.658788774,0
恩誦堂集(詩集),李尙迪,1804,1865,1834,0,0,0,100,0,0,0
恩誦堂集(續集),李尙迪,1804,1865,1834,0,0,0.276243094,99.72375691,0,0,0
江海文集,張心學,1804,1865,1834,0,3.246753247,2.597402597,85.71428571,1.948051948,5.194805195,1.298701299
雲山文集,李彙載,1795,1875,1835,0,18.39285714,9.285714286,53.75,3.928571429,4.464285714,10.17857143
東阿先生文集,李濟永,1799,1871,1835,0,9.510086455,4.899135447,77.80979827,5.475504323,1.44092219,0.864553314
吾山先生文集,崔台鎭,1804,1867,1835,0,34.56375839,2.348993289,45.97315436,7.046979866,8.389261745,1.677852349
漢南遺稿,金圭采,1791,1879,1835,0,13.79310345,11.20689655,46.55172414,12.06896552,10.34482759,6.034482759
莊庵逸稿,鄭蓍休,1800,1871,1835,0,10.61946903,1.769911504,70.79646018,13.27433628,3.539823009,0
德隱文集,呂大驃,1802,1869,1835,0,17.09401709,3.418803419,72.64957265,5.128205128,1.709401709,0
晩浦集,安瑜重,1802,1868,1835,0,60.37735849,2.830188679,13.20754717,16.98113208,2.830188679,3.773584906
訂窩先生文集,金岱鎭,1800,1871,1835,0,16.52173913,10.43478261,51.01449275,5.507246377,3.47826087,13.04347826
藏園先生遺稿,黃源善,1798,1873,1835,0,11.22913505,4.552352049,71.92716237,9.104704097,2.731411229,0.455235205
菊隱遺稿,林應聲,1806,1865,1835,0,1.395348837,0.465116279,95.34883721,2.790697674,0,0
龍耳窩集,權뢰,1800,1873,1836,0,4.232804233,6.349206349,79.1005291,4.232804233,4.761904762,1.322751323
復齋文集,李彙濬,1806,1867,1836,0,8.088235294,5.147058824,81.98529412,1.102941176,1.102941176,2.573529412
泉齋文集,申弼欽,1806,1866,1836,0,16.16915423,4.726368159,68.90547264,5.223880597,3.731343284,1.243781095
柱峰集,鄭昌來,1798,1875,1836,0,5.882352941,6.334841629,77.8280543,0,6.334841629,3.619909502
龜陰集,金光壽,1801,1871,1836,0,6.766917293,0,84.58646617,7.894736842,0,0.751879699
老圃遺稿,鄭冕奎,1804,1868,1836,0,6.930693069,0.99009901,90.0990099,0,1.98019802,0
聽水軒遺稿,尹鳳翰,1807,1867,1837,0,0.847457627,5.93220339,86.44067797,0.847457627,5.93220339,0
荷潭文集,趙彦觀,1805,1870,1837,0,15.42288557,1.990049751,67.66169154,9.452736318,2.985074627,2.487562189
松圃集,李昺一,1801,1873,1837,0,0,0.401606426,99.59839357,0,0,0
蘆沙集,奇正鎭,1798,1878,1838,0,31.70466884,22.47557003,28.01302932,0.651465798,10.2062975,6.948968512
晩悔軒遺稿,申直模,1804,1873,1838,0,6.194690265,4.424778761,80.53097345,0,5.309734513,3.539823009
商山先生文集,池德鵬(祥馹),1804,1872,1838,0,3.426791277,1.557632399,88.78504673,0.934579439,5.295950156,0
菊伴集,呂應奎,1800,1876,1838,0,33.08823529,8.823529412,31.61764706,12.5,6.617647059,7.352941176
弦窩文集,朴奎昊(奎東),1800,1876,1838,0,3.2,0.8,78.4,17.6,0,0
澹人先生文集,申佐模,1799,1877,1838,0,15.89861751,4.147465438,72.81105991,4.953917051,1.728110599,0.460829493
菊農遺集,姜峻馨,1801,1875,1838,0,10.40462428,2.312138728,78.61271676,8.670520231,0,0
畏庵文集,金道明,1803,1873,1838,0,16.14583333,11.97916667,52.60416667,12.5,4.6875,2.083333333
危齋文集,趙相悳,1808,1870,1839,0,32.91925466,3.726708075,44.72049689,13.66459627,4.347826087,0.621118012
進菴先生文集,鄭土喬,1799,1879,1839,0,33.41902314,13.11053985,40.61696658,0,3.598971722,9.254498715
絅齋先生文集,崔祥純,1814,1865,1839,0,53.33333333,2.5,31.66666667,10.83333333,0.833333333,0.833333333
習靜齋遺稿,鄭國豊,1802,1877,1839,0,0,5.04587156,88.53211009,0.458715596,2.293577982,3.669724771
山泉集,朴周鍾,1803,1877,1840,0,22.22222222,4.308390023,50.11337868,14.51247166,3.174603175,5.66893424
圭齋遺藁,南秉哲,1817,1863,1840,0,0,8.547008547,80.34188034,0.854700855,9.829059829,0.427350427
小心齋集,盧龍圭,1808,1872,1840,0,28.18181818,16.36363636,50.90909091,0,2.727272727,1.818181818
西坡文集,李以斗,1807,1873,1840,0,2.222222222,0.740740741,96.2962963,0.740740741,0,0
龜厓集,曺克承,1803,1877,1840,0,36.66666667,5.416666667,48.33333333,7.083333333,2.083333333,0.416666667
性齋先生文集續編,許傳,1797,1886,1841,0,39.33333333,19.33333333,34.66666667,0,6.666666667,0
性齋集,許傳,1797,1886,1841,0,9.428571429,15.71428571,23.42857143,1.80952381,26.57142857,23.04761905
箕疇遺集,鄭民秉,1800,1882,1841,0,25.18248175,4.379562044,58.75912409,10.2189781,0.364963504,1.094890511
?齋集,朴珪壽,1807,1876,1841,0,25,10.18518519,54.62962963,2.777777778,0,7.407407407
西湖先生文集,沈奎澤,1812,1871,1841,0,14.28571429,3.948896632,77.58420441,3.019744483,0.929152149,0.232288037
東岡集,辛鶴祚,1807,1876,1841,0,0,1.001669449,98.99833055,0,0,0
警庵遺稿,張榮根,1805,1878,1841,0,0,1.904761905,93.33333333,0,4.761904762,0
皎亭先生詩集,玄鎰,1807,1876,1841,0,0,0,100,0,0,0
涵弘堂集,致能,1805,1878,1841,0,7.6,2,88.4,0,2,0
溪堂先生文集,柳疇睦,1813,1872,1842,0,45.8781362,18.8172043,15.59139785,4.121863799,4.838709677,10.75268817
惠山集,李祥奎,1804,1881,1842,0,22.06654991,3.064798599,60.33274956,3.940455342,7.355516637,3.239929947
滄州遺稿,李祥奎,1804,1881,1842,0,4.166666667,10.83333333,40,10,35,0
鼓山先生續集,任憲晦,1811,1876,1843,0,24.5,13.5,8,2,18.5,33.5
鼓山先生文集,任憲晦,1811,1876,1843,0,46.13297151,8.412483039,22.93080054,2.578018996,4.47761194,15.46811398
夢關集,崔惟允,1809,1877,1843,0,40.29850746,4.47761194,55.2238806,0,0,0
竹坡集,李漢喆,1809,1878,1843,0,14.81481481,0.740740741,76.2962963,2.962962963,4.444444444,0.740740741
竹坡遺集,梁宜永,1816,1870,1843,0,1.449275362,2.173913043,90.57971014,2.898550725,2.173913043,0.724637681
月村先生續集,河達弘,1809,1877,1843,0,0,0,100,0,0,0
月村先生文集,河達弘,1809,1877,1843,0,5.054151625,3.48977136,85.80024067,1.925391095,3.369434416,0.36101083
時庵集,南皐(宅煥),1807,1879,1843,0,15.815486,5.271828666,68.53377265,6.095551895,2.965403624,1.317957166
晩喜堂文集,權錫璘,1803,1884,1843,0,3.367003367,1.01010101,77.77777778,1.01010101,16.83501684,0
愼庵文集,李晩慤,1815,1874,1844,0,43.34975369,2.955665025,38.91625616,4.926108374,2.955665025,6.896551724
鳳下文集,宋鴻翼,1802,1887,1844,0,11.91489362,4.255319149,77.44680851,3.829787234,1.276595745,1.276595745
雲岡集,朴時?,1814,1875,1844,0,41.32231405,5.785123967,35.53719008,4.545454545,8.26446281,4.545454545
三山文集,金廷麟,1810,1879,1844,0,2.962962963,1.111111111,88.88888889,1.111111111,4.814814815,1.111111111
華郊遺稿,曺鳳?,1805,1883,1844,0,0,3.082191781,96.91780822,0,0,0
拙菴遺稿,徐玳淳,1810,1879,1844,0,2.53164557,2.53164557,93.67088608,0,1.265822785,0
壺山居士遺稿,魏河祚,1809,1881,1845,0,1.324503311,1.986754967,96.02649007,0,0.662251656,0
沙厓先生文集,閔?顯,1808,1882,1845,0,18.8449848,2.73556231,71.42857143,1.215805471,3.951367781,1.823708207
柏後集,金基洙,1818,1873,1845,0,23.87387387,0.900900901,70.4954955,3.153153153,1.126126126,0.45045045
老山文集,南秉仁,1817,1874,1845,0,21.36752137,0.854700855,71.79487179,4.273504274,1.709401709,0
肯庵先生文集,李敦禹,1807,1884,1845,0,33.27171904,12.3844732,20.88724584,5.914972274,5.73012939,21.81146026
?庵文集,裴克紹,1819,1871,1845,0,22.63513514,3.716216216,63.85135135,5.067567568,3.378378378,1.351351351
介隱遺稿,鄭在箕,1811,1879,1845,0,10.96774194,9.032258065,63.22580645,6.451612903,8.387096774,1.935483871
六玩堂集,李豊翼,1804,1887,1845,0,0,0.994318182,90.48295455,1.136363636,7.102272727,0.284090909
肯播齋文集,權翰成,1811,1879,1845,0,0,1.630434783,91.84782609,4.891304348,1.630434783,0
菊隱集,李悅,1810,1880,1845,0,0.985221675,4.926108374,89.16256158,0,4.433497537,0.492610837
酉澗先生文集,朴熙典,1803,1888,1845,0,20.54054054,7.567567568,62.7027027,7.567567568,1.621621622,0
南坡集,李僖錫,1804,1889,1846,0,9.198813056,4.747774481,79.22848665,2.077151335,3.560830861,1.18694362
遯窩遺稿,金東權,1816,1877,1846,0,0,0.900900901,99.0990991,0,0,0
孝處堂遺稿,郭杓,1818,1875,1846,0,20,3.076923077,73.84615385,3.076923077,0,0
達澗文集,金城鎭(夏鎭),1822,1870,1846,0,17.24137931,1.149425287,75.28735632,6.32183908,0,0
松隱遺稿,李吾周,1809,1883,1846,0,9.871244635,4.291845494,70.81545064,12.44635193,2.145922747,0.429184549
棄?文集,金應楗,1808,1885,1846,0,25,1.666666667,62.22222222,10.55555556,0.555555556,0
絅晦遺稿,李鍾和,1813,1881,1847,0,17.46031746,3.968253968,32.53968254,0,46.03174603,0
逸軒先生文集,鄭五錫,1826,1869,1847,0,29.10958904,1.712328767,54.79452055,4.452054795,5.821917808,4.109589041
晩松堂文集,李鍾和,1813,1881,1847,0,4.575163399,1.960784314,76.47058824,11.76470588,3.921568627,1.307189542
竹林集,"黃基源(起漢, 處源)",1817,1879,1848,0,0,0,100,0,0,0
耐軒文集,李在永,1804,1892,1848,0,14.69387755,4.897959184,51.83673469,14.28571429,1.632653061,12.65306122
奇溪先生文集,金魯善,1811,1886,1848,0,17.76155718,3.163017032,62.28710462,11.92214112,3.163017032,1.703163017
心齋集,李崑壽(崑璲),1808,1888,1848,0,1.247401247,2.494802495,93.97089397,0.415800416,1.455301455,0.415800416
雙峰集,李尙斗,1814,1882,1848,0,4.738154613,2.743142145,78.05486284,4.488778055,9.226932668,0.748129676
松坡遺稿,李喜豊,1813,1886,1849,0,0,1.129943503,98.8700565,0,0,0
紫皐遺稿,李在康,1814,1884,1849,0,1.041666667,0,83.85416667,11.45833333,3.645833333,0
洛北文集,李在哲,1812,1887,1849,0,2.702702703,6.486486486,75.67567568,9.189189189,3.243243243,2.702702703
畏庵文集,權錫璋,1813,1885,1849,0,23.48484848,8.333333333,45.45454545,14.39393939,8.333333333,0
復齋遺稿,姜楗,1817,1881,1849,0,83.48623853,0,16.51376147,0,0,0
西谿文集,金在燦(燦圭),1811,1888,1849,0,12.03438395,1.146131805,79.36962751,5.157593123,1.719197708,0.573065903
松皐文集,權靖夏,1806,1892,1849,0,21.25984252,1.57480315,49.60629921,18.11023622,2.362204724,7.086614173
橘隱齋遺稿,金瀏,1814,1884,1849,0,0,2.617801047,91.36125654,1.832460733,4.188481675,0
不知庵文集,裴錫一,1813,1888,1850,0,6.790123457,6.172839506,81.48148148,1.234567901,2.469135802,1.851851852
顧軒先生文集,鄭來錫,1808,1893,1850,0,19.38202247,10.95505618,43.25842697,3.651685393,14.04494382,8.707865169
雲皐集,金在,1808,1893,1850,0,5.208333333,1.041666667,78.64583333,2.34375,11.71875,1.041666667
琴溪集,趙祐植,1833,1867,1850,0,2.325581395,2.325581395,93.79844961,0.775193798,0.775193798,0
冬郞集,韓致元,1821,1881,1851,0,0,0,100,0,0,0
嘉梧藁略,李裕元,1814,1888,1851,0,0,0,100,0,0,0
慕亭逸稿,邊熙龍(熙準),1820,1882,1851,0,4.838709677,1.612903226,66.12903226,9.677419355,17.74193548,0
?堂集,李象秀,1820,1882,1851,0,10.670194,8.553791887,62.78659612,2.469135802,13.05114638,2.469135802
凝川集,洪宅疇,1816,1886,1851,0,8.645533141,3.458213256,83.86167147,0.576368876,2.305475504,1.152737752
東愚詩集,朴治亨,1841,1862,1851,0,0,2.074688797,97.51037344,0,0,0.414937759
蒿廬文集,徐塾,1820,1882,1851,0,7.96460177,3.539823009,76.99115044,3.539823009,6.194690265,1.769911504
絅堂遺稿,徐應淳,1824,1880,1852,0,10.46931408,6.498194946,68.59205776,6.859205776,5.054151625,2.527075812
??齋文集,文鎭英(鎭洛),1826,1879,1852,0,63.7254902,0,23.52941176,10.78431373,1.960784314,0
寒洲集,李震相,1818,1886,1852,0,25.14340344,4.397705545,57.26577438,3.059273423,6.978967495,3.154875717
鳳棲遺稿,邊相轍,1818,1886,1852,0,0.389105058,1.556420233,97.27626459,0,0.778210117,0
慕軒集,趙聖權,1816,1889,1852,0,42.96296296,4.444444444,31.11111111,17.77777778,2.222222222,1.481481481
近庵集,柳致德(致淑),1823,1881,1852,0,23.21428571,4.464285714,61.60714286,9.821428571,0.892857143,0
素圃遺稿,吳經履,1813,1893,1853,0,11.36363636,3.409090909,84.09090909,0,0.568181818,0.568181818
小庵文集,朴時戊,1828,1879,1853,0,9.289617486,3.278688525,72.67759563,4.918032787,4.918032787,4.918032787
菖窩文集,曹禧奎,1830,1877,1853,0,19.31034483,4.137931034,66.89655172,4.137931034,5.517241379,0
扶溪集,田秉淳,1816,1890,1853,0,26.30136986,2.465753425,64.93150685,3.01369863,2.739726027,0.547945205
?菴集,姜晉奎,1817,1891,1854,0,9.216589862,5.529953917,67.74193548,10.13824885,5.069124424,2.304147465
?山文集,柳道洙,1820,1889,1854,0,22.17741935,0.60483871,71.37096774,3.629032258,1.209677419,1.008064516
魯園集,金喆銖(璞銖),1822,1887,1854,0,22.22222222,4.106280193,61.5942029,7.246376812,4.106280193,0.724637681
茶菴詩稿,梁栒,1822,1886,1854,0,0,0.261780105,99.7382199,0,0,0
益庵遺稿,張鎭錫,1829,1880,1854,0,29.80769231,3.846153846,52.88461538,10.57692308,2.884615385,0
草廬文集,金相壽,1815,1895,1855,0,12.09439528,1.474926254,75.51622419,4.719764012,2.359882006,3.83480826
梅谷集,權允煥,1831,1880,1855,0,4.8,2.4,86.4,5.6,0.8,0
木西集,孫永老,1820,1891,1855,0,18.09045226,1.005025126,71.35678392,8.542713568,1.005025126,0
重菴集,金平?,1819,1891,1855,0,42.94770206,4.437400951,39.14421553,3.169572108,4.833597464,5.467511886
重菴先生別集,金平?,1819,1891,1855,0,45.85987261,12.7388535,20.38216561,1.910828025,13.37579618,5.732484076
恥菴文集,金碩奎,1826,1885,1855,0,16.52661064,0,74.22969188,5.882352941,3.081232493,0.280112045
艮宇集,李仁中,1825,1886,1855,0,8.394160584,2.554744526,77.37226277,8.759124088,2.189781022,0.729927007
廣巖遺集,呂錫輔,1824,1889,1856,0,14.70588235,0.735294118,77.20588235,7.352941176,0,0
克齋集,盧?淵,1827,1885,1856,0,32.5732899,1.302931596,60.58631922,1.954397394,1.628664495,1.954397394
方山集,李運楨,1819,1893,1856,0,12.79761905,5.654761905,66.96428571,5.357142857,9.226190476,0
蘭石文集,朴宰鉉(泰鉉),1830,1883,1856,0,21.56862745,0.653594771,68.62745098,9.150326797,0,0
雲皐文集,張時杓,1819,1894,1856,0,18.04511278,4.511278195,35.33834586,25.56390977,6.766917293,9.77443609
蘭石集,朴昌壽,1817,1897,1857,0,2.200488998,1.222493888,95.84352078,0,0,0.733496333
蓮湖遺稿,金璡聲,1822,1892,1857,0,6.134969325,0.613496933,87.11656442,3.067484663,3.067484663,0
?皐文集,李秉銓,1824,1891,1857,0,2.48447205,0.621118012,91.92546584,3.105590062,1.863354037,0
太古齋文集,金輝瑋,1823,1891,1857,0,9.523809524,16.19047619,62.85714286,4.761904762,0,6.666666667
茶?先生文集,魏榮馥,1832,1884,1858,0,7.741935484,5.161290323,77.41935484,2.580645161,3.225806452,3.870967742
匡山遺稿,白旻洙,1832,1885,1858,0,24.48979592,1.360544218,69.3877551,2.040816327,2.721088435,0
鵝山文集,柳潤文,1824,1893,1858,0,6.832298137,0,79.50310559,12.42236025,1.242236025,0
海隱遺稿,吳仁兌,1818,1898,1858,0,0,0.819672131,99.18032787,0,0,0
癡史集,安鑽,1829,1888,1858,0,32.1875,3.4375,48.75,7.5,7.5,0.625
巖居文集,朴永魯,1814,1903,1858,0,50,11.875,21.25,9.375,5.625,1.875
晩醒先生文集,朴致馥,1824,1894,1859,0,18.23104693,10.64981949,49.45848375,3.429602888,8.664259928,9.566787004
嵋東遺稿,安鍾洛,1826,1892,1859,0,29.6875,2.34375,62.5,5.46875,0,0
野翁遺稿,曺學承,1825,1894,1859,0,12.68656716,2.23880597,65.67164179,9.701492537,8.955223881,0.746268657
素山文集,李浩祐,1826,1892,1859,0,9.090909091,3.03030303,82.9004329,1.731601732,2.813852814,0.432900433
希齋文集,金輝濬,1820,1898,1859,0,14.10891089,2.475247525,72.02970297,4.455445545,3.96039604,2.97029703
晩圃逸稿,南基旭,1820,1899,1859,0,12.87128713,2.97029703,74.25742574,7.920792079,1.98019802,0
大谷遺稿,金錫龜,1835,1885,1860,0,22.81879195,4.697986577,68.45637584,2.684563758,1.342281879,0
晦山文集,文尙質,1825,1895,1860,0,8.510638298,0.709219858,84.39716312,0,6.382978723,0
一山集,李鐸韶,1836,1885,1860,0,33.15217391,2.717391304,32.06521739,15.76086957,8.695652174,7.608695652
日溪集,崔東泰(鼎彬),1844,1877,1860,0,11.76470588,10.92436975,73.94957983,0,0.840336134,2.521008403
紫東集,李正模,1846,1875,1860,0,22.44224422,0.660066007,72.93729373,0.660066007,3.300330033,0
渾齋集,安敎翼,1824,1896,1860,0,64.67889908,6.880733945,12.8440367,7.339449541,3.211009174,5.04587156
東溪文集,柳晉成,1826,1894,1860,0,5.85106383,4.255319149,68.08510638,12.23404255,7.446808511,2.127659574
巷隱逸稿,李膺協,1826,1894,1860,0,15.96244131,2.34741784,70.89201878,8.450704225,2.34741784,0
水山文集,李性和,1821,1899,1860,0,39.18128655,1.169590643,47.95321637,6.432748538,4.093567251,1.169590643
竹圃集,朴淇鍾,1824,1898,1861,0,13.88888889,7.407407407,50.46296296,0,13.88888889,14.35185185
泰廬文集,高允植,1831,1891,1861,0,13.2780083,0,81.32780083,4.149377593,1.244813278,0
遇淵集,裴燦,1825,1898,1861,0,28.03738318,7.476635514,57.94392523,6.542056075,0,0
錦溪集,裴瓚,1825,1898,1861,0,3.521126761,4.929577465,69.71830986,8.450704225,11.97183099,1.408450704
一齋文集,蔡鍾植,1832,1890,1861,0,4.166666667,2.083333333,79.16666667,3.472222222,10.41666667,0.694444444
小溪文集,南萬會,1826,1896,1861,0,18.18181818,2.272727273,56.06060606,21.96969697,1.515151515,0
小近齋集,朴翼東,1827,1895,1861,0,3.305785124,0,96.69421488,0,0,0
竹圃遺稿,成爀鎬,1838,1885,1861,0,4.316546763,1.438848921,87.05035971,2.877697842,4.316546763,0
橘下遺稿,崔植民,1831,1891,1861,0,16.38418079,2.824858757,79.66101695,0,1.129943503,0
晩休堂逸集,金萬鉉,1820,1902,1861,0,21.42857143,8.73015873,60.31746032,3.968253968,5.555555556,0
海閭先生文集,權相迪,1822,1900,1861,0,7.174887892,7.174887892,63.22869955,1.793721973,15.69506726,4.932735426
晩休先生文集,朴宗鉉,1823,1900,1861,0,34.74576271,40.6779661,21.18644068,2.542372881,0,0.847457627
小隱文集,盧兢壽,1823,1899,1861,0,4.761904762,1.587301587,91.00529101,0,2.645502646,0
東塢遺稿,曺毅坤,1832,1893,1862,0,28.16091954,5.172413793,61.49425287,2.873563218,2.298850575,0
訥庵遺集,曺백承,1828,1897,1862,0,8.056872038,2.843601896,86.25592417,1.895734597,0.947867299,0
楠溪文集,安浩淵,1827,1898,1862,0,11.11111111,1.646090535,78.18930041,6.995884774,2.057613169,0
東寮遺稿,河載文,1830,1894,1862,0,7.486631016,3.20855615,85.02673797,1.604278075,2.139037433,0.534759358
華軒遺稿,徐璘淳,1827,1898,1862,0,2.134146341,0.609756098,92.98780488,0.914634146,3.353658537,0
小心亭文集,全奎煥(中震),1832,1893,1862,0,27.73109244,2.521008403,60.50420168,3.361344538,4.201680672,1.680672269
畏庵先生文集,李鎭華,1830,1895,1862,0,20.95238095,2.857142857,67.61904762,8.571428571,0,0
立齋集,宋近洙,1818,1906,1862,0,30.01485884,11.29271917,33.43239227,3.863298663,4.606240713,16.79049034
仰慕齋文集,金在禧,1832,1894,1863,0,2.836879433,2.127659574,73.04964539,1.418439716,17.73049645,2.836879433
龍山遺稿,奇弘衍,1828,1898,1863,0,16.35687732,5.204460967,73.23420074,2.602230483,2.230483271,0.371747212
眉山集,韓章錫,1832,1894,1863,0,5.873261206,10.51004637,67.07882535,4.791344668,6.182380216,5.564142195
逋庵文集,權周郁,1825,1901,1863,0,29.62962963,9.971509972,36.18233618,10.54131054,7.407407407,6.267806268
?軒集,吳道炯,1826,1900,1863,0,2.010050251,3.51758794,87.93969849,2.010050251,4.522613065,0
秋溪遺稿,崔馨植,1825,1901,1863,0,0,0.404040404,99.5959596,0,0,0
西山先生文集,金興洛,1827,1899,1863,0,55.29595016,4.517133956,23.20872274,3.894080997,0.62305296,12.46105919
澹屋集,張升遠,1826,1900,1863,0,6.770833333,4.6875,69.79166667,3.645833333,5.729166667,9.375
直菴集,權在奎,1835,1893,1864,0,0,3.260869565,82.60869565,4.347826087,2.173913043,7.608695652
石帆遺稿,權憲璣,1835,1893,1864,0,6.611570248,3.305785124,81.81818182,6.611570248,1.652892562,0
芝南集,李贄鎬,1836,1892,1864,0,14.04494382,5.056179775,61.23595506,0,8.988764045,10.6741573
月皐先生文集,趙性家,1824,1904,1864,0,22.96222664,3.777335984,60.33797217,2.485089463,4.473161034,5.964214712
芝樵文集,李鎔義,1825,1903,1864,0,6.930693069,5.940594059,79.20792079,5.940594059,0.99009901,0.99009901
紹巖遺稿,柳寅奎(寅元),1830,1899,1864,0,1.587301587,2.380952381,83.33333333,1.587301587,8.73015873,2.380952381
紫山遺稿,琴佑烈,1824,1904,1864,0,18.06853583,4.984423676,67.60124611,3.115264798,2.492211838,3.738317757
止雲集,金擎鉉,1823,1906,1864,0,12.5,6.862745098,63.97058824,1.960784314,11.2745098,3.431372549
花史文集,崔泰逵,1828,1900,1864,0,13.81578947,1.315789474,76.31578947,1.973684211,6.578947368,0
竹軒文集,趙顯翼,1826,1902,1864,0,1.115241636,2.230483271,90.33457249,1.115241636,5.204460967,0
淵齋先生文集,宋秉璿,1836,1895,1865,0,28.56130404,12.40255138,18.49751949,2.905740609,14.88306166,22.74982282
宜田詩稿,陸用鼎,1843,1888,1865,0,0,0,100,0,0,0
續稿,陸用鼎,1843,1888,1865,0,0,4.458598726,94.26751592,0.636942675,0.636942675,0
龍山文集,李晩寅,1834,1897,1865,0,24.37357631,7.28929385,56.71981777,2.961275626,1.366742597,7.28929385
華谷遺稿,徐尙勳,1849,1881,1865,0,2.717391304,2.717391304,92.93478261,0,1.630434783,0
遂初堂逸稿,柳仁헌,1835,1895,1865,0,48.71794872,5.982905983,29.91452991,15.38461538,0,0
江樵遺稿,具然海,1836,1895,1865,0,6.164383562,6.164383562,84.24657534,2.054794521,1.369863014,0
端溪先生文集,金麟燮,1827,1903,1865,0,29.22732363,8.174692049,44.90481523,1.679731243,7.390817469,8.622620381
端溪先生集續,金麟燮,1827,1903,1865,0,27.13754647,7.434944238,62.82527881,0.743494424,1.858736059,0
遊軒先生文集,張錫龍,1823,1907,1865,0,8.983799705,7.511045655,65.68483063,3.53460972,6.921944035,7.36377025
臨齋先生文集,徐贊奎,1825,1905,1865,0,52.93040293,10.25641026,24.17582418,2.747252747,4.761904762,5.128205128
曉山集,卞榮奎,1826,1904,1865,0,6.918238994,1.572327044,85.22012579,2.51572327,2.358490566,1.41509434
一醒齋遺稿,田基五,1831,1900,1865,0,25.97402597,1.298701299,66.23376623,1.948051948,4.545454545,0
究庵文集,李光魯,1828,1903,1865,0,24.6105919,2.492211838,59.19003115,11.21495327,2.180685358,0.31152648
愚軒文集,金養鎭,1829,1901,1865,0,31.26491647,3.818615752,51.55131265,3.818615752,4.534606205,5.011933174
修齋文集,李希進,1851,1882,1866,0,21.37931034,1.379310345,66.89655172,0.689655172,8.275862069,1.379310345
愼?齋遺稿,邊台容,1836,1897,1866,0,0,1.169590643,97.07602339,0,1.169590643,0.584795322
栗山文集,洪智修,1835,1897,1866,0,21.16788321,5.839416058,55.47445255,5.839416058,10.2189781,1.459854015
修齋集,李有善,1851,1882,1866,0,21.08843537,1.360544218,65.98639456,0,4.081632653,7.482993197
蒼州文集,張時澤,1833,1900,1866,0,2.366863905,2.366863905,89.9408284,4.142011834,1.183431953,0
輸山文集,朴孝英,1827,1905,1866,0,21.50537634,3.76344086,61.29032258,13.44086022,0,0
岐軒文集,裴善晦,1829,1904,1866,0,8.962264151,0.70754717,86.08490566,4.245283019,0,0
泗隱文集,申鍾浩,1827,1906,1866,0,14.59459459,3.243243243,71.35135135,8.648648649,2.162162162,0
是廬先生文集,黃蘭善,1825,1908,1866,0,16.97154472,6.504065041,64.53252033,4.06504065,4.674796748,3.25203252
吃窩集,李根玉,1824,1909,1866,0,21.24542125,4.761904762,60.80586081,5.494505495,4.395604396,3.296703297
徐孺子文集,徐應潤,1837,1897,1867,0,0,1.282051282,97.43589744,0,1.282051282,0
愛橘齋遺稿,鄭慶植,1845,1889,1867,0,15.83333333,2.5,76.66666667,2.5,2.5,0
景齋集,禹成圭,1830,1905,1867,0,23.69230769,8.923076923,49.23076923,1.230769231,16,0.923076923
誠菴集,申相,1835,1900,1867,0,11.84210526,1.315789474,73.68421053,5.921052632,6.578947368,0.657894737
省齋遺稿,曺逵承,1827,1908,1867,0,27.12550607,2.834008097,57.48987854,8.502024291,2.429149798,1.619433198
直谷文集,金敬植,1829,1905,1867,0,3.10421286,0.88691796,91.1308204,2.43902439,2.43902439,0
梨谷文集,河仁壽(麟壽),1830,1904,1867,0,15.87301587,4.232804233,65.60846561,6.349206349,4.761904762,3.174603175
小流集,沈誠之,1831,1904,1867,0,27.27272727,5.454545455,50,9.090909091,7.272727273,0.909090909
響山文集,李晩燾,1842,1895,1868,0,27.85467128,10.55363322,34.60207612,1.730103806,3.287197232,21.97231834
響山文集別集,李晩燾,1842,1895,1868,0,23.52941176,24.31372549,29.80392157,0,0,22.35294118
素山遺稿,張寅睦,1842,1895,1868,0,38.29787234,3.546099291,43.97163121,9.929078014,0.709219858,3.546099291
兢齋集,鄭趾善,1839,1897,1868,0,43.07692308,4.102564103,45.12820513,4.615384615,2.051282051,1.025641026
聿修齋遺稿,朴海量,1850,1886,1868,0,33.98058252,3.883495146,53.39805825,3.883495146,3.883495146,0.970873786
石澗集,徐孝源,1839,1897,1868,0,48.4496124,2.713178295,32.94573643,12.79069767,2.325581395,0.775193798
后山先生文集,許愈,1833,1904,1868,0,36.14830072,4.634397528,44.59320288,2.162718847,5.973223481,6.48815654
后山先生文集續,許愈,1833,1904,1868,0,44.82758621,8.045977011,32.18390805,0,4.597701149,10.34482759
拓菴先生文集續,金道和,1825,1912,1868,0,36.38676845,16.03053435,20.3562341,3.053435115,7.124681934,17.04834606
拓菴先生文集,金道和,1825,1912,1868,0,23.82222222,15.46666667,20.44444444,4,10.04444444,26.22222222
起菴文集,金禹昌(汝璉),1830,1907,1868,0,5.504587156,4.587155963,56.88073394,19.26605505,11.00917431,2.752293578
睡鶴集,許?,1834,1902,1868,0,10.68965517,1.379310345,84.31034483,1.551724138,1.896551724,0.172413793
松齋集,朴重龍,1838,1899,1868,0,23.21428571,5.952380952,70.23809524,0,0,0.595238095
龜溪遺稿,金榮洛,1831,1906,1868,0,4.72972973,0.675675676,92.56756757,1.351351351,0.675675676,0
?窩集,郭臾坤,1832,1905,1868,0,12.22222222,5.555555556,72.77777778,2.777777778,6.111111111,0.555555556
思復齋先生文集,宋鎭鳳,1840,1898,1869,0,28.50877193,7.456140351,51.31578947,3.947368421,5.701754386,3.070175439
松厓集,李志憲,1840,1898,1869,0,23.52941176,4.201680672,63.02521008,9.243697479,0,0
錦湖集,許炯,1853,1886,1869,0,2.369668246,0.947867299,95.73459716,0,0.473933649,0.473933649
管軒集,都漢基,1836,1902,1869,0,27.68031189,6.237816764,56.7251462,0.389863548,8.187134503,0.779727096
石梧文集,權鳳熙,1837,1902,1869,0,18.21192053,3.311258278,63.24503311,6.953642384,1.986754967,6.291390728
勉菴先生續集,崔益鉉,1833,1906,1869,0,63.05220884,4.016064257,10.04016064,0.401606426,8.835341365,13.65461847
勉菴集,崔益鉉,1833,1906,1869,0,35.34647171,11.44310235,20.66115702,0.445009536,5.785123967,26.31913541
晩求先生文集,李種杞(種壽),1837,1902,1869,0,40,7.826086957,29.13043478,6.630434783,6.304347826,10.10869565
晩求集續集,李種杞(種壽),1837,1902,1869,0,65.43209877,3.456790123,22.22222222,4.938271605,0.740740741,3.209876543
進溪文集,朴在馨(在誠),1838,1900,1869,0,53.97923875,7.958477509,25.95155709,3.806228374,4.152249135,4.152249135
敏窩先生文集,李驥相,1826,1913,1869,0,18.51851852,7.744107744,53.87205387,4.04040404,13.46801347,2.356902357
一石遺稿,崔炳夏,1839,1900,1869,0,0,1.996370236,93.28493648,0.362976407,3.448275862,0.907441016
檀坡遺稿,黃在弼,1847,1893,1870,0,6.134969325,7.36196319,84.66257669,1.226993865,0.613496933,0
杜溪遺稿,曺華承,1843,1897,1870,0,4.444444444,0,90.37037037,2.222222222,2.962962963,0
熊溪遺集,李鉉九,1856,1884,1870,0,0,0.448430493,97.90732436,0.149476831,0.298953662,1.195814649
雲塢文集,趙性?,1843,1898,1870,0,26.31578947,0.877192982,64.9122807,7.01754386,0.877192982,0
由齋文集,申在錫(綸錫),1830,1910,1870,0,21.34387352,7.90513834,54.34782609,9.090909091,3.754940711,3.557312253
海山遺集,河慶烋,1841,1900,1870,0,11.67108753,2.387267905,38.99204244,1.856763926,45.0928382,0
?吾遺稿,李明宇,1836,1904,1870,0,16.66666667,14.16666667,52.5,0,11.66666667,5
春軒集,魏啓泮,1848,1895,1871,0,14.96259352,11.22194514,53.36658354,0.997506234,5.735660848,13.71571072
川后遺集,權相彬(相弼),1853,1889,1871,0,8.060453401,1.511335013,85.89420655,1.763224181,1.511335013,1.259445844
鶴南集,金우,1833,1910,1871,0,17.53554502,7.582938389,54.50236967,8.530805687,7.109004739,4.739336493
舫山先生文集,許薰,1836,1907,1871,0,14.87263763,7.806080526,64.66721446,1.972062449,4.601479047,6.080525883
春灘文集,李泰鉉,1838,1904,1871,0,1.556420233,3.112840467,82.10116732,3.501945525,3.891050584,5.836575875
西扉文集,崔宇淳,1832,1911,1871,0,17.64705882,5.882352941,69.85294118,2.205882353,2.941176471,1.470588235
錦南文集,朴奎陽,1840,1903,1871,0,6.204379562,3.284671533,78.46715328,6.204379562,3.649635036,2.189781022
常岡文集,宋民用(時用),1839,1904,1871,0,15.51724138,8.045977011,61.49425287,6.896551724,8.045977011,0
渭?集,河在九,1832,1911,1871,0,11.26279863,6.14334471,73.72013652,2.04778157,5.119453925,1.706484642
芹溪集,權命奎,1840,1903,1871,0,32.51231527,3.9408867,40.39408867,8.374384236,1.97044335,12.80788177
蓮坡集,金炳輝,1842,1903,1872,0,13.85281385,5.627705628,66.66666667,2.597402597,9.090909091,2.164502165
愚?遺稿,全奎炳,1840,1905,1872,0,23.80952381,3.703703704,59.25925926,11.11111111,1.587301587,0.529100529
梅史集,崔泰淳(厦淳),1835,1910,1872,0,11.1328125,1.3671875,81.4453125,4.6875,1.171875,0.1953125
曉山文集,李壽瀅,1837,1908,1872,0,18.08118081,3.6900369,63.83763838,7.380073801,3.6900369,3.32103321
好古齋文集,李相求,1834,1910,1872,0,3.047091413,5.817174515,87.25761773,2.770083102,0.831024931,0.27700831
一悔軒集,都右龍,1838,1906,1872,0,22.4025974,5.844155844,63.96103896,2.922077922,4.545454545,0.324675325
兼山先生文集,徐永坤,1831,1913,1872,0,28.0155642,6.614785992,48.6381323,3.891050584,10.89494163,1.945525292
涵齋文集,金壽璜,1840,1904,1872,0,17.17557252,1.526717557,66.41221374,5.34351145,8.778625954,0.763358779
石下先生文集,朴元?,1834,1911,1872,0,5.316455696,7.088607595,77.46835443,1.265822785,6.582278481,2.278481013
下山文集,鄭鎭憲,1834,1911,1872,0,28.57142857,10.03039514,42.55319149,10.3343465,4.255319149,4.255319149
松谷遺稿,朴周鉉(一鉉),1844,1900,1872,0,11.41552511,0.456621005,80.82191781,3.196347032,0.456621005,3.652968037
栗齋集,朴鍾弼,1849,1898,1873,0,11.2244898,5.612244898,73.97959184,1.530612245,3.06122449,4.591836735
梧山遺稿,李龍憲,1851,1895,1873,0,3.333333333,2.5,89.16666667,1.666666667,2.5,0.833333333
紫峯集,鄭錫祜,1840,1906,1873,0,39.28571429,12.5,29.76190476,11.9047619,5.952380952,0.595238095
絅菴遺稿,吳麟善,1841,1905,1873,0,18.38565022,6.726457399,59.64125561,9.417040359,4.932735426,0.896860987
臺隱遺稿,鄭在勳,1835,1912,1873,0,3.305785124,6.611570248,88.42975207,0,0.826446281,0.826446281
蓮溪文集,朴時燦,1842,1905,1873,0,6.896551724,6.896551724,77.24137931,5.517241379,3.448275862,0
山村文集,金在憲,1842,1904,1873,0,13.98601399,8.391608392,72.72727273,0,4.895104895,0
芝圃遺稿,閔鳳鎬,1842,1904,1873,0,0,2.234636872,97.20670391,0,0.558659218,0
茅屋遺稿,林珍源,1836,1911,1873,0,0,1.438848921,98.56115108,0,0,0
廣川集,趙性胤,1845,1904,1874,0,12.06896552,3.448275862,71.55172414,5.172413793,7.75862069,0
石荷集,安鍾悳,1841,1907,1874,0,18.40148699,8.178438662,70.26022305,0,2.044609665,1.115241636
鶴山文集,朴光遠,1848,1900,1874,0,12.60053619,5.63002681,73.45844504,1.608579088,3.753351206,2.949061662
芳洲集,文國鉉,1838,1911,1874,0,24.02234637,2.793296089,64.24581006,2.793296089,3.351955307,2.793296089
悔?文集,李敏植,1838,1910,1874,0,1.333333333,0,93.33333333,0,5.333333333,0
武山遺集,姜龍夏,1840,1908,1874,0,30.74074074,5.555555556,50,4.444444444,4.814814815,4.444444444
芝岡文集,閔致完,1838,1911,1874,0,29.53020134,1.342281879,65.77181208,0.67114094,2.013422819,0.67114094
恁堂集,高基升,1845,1903,1874,0,5.882352941,3.619909502,80.99547511,3.167420814,6.334841629,0
無貳齋集,姜冕永,1836,1912,1874,0,22.56410256,5.641025641,59.48717949,9.230769231,2.564102564,0.512820513
南洲文集,趙承基,1836,1913,1874,0,13.0044843,3.811659193,70.62780269,9.417040359,2.466367713,0.67264574
蓉洲遺稿,南鎭元,1847,1901,1874,0,3.347280335,3.347280335,92.88702929,0,0.418410042,0
明美堂集,李建昌,1852,1898,1875,0,1.973684211,4.605263158,73.51973684,4.276315789,8.223684211,7.401315789
?山文集,安永鎬,1854,1896,1875,0,4.12979351,3.83480826,78.17109145,4.12979351,7.669616519,2.064896755
石亭集,李定稷,1841,1910,1875,0,1.880877743,4.07523511,88.08777429,0.313479624,5.642633229,0
農雲遺稿,李晉用,1842,1909,1875,0,19.87829615,3.042596349,76.06490872,0,0,1.014198783
心窩遺稿,全?錫,1844,1907,1875,0,23.47826087,2.608695652,58.26086957,10.43478261,2.608695652,2.608695652
訥齋集,郭?(基成),1839,1911,1875,0,11.18421053,0.657894737,74.34210526,5.263157895,7.236842105,1.315789474
恒齋文集,李翊九,1838,1912,1875,0,21.07279693,9.961685824,47.50957854,9.578544061,9.578544061,2.298850575
羅圃文集,盧應奭,1843,1907,1875,0,8.910891089,4.95049505,73.26732673,2.97029703,4.95049505,4.95049505
月塘文集,朴鎬陽,1851,1899,1875,0,9.77443609,1.503759398,83.08270677,3.759398496,1.879699248,0
尼山集,南廷瓚,1850,1900,1875,0,16.99029126,0.485436893,72.33009709,6.796116505,2.427184466,0.970873786
溪湄遺稿,金炳洙,1838,1912,1875,0,15.17857143,5.357142857,62.5,12.5,4.464285714,0
心石齋先生文集,宋秉珣,1839,1912,1875,0,21.94381169,6.681852696,42.29309036,1.214882308,10.6302202,17.23614275
石松堂遺稿,李震久,1840,1911,1875,0,3.349282297,0.956937799,85.16746411,10.04784689,0.4784689,0
莊庵文集,金時洛,1857,1896,1876,0,37.1559633,4.587155963,43.11926606,7.339449541,3.669724771,4.128440367
松下集,安國禎,1854,1898,1876,0,59.63855422,1.807228916,32.53012048,4.21686747,0,1.807228916
六有齋遺稿,白永直(圭柄),1841,1912,1876,0,32.98969072,5.154639175,55.15463918,2.06185567,2.577319588,2.06185567
杏山遺稿,柳道絢,1842,1910,1876,0,21.64179104,0.746268657,51.49253731,25.37313433,0.746268657,0
仁山先生文集,吳世魯,1852,1900,1876,0,15.25423729,1.694915254,79.0960452,3.95480226,0,0
蘭谷遺稿,蘇昇奎,1844,1908,1876,0,0,1.671309192,95.54317549,0.835654596,0.835654596,1.114206128
春坡遺稿,魏瓘植,1843,1910,1876,0,37.91666667,1.666666667,55.41666667,1.666666667,1.666666667,1.666666667
復菴集,曺垣淳,1850,1903,1876,0,56.73076923,8.173076923,25.96153846,4.326923077,2.403846154,2.403846154
警堂遺稿,魯一相,1842,1911,1876,0,14.62264151,5.660377358,64.62264151,1.886792453,9.905660377,3.301886792
白經野堂遺稿,白鳳洙,1841,1911,1876,0,6.907894737,1.315789474,86.18421053,0,4.276315789,1.315789474
兼山集,金成烈,1846,1906,1876,0,3.867403315,2.762430939,86.74033149,0.552486188,3.867403315,2.209944751
愼菴遺稿,具赫謨,1859,1895,1877,0,5.813953488,5.03875969,84.49612403,0,4.651162791,0
老柏軒先生文集,鄭載圭,1843,1911,1877,0,44.695543,6.716886378,28.87633396,2.824858757,5.712492153,11.17388575
山石集,金顯玉,1844,1910,1877,0,12.24489796,11.56462585,67.00680272,3.06122449,4.421768707,1.700680272
訥窩遺稿,尹滋鉉,1845,1909,1877,0,44.88778055,10.47381546,19.20199501,5.985037406,10.72319202,8.728179551
敬勝齋集,柳鐘源,1838,1916,1877,0,35.43859649,1.754385965,57.19298246,2.456140351,1.754385965,1.403508772
湖隱遺稿,柳元軾,1852,1903,1877,0,19.84126984,3.968253968,69.04761905,7.142857143,0,0
日新齋集,鄭義林,1845,1910,1877,0,45.13481829,5.978898007,20.3985932,4.68933177,10.78546307,13.01289566
拙軒遺稿,李鍾鳳,1836,1918,1877,0,3.5982009,1.499250375,89.35532234,0.59970015,4.647676162,0.299850075
東湄遺稿,辛東泳,1849,1906,1877,0,0.273972603,1.095890411,96.71232877,0.273972603,1.095890411,0.547945205
正齋遺稿,金宗宇,1854,1900,1877,0,4.21686747,1.204819277,94.57831325,0,0,0
海史集,車錫祜,1846,1911,1878,0,5.464480874,8.196721311,70.76502732,3.005464481,6.830601093,5.737704918
僑齋集,李萬相,1857,1899,1878,0,23.94957983,2.100840336,64.70588235,4.621848739,4.621848739,0
敬齋遺稿,金相孝,1847,1909,1878,0,6.557377049,0,93.44262295,0,0,0
晦磵文集,趙篤祜,1843,1914,1878,0,26.9005848,7.01754386,47.95321637,14.03508772,3.50877193,0.584795322
白雲亭文集,李華祥,1842,1915,1878,0,17.80821918,10.2739726,59.5890411,4.109589041,4.109589041,4.109589041
琴愚集,具然雨(祥峻),1843,1914,1878,0,26.12612613,1.801801802,68.46846847,3.603603604,0,0
守可齋遺稿,卞孝錫,1851,1906,1878,0,16.23376623,0.649350649,78.57142857,1.298701299,3.246753247,0
小峰集,李根萬,1839,1917,1878,0,9.090909091,4.132231405,67.76859504,4.132231405,7.438016529,7.438016529
雲養集,金允植,1835,1922,1878,0,11.96172249,20.33492823,32.53588517,9.090909091,21.29186603,4.784688995
思竹集,朴瑾郁,1839,1917,1878,0,3.144654088,0,83.64779874,12.57861635,0.628930818,0
暘谷集,安泰國,1843,1913,1878,0,0,0,75.67567568,24.32432432,0,0
難窩遺稿,吳繼洙,1843,1915,1879,0,11.21898598,8.737864078,59.87055016,0,8.522114347,11.65048544
竹潭集,金永祚,1842,1917,1879,0,6.198347107,3.719008264,83.05785124,2.892561983,1.652892562,2.479338843
東亭遺稿,李炳鎬(正鎬),1851,1908,1879,0,63.31360947,2.958579882,18.93491124,4.733727811,4.733727811,5.325443787
白愚齋文集,李時然,1841,1918,1879,0,0.784313725,3.921568627,93.7254902,0,0.784313725,0.784313725
竹菴集,金廷燮,1842,1916,1879,0,0,0.657894737,98.02631579,0.657894737,0,0.657894737
南川集,李道?,1843,1916,1879,0,27.58007117,7.473309609,55.16014235,1.957295374,4.804270463,3.024911032
?窩遺稿,李圭彩,1845,1914,1879,0,2.5,10,82.5,1.875,3.125,0
錦溪集,李根元(世元),1840,1918,1879,0,35.55240793,1.274787535,48.72521246,4.249291785,3.966005666,6.232294618
洛陰遺稿,金箕瑛,1864,1896,1880,0,3.401360544,1.360544218,92.29024943,1.814058957,1.133786848,0
慕隱遺稿,鄭東植,1850,1910,1880,0,0,0.282485876,95.76271186,0,0,3.95480226
鈍菴遺稿,宋炳奎,1863,1898,1880,0,64.88095238,0,31.54761905,2.976190476,0.595238095,0
復菴私集,李?,1850,1911,1880,0,12.15686275,0.196078431,87.64705882,0,0,0
東厓集,趙善秀,1846,1914,1880,0,8.810572687,1.321585903,71.8061674,5.286343612,2.202643172,10.57268722
息軒集,崔憲植,1846,1915,1880,0,49.58677686,9.917355372,24.79338843,7.438016529,3.305785124,4.958677686
晦山先生文集,周尙洪(相洪),1854,1906,1880,0,24.06015038,2.255639098,66.16541353,3.759398496,3.759398496,0
印東遺集,徐裕錫,1851,1909,1880,0,4.761904762,5.714285714,77.14285714,10.47619048,0.952380952,0.952380952
一軒遺稿,金台漢,1847,1913,1880,0,11.76470588,7.843137255,66.99346405,4.248366013,6.535947712,2.614379085
遠齋遺稿,朴重栢,1851,1909,1880,0,19.30693069,4.95049505,64.35643564,6.930693069,1.98019802,2.475247525
日峰遺稿,李敎文,1846,1914,1880,0,11.0619469,2.433628319,81.85840708,1.548672566,2.212389381,0.884955752
山樵集,李錫永,1851,1909,1880,0,29.7752809,3.93258427,57.86516854,2.247191011,4.494382022,1.685393258
道陽集,申泰龍,1862,1898,1880,0,12.99435028,4.519774011,76.27118644,0,6.214689266,0
潁坡遺稿,李錫永,1851,1909,1880,0,5.698005698,0.284900285,87.46438746,4.843304843,1.709401709,0
艮齋私稿續編,田愚,1841,1922,1881,0,68.68327402,12.74021352,6.903914591,1.28113879,5.978647687,4.412811388
艮齋私稿,田愚,1841,1922,1881,0,23.87387387,20.72072072,23.1981982,7.207207207,20.04504505,4.954954955
松沙先生文集,奇宇萬,1846,1916,1881,0,26.6439523,13.9693356,8.245315162,1.499148211,14.92333901,34.71890971
松沙先生文集續,奇宇萬,1846,1916,1881,0,9.900990099,10.89108911,16.83168317,0,26.73267327,35.64356436
鶴山文集,柳膺睦,1841,1921,1881,0,13.4502924,4.093567251,66.47173489,4.678362573,6.822612086,4.483430799
大溪先生文集,李承熙,1847,1916,1881,0,46.76363636,3.854545455,35.56363636,6.109090909,3.054545455,4.654545455
大溪先生文集續,李承熙,1847,1916,1881,0,59.42028986,19.56521739,5.797101449,0.724637681,10.86956522,3.623188406
恒窩集,金聲鐸,1843,1920,1881,0,15.80756014,4.467353952,74.57044674,1.718213058,3.436426117,0
霞山遺稿,徐天洙,1852,1911,1881,0,5.882352941,4.812834225,87.70053476,1.604278075,0,0
枕山文集,李世鋼,1846,1917,1881,0,13.87283237,0.578034682,54.33526012,10.40462428,18.49710983,2.312138728
悔窩遺稿,崔在?,1843,1920,1881,0,0.602409639,3.614457831,92.77108434,0.602409639,1.807228916,0.602409639
夷南文集,朴圭煥,1840,1923,1881,0,12.83185841,3.539823009,52.21238938,3.982300885,14.15929204,13.27433628
?宇先生集續,郭鍾錫,1846,1919,1882,0,94.07216495,1.804123711,3.350515464,0,0.773195876,0
?宇先生文集,郭鍾錫,1846,1919,1882,0,39.68590832,8.149405772,22.53820034,2.292020374,11.24787776,16.08658744
普山先生遺稿,奇宇承,1858,1907,1882,0,74.82517483,4.895104895,13.28671329,3.496503497,3.496503497,0
後凋先生文集,高錫魯(錫奎),1842,1922,1882,0,46.42857143,10.71428571,19.3877551,10.20408163,6.12244898,7.142857143
西坡先生文集,柳必永,1841,1924,1882,0,22.64334305,12.73080661,35.37414966,4.178814383,6.705539359,18.36734694
顧堂集,尹兢周,1853,1912,1882,0,10.99656357,4.810996564,78.00687285,3.436426117,1.718213058,1.030927835
竹塢集,盧應祜,1852,1913,1882,0,5.294117647,2.058823529,89.41176471,1.764705882,0.882352941,0.588235294
小溪遺稿,丁泰夏,1850,1915,1882,0,18.69565217,3.043478261,66.52173913,6.086956522,3.913043478,1.739130435
果齋文集,張錫藎,1841,1923,1882,0,8.717948718,9.572649573,46.32478632,2.564102564,16.06837607,16.75213675
竹史集,許在瓚,1847,1918,1882,0,12.76595745,1.418439716,70.92198582,6.382978723,7.092198582,1.418439716
尼谷集,河應魯,1848,1916,1882,0,11.92307692,0.769230769,85.76923077,0.384615385,1.153846154,0
錦坡遺稿,羅允煦,1853,1912,1882,0,0,3.623188406,95.65217391,0,0,0.724637681
晩翠集,全斗運,1844,1921,1882,0,8.759124088,0.729927007,85.40145985,4.379562044,0,0.729927007
貞齋集,徐廷玉,1843,1921,1882,0,12.73291925,13.66459627,57.76397516,4.347826087,7.453416149,4.037267081
潁濱遺稿,金斗三,1844,1921,1882,0,3.812316716,6.744868035,69.79472141,0.879765396,16.71554252,2.052785924
勇菴遺稿,金思禹,1857,1907,1882,0,56.25,2.941176471,33.45588235,3.676470588,3.676470588,0
忍菴遺稿,朴現,1852,1912,1882,0,0.99009901,5.940594059,84.15841584,0.99009901,7.920792079,0
石愚文集,權載斗,1851,1913,1882,0,21.16402116,6.349206349,59.78835979,7.407407407,2.116402116,3.174603175
碧棲遺稿,鄭雲五,1846,1920,1883,0,10.53763441,3.010752688,83.44086022,0.430107527,1.935483871,0.64516129
艮窩文集,崔?翰,1843,1923,1883,0,29.85436893,3.398058252,51.94174757,5.097087379,7.281553398,2.427184466
志齋集,卞應洙,1846,1921,1883,0,31.84357542,3.910614525,59.77653631,0.558659218,2.793296089,1.117318436
三素遺稿,李集魯,1846,1920,1883,0,5.263157895,2.807017544,82.28070175,4.385964912,5.263157895,0
蘭室遺稿,金晩植,1845,1922,1883,0,2.02247191,2.921348315,90.33707865,0.224719101,2.921348315,1.573033708
尤山文集,安宅鎬,1848,1918,1883,0,31.46853147,6.293706294,39.16083916,9.090909091,5.594405594,8.391608392
晦山遺藁,鄭銓基(典基),1847,1920,1883,0,0,0.34965035,97.55244755,0.699300699,0,1.398601399
潁水全集,徐壽錫,1841,1925,1883,0,49.34210526,3.289473684,36.84210526,7.236842105,1.315789474,1.973684211
直庵集,鄭雲五,1846,1920,1883,0,1.652892562,8.26446281,71.07438017,7.438016529,8.26446281,3.305785124
持菴遺稿,金在敬,1841,1926,1883,0,65.0955414,3.821656051,16.17834395,5.605095541,7.388535032,1.910828025
遯軒遺稿,林炳瓚,1851,1916,1883,0,6.930693069,0.660066007,83.82838284,0,8.580858086,0
石愚集,李碩瓘,1846,1921,1883,0,22.52964427,2.766798419,66.79841897,5.533596838,1.976284585,0.395256917
竹坡遺集,鄭憲謨,1852,1914,1883,0,0,0.266666667,99.73333333,0,0,0
壺亭遺稿,魯炳憙,1850,1918,1884,0,26.31578947,1.879699248,67.29323308,1.879699248,1.879699248,0.751879699
碧峰遺稿,金洛進,1859,1909,1884,0,4.285714286,1.428571429,94.28571429,0,0,0
弦窩遺稿,高光善,1845,1924,1884,0,34.43298969,7.422680412,18.1443299,1.030927835,21.03092784,17.93814433
淳菴遺稿,李鐸謨,1857,1911,1884,0,32.8042328,16.4021164,31.21693122,11.64021164,4.232804233,3.703703704
錦里文集,權直熙(一直),1856,1913,1884,0,12.98701299,2.597402597,73.37662338,7.142857143,3.246753247,0.649350649
警庵集,朴英舜,1851,1918,1884,0,27.6119403,5.970149254,52.23880597,11.19402985,2.23880597,0.746268657
洗心軒遺集,李圭命(圭洪),1851,1918,1884,0,22.75449102,7.185628743,46.70658683,11.37724551,8.383233533,3.592814371
蘇山遺稿,安成煥(棟煥),1858,1911,1884,0,36.10108303,3.610108303,55.59566787,0.722021661,2.888086643,1.083032491
東溪遺集,朴璋炫,1861,1907,1884,0,0,0,100,0,0,0
東溪先生文集,安承采(輔淳),1855,1914,1884,0,1.605136437,1.284109149,93.90048154,1.284109149,0.802568218,1.123595506
臨齋遺稿,李基一,1861,1908,1884,0,39.62264151,6.603773585,47.16981132,6.603773585,0,0
?亭集,崔輔烈,1847,1922,1884,0,1.621621622,12.7027027,68.91891892,1.351351351,8.648648649,6.756756757
一軒集,趙昺澤,1855,1914,1884,0,25.82781457,2.317880795,60.59602649,8.278145695,1.324503311,1.655629139
月潭遺稿,河龍杓,1848,1921,1884,0,7.949790795,0.418410042,81.17154812,9.623430962,0.418410042,0.418410042
竹宇遺稿,羅永成,1843,1926,1884,0,24.59016393,0.819672131,61.47540984,9.016393443,4.098360656,0
恒山文集,洪在穆,1846,1922,1884,0,8.66873065,4.953560372,72.13622291,4.643962848,4.953560372,4.643962848
渼江集,朴昇東,1847,1922,1884,0,18.87477314,8.89292196,42.64972777,3.448275862,16.33393829,9.800362976
明岡遺稿,白奉欽,1859,1909,1884,0,7.234042553,2.127659574,84.68085106,1.70212766,2.978723404,1.276595745
晩雲遺稿,黃極東,1847,1921,1884,0,9.77443609,7.518796992,72.93233083,5.263157895,4.511278195,0
杞岡文集,李珩基,1860,1909,1884,0,18.27956989,4.301075269,73.65591398,2.688172043,1.075268817,0
稼隱集,朴尙範(悌源),1855,1913,1884,0,21.875,8.125,60.625,6.875,2.5,0
觀齋遺稿,朴載華,1864,1905,1884,0,6.849315068,0,91.78082192,0.684931507,0.684931507,0
碧窩遺稿,金箕赫,1857,1912,1884,0,1.666666667,1.666666667,93.33333333,0,3.333333333,0
柳下聯芳集,宋鎬文,1862,1907,1884,0,26.0960334,7.933194154,59.08141962,3.131524008,2.713987474,1.043841336
受齋文集,宋鎬文,1862,1907,1884,0,21.69811321,11.79245283,65.09433962,0,0.943396226,0.471698113
?田集,沈相龍,1855,1913,1884,0,7.331378299,12.31671554,63.04985337,5.571847507,9.677419355,2.052785924
槐亭集,李昌新,1852,1919,1885,0,0.561797753,5.617977528,85.6741573,0.561797753,7.584269663,0
東山集,曺鳳愚,1852,1918,1885,0,32.0754717,3.144654088,52.83018868,3.773584906,3.773584906,4.402515723
雲庭遺集,張承遠,1853,1917,1885,0,22.60536398,0.766283525,69.348659,4.597701149,1.53256705,1.149425287
藏窩文集,崔性奎,1847,1924,1885,0,24.5398773,3.680981595,55.21472393,11.65644172,4.90797546,0
蘭圃文集,李大馨,1850,1921,1885,0,19.20903955,2.259887006,69.7740113,5.084745763,2.259887006,1.412429379
?齋集,鄭?齋,1854,1917,1885,0,2.166064982,19.49458484,72.20216606,0.36101083,5.054151625,0.722021661
靑蓮齋遺集,權晉奎,1860,1910,1885,0,4.761904762,6.349206349,65.07936508,3.174603175,20.63492063,0
老柏齋遺稿,崔命喜,1858,1912,1885,0,71.69811321,12.26415094,0,0,4.716981132,11.32075472
雲籃集,鄭鳳鉉,1852,1918,1885,0,11.2,14.17142857,52,2.171428571,14.97142857,5.485714286
晩浦文集,趙周源,1851,1920,1885,0,6.402439024,2.43902439,81.40243902,6.402439024,1.524390244,1.829268293
春江遺稿,金正燁,1853,1918,1885,0,15.88785047,0.934579439,74.76635514,1.869158879,0,6.542056075
士笑遺藁,愼炳朝,1846,1924,1885,0,0.440528634,0.146842878,98.6784141,0.734214391,0,0
淸蓮齋遺集,權晉奎,1860,1910,1885,0,4.761904762,7.142857143,64.28571429,3.174603175,20.63492063,0
隱巖遺稿,具然敞,1847,1923,1885,0,0,1.840490798,90.18404908,0,3.680981595,4.294478528
桂陽遺稿,李?,1842,1928,1885,0,21.54882155,10.1010101,54.20875421,0,10.1010101,4.04040404
月洲存稿,朴鍾完,1857,1916,1886,0,0,3.773584906,96.22641509,0,0,0
松岡集,金振玉,1863,1909,1886,0,51.87165775,2.139037433,38.5026738,5.347593583,0,2.139037433
雪峰文集,尹宅逵,1845,1928,1886,0,8.280254777,1.910828025,82.48407643,4.140127389,1.27388535,1.910828025
溪齋集,鄭濟鎔,1865,1907,1886,0,17.14285714,3.714285714,72,3.428571429,2.285714286,1.428571429
晩圃文集,吳學鍵,1844,1928,1886,0,15.88785047,2.336448598,67.75700935,9.813084112,1.869158879,2.336448598
近庵遺集,朴廷鎬,1862,1911,1886,0,17.10037175,2.602230483,69.51672862,4.460966543,4.832713755,1.486988848
綺園文集,黃贊周,1848,1924,1886,0,9.939148073,2.028397566,82.55578093,2.839756592,2.231237323,0.405679513
雲溪集,崔正模,1858,1915,1886,0,14.78873239,0.704225352,73.23943662,4.929577465,2.112676056,4.225352113
西川集,趙貞奎,1853,1920,1886,0,15.83333333,4.444444444,62.77777778,6.666666667,6.944444444,3.333333333
約軒文集,河龍濟,1854,1919,1886,0,17.83681214,2.277039848,75.52182163,1.138519924,2.65654649,0.569259962
東旅文集,安昌烈,1847,1925,1886,0,13.2183908,2.107279693,77.5862069,2.681992337,1.53256705,2.873563218
睡軒集,奇慶衍,1848,1924,1886,0,48.25174825,2.097902098,29.37062937,3.496503497,3.496503497,13.28671329
紫陰集,南升喆,1851,1922,1886,0,29.7979798,3.282828283,61.61616162,3.03030303,2.02020202,0.252525253
勤齋遺稿,尹禹炳,1853,1920,1886,0,12.66666667,8,70.66666667,1.333333333,6,1.333333333
常敬軒文集,李能灝,1854,1919,1886,0,39.02439024,3.484320557,48.08362369,2.090592334,5.226480836,2.090592334
春史集,朴容根,1857,1915,1886,0,6.770833333,4.166666667,87.5,0.520833333,0,1.041666667
栗山集,田相武,1851,1924,1887,0,17.96610169,4.06779661,71.86440678,2.711864407,1.016949153,2.372881356
潁溪集,許秉律,1857,1918,1887,0,12.40601504,0.751879699,84.58646617,1.503759398,0,0.751879699
伊山文集,沈相吉,1858,1916,1887,0,16.19937695,0,75.70093458,3.426791277,4.672897196,0
廉窩集,郭徽承,1872,1903,1887,0,20.56737589,1.418439716,67.37588652,0,10.63829787,0
弘窩文集,李斗勳,1856,1918,1887,0,31.90082645,2.479338843,48.42975207,8.429752066,1.487603306,7.272727273
愚堂文集,柳八源,1849,1926,1887,0,13.14741036,1.195219124,80.87649402,3.585657371,1.195219124,0
信菴文集,李準九(齡九),1851,1924,1887,0,22.18934911,4.733727811,57.69230769,3.25443787,5.917159763,6.213017751
愛山文集,琴海圭,1861,1914,1887,0,38.38028169,1.76056338,40.84507042,14.08450704,4.929577465,0
順窩文集,金?植,1859,1916,1887,0,27.77777778,1.851851852,48.14814815,15.74074074,0,6.481481481
强齋文集,崔德煥,1866,1909,1887,0,27.3255814,7.558139535,53.48837209,3.488372093,6.976744186,1.162790698
植齋集,奇宰,1854,1921,1887,0,40.27777778,7.175925926,29.16666667,3.009259259,9.490740741,10.87962963
愚隱集,南錫愚,1847,1927,1887,0,8.461538462,0.769230769,68.46153846,12.30769231,8.461538462,1.538461538
石?文集,金?,1850,1925,1887,0,24.5,5,44,10,2,14.5
醒石遺稿,吳錫泓(錫濤),1857,1918,1887,0,21.32701422,0.947867299,73.45971564,0.473933649,2.843601896,0.947867299
篁溪遺稿,河兢鎬,1846,1928,1887,0,20.36199095,3.619909502,66.96832579,4.977375566,1.357466063,2.714932127
海沙遺稿,"高漢瀅(濟霖, 洽)",1855,1919,1887,0,11.17021277,11.17021277,67.0212766,0.531914894,8.510638298,1.595744681
龍樵遺稿,都殷鎬,1849,1926,1887,0,34.74576271,8.474576271,44.06779661,3.389830508,7.627118644,1.694915254
南谷遺稿,蘇學燮,1856,1919,1887,0,1.714285714,2.571428571,91.71428571,2,1.714285714,0.285714286
持敬齋遺稿,金漢文,1864,1910,1887,0,24.08759124,11.67883212,43.79562044,5.109489051,13.13868613,2.189781022
一菴文集,金容鎬,1853,1923,1888,0,18.97435897,1.282051282,66.66666667,5.897435897,6.666666667,0.512820513
晦堂先生文集,張錫英,1851,1926,1888,0,33.33333333,11.2745098,20.95588235,2.757352941,12.86764706,18.81127451
竹圃遺稿,柳正龍,1853,1923,1888,0,20.73170732,2.43902439,65.85365854,4.268292683,3.048780488,3.658536585
玉硏集,卞龍來,1860,1917,1888,0,14.0625,2.604166667,78.125,0,5.208333333,0
潛齋集,成鍾頀,1850,1927,1888,0,17.9245283,2.830188679,65.09433962,9.433962264,3.773584906,0.943396226
素窩遺稿,朴秀孝(炳孝),1848,1928,1888,0,0,0.561797753,98.31460674,0.561797753,0.561797753,0
木山文集,南相魯,1871,1906,1888,0,44.23076923,2.884615385,42.30769231,2.884615385,1.923076923,5.769230769
素窩文集,南廷燮,1863,1913,1888,0,28.28282828,2.02020202,59.25925926,5.387205387,2.693602694,2.356902357
竹軒集,鄭泰鉉(斗鉉),1858,1919,1888,0,34.01639344,10.24590164,22.13114754,4.098360656,11.47540984,18.03278689
白坡遺稿,李根汶,1846,1931,1888,0,0,0.869565217,99.13043478,0,0,0
梅菴遺稿,尹夏植,1848,1928,1888,0,7.096774194,1.290322581,87.74193548,0.64516129,2.580645161,0.64516129
龍塢集,鄭官源,1857,1920,1888,0,20.80291971,6.569343066,60.2189781,4.744525547,4.744525547,2.919708029
紫南遺稿,李洛榮,1849,1927,1888,0,0,2.654867257,97.34513274,0,0,0
警菴詩集,金錫信,1847,1929,1888,0,0,0.366300366,99.63369963,0,0,0
新溪集,崔源肅,1854,1923,1888,0,16.66666667,1.322751323,80.42328042,1.058201058,0.264550265,0.264550265
希庵遺稿,梁在慶,1859,1918,1888,0,38.14713896,9.809264305,26.97547684,7.356948229,11.71662125,5.994550409
聾隱集,姜時馨,1850,1928,1889,0,3.312302839,0.788643533,91.64037855,2.208201893,1.104100946,0.94637224
錘山文集,權翰模,1856,1923,1889,0,14.50381679,5.089058524,64.1221374,7.37913486,5.597964377,3.307888041
南岡遺稿,玄燦鳳,1861,1918,1889,0,55.73770492,0,37.70491803,6.557377049,0,0
養蒙齋先生文集,金在洛,1858,1920,1889,0,10.6870229,15.26717557,45.03816794,1.526717557,25.95419847,1.526717557
薇庵遺稿,李鉉甲,1852,1926,1889,0,12.83783784,1.351351351,79.05405405,5.405405405,0,1.351351351
石谷散稿,李圭晙,1855,1923,1889,0,4.06504065,0,82.92682927,8.130081301,4.87804878,0
桂窩集,成一濬,1850,1929,1889,0,10.67615658,0.711743772,86.12099644,1.779359431,0.711743772,0
春潭文集,奇東準,1860,1918,1889,0,37.48191027,10.56439942,33.86396527,2.604920405,10.99855282,4.486251809
?隱遺稿,朴時澍,1856,1922,1889,0,27.95031056,2.48447205,62.73291925,6.832298137,0,0
克齋先生遺集,河憲鎭,1859,1921,1890,0,25.87064677,3.980099502,59.70149254,6.965174129,2.487562189,0.995024876
春菴遺稿,曺泰承,1858,1922,1890,0,3.092783505,2.577319588,91.75257732,1.546391753,1.030927835,0
沙村先生文集,朴圭浩,1850,1930,1890,0,19.23076923,3.846153846,59.74358974,3.333333333,2.820512821,11.02564103
韓齋集,鄭奎榮,1860,1921,1890,0,14.78382148,0.836820084,78.66108787,2.510460251,1.952580195,1.255230126
月湖集,"孫基洛(光仁, 基榮)",1858,1922,1890,0,18.32460733,3.664921466,60.20942408,2.094240838,12.56544503,3.141361257
錦石文集,裴聖鎬,1851,1929,1890,0,13.2,1.2,77.4,4.2,1.4,2.6
西山文集,吳文鉉,1855,1926,1890,0,4.090909091,0.909090909,93.18181818,1.363636364,0.454545455,0
靖窩集,姜鎔,1846,1934,1890,0,23.43387471,3.248259861,56.612529,9.976798144,2.552204176,4.176334107
晩窩先生文集,權象鉉(尙鉉),1851,1929,1890,0,16.10486891,4.619225968,68.66416979,3.870162297,5.368289638,1.373283396
谷圃文集,李能允,1850,1930,1890,0,24.17582418,11.35531136,32.96703297,13.55311355,10.25641026,7.692307692
鼎厓先生文集,洪昇,1852,1928,1890,0,11.50159744,4.47284345,76.99680511,4.47284345,0.958466454,1.597444089
晴溪集,崔東翼,1868,1912,1890,0,28.84097035,2.425876011,62.53369272,2.156334232,0.808625337,3.234501348
槐庭集,吳相奎,1858,1922,1890,0,0,6.575342466,68.49315068,2.465753425,7.397260274,15.06849315
梧堂遺集,黃在瓚,1862,1919,1890,0,8.053691275,1.342281879,88.9261745,1.006711409,0.33557047,0.33557047
後石遺稿,吳駿善,1851,1931,1891,0,25.50077042,10.40061633,27.04160247,1.155624037,15.02311248,20.87827427
思誠齋先生文集,尹禹學,1852,1930,1891,0,20.35010941,6.564551422,44.20131291,7.658643326,17.72428884,3.501094092
鷹樵遺集,盧正勳,1853,1929,1891,0,5.945945946,2.702702703,88.64864865,1.621621622,1.081081081,0
希齋文集,安鍾彰,1865,1918,1891,0,30.74074074,5.555555556,50.37037037,6.666666667,4.444444444,2.222222222
鷲南文集,李敏裕,1851,1931,1891,0,7.051282051,2.564102564,85.25641026,3.846153846,1.282051282,0
樗田遺稿,李鍾臨,1857,1925,1891,0,0.475059382,0.475059382,97.50593824,0,1.543942993,0
訥軒文集,崔鶴烈,1868,1915,1891,0,17.79661017,0.847457627,73.72881356,5.93220339,0,1.694915254
毅齋文集,宋鎬完,1863,1919,1891,0,28.51637765,5.780346821,47.2061657,4.624277457,9.248554913,4.624277457
小隱遺集,李禹善,1858,1924,1891,0,18.87755102,0.510204082,79.59183673,1.020408163,0,0
蒼皐文集,朴?鎭,1855,1927,1891,0,27.82369146,0.275482094,65.2892562,4.958677686,0.826446281,0.826446281
誠庵遺稿,李裕興,1859,1923,1891,0,36.66666667,5.333333333,18,8,30.66666667,1.333333333
?窩遺集,呂泰會,1854,1928,1891,0,20.66115702,1.377410468,68.87052342,4.958677686,2.754820937,1.377410468
晩隱先生文集,千光祿,1851,1931,1891,0,6.611570248,1.652892562,88.42975207,2.479338843,0,0.826446281
小庵先生文集,李?均,1855,1927,1891,0,35.62753036,4.251012146,51.2145749,4.858299595,2.226720648,1.821862348
愚山遺稿,李尙鎬,1864,1919,1891,0,20.87378641,2.427184466,69.41747573,3.398058252,3.398058252,0.485436893
愚亭文集,李鍾澤,1868,1914,1891,0,11.19402985,2.487562189,79.60199005,1.990049751,3.980099502,0.746268657
錦山詩稿,辛廷?,1860,1922,1891,0,0,0,100,0,0,0
希巖遺稿,金在錫,1857,1925,1891,0,39.70588235,3.676470588,44.85294118,8.088235294,2.941176471,0.735294118
?菴詩稿,金載?,1852,1930,1891,0,0,0.272479564,99.72752044,0,0,0
志山集,金福漢,1860,1924,1892,0,16.56804734,8.875739645,24.85207101,7.692307692,5.719921105,36.29191321
約軒遺稿,趙從根(亨九),1855,1930,1892,0,9.677419355,7.258064516,79.83870968,0.806451613,0.806451613,1.612903226
龜峰遺稿,李尙模,1853,1932,1892,0,1.863354037,2.48447205,85.71428571,3.726708075,5.590062112,0.621118012
輪山集,金在仁,1854,1930,1892,0,11.55778894,2.512562814,77.38693467,2.010050251,5.025125628,1.507537688
小齋集,吳在永,1865,1919,1892,0,3.980099502,4.809286899,86.4013267,0.995024876,3.150912106,0.663349917
淸石文集,徐錫華,1860,1924,1892,0,31.46233383,3.545051699,54.35745938,5.76070901,0.738552437,4.135893648
曙山詩集,裴舜煥,1865,1920,1892,0,0,0.67114094,98.65771812,0,0.67114094,0
月谷文集,諸世禧(世鎬),1861,1923,1892,0,29.94011976,5.688622754,44.01197605,5.688622754,10.77844311,3.892215569
?軒文集,許琡,1861,1923,1892,0,19.67213115,0.819672131,68.85245902,4.918032787,5.737704918,0
約軒遺稿,趙從根(亨九),1855,1930,1892,0,9.917355372,4.958677686,81.81818182,0.826446281,0.826446281,1.652892562
曉庵文集,李中轍,1848,1937,1892,0,25.52631579,2.5,27.63157895,5.921052632,10,28.42105263
滄庵集,趙鍾悳,1858,1927,1892,0,34.68208092,10.21194605,32.94797688,7.129094412,7.32177264,7.707129094
信山文集,趙性孚,1867,1918,1892,0,20.41522491,0,76.12456747,2.76816609,0.692041522,0
靑皐集,李承鶴,1857,1928,1892,0,8.780487805,4.390243902,69.75609756,7.317073171,9.756097561,0
鹿東文集,尹炳基(炳麟),1856,1931,1893,0,4.615384615,0.769230769,93.46153846,0,1.153846154,0
小塘集,金基堯(基丙),1854,1933,1893,0,10.90909091,5.909090909,79.54545455,0,0.454545455,3.181818182
伊溪遺稿,李基斗,1867,1920,1893,0,13.61867704,1.556420233,84.04669261,0.389105058,0.389105058,0
謙山文集,文鏞(昌錫),1861,1926,1893,0,20.94594595,2.477477477,65.09009009,4.279279279,4.954954955,2.252252252
小訥先生文集,盧相稷,1855,1931,1893,0,34.85991379,7.704741379,31.46551724,2.316810345,8.405172414,15.24784483
晩悟遺稿,權纘德,1859,1927,1893,0,16.07142857,1.785714286,70.53571429,9.821428571,0.892857143,0.892857143
汎庵集,柳淵楫,1853,1933,1893,0,17.67554479,6.053268765,43.34140436,10.41162228,8.474576271,14.04358354
南谷遺稿,廉錫?,1855,1932,1893,0,3.939008895,2.160101652,89.58068615,0.762388818,2.668360864,0.889453621
晩山文集,金永銖(鎭洙),1862,1925,1893,0,16.09195402,1.149425287,73.94636015,5.747126437,1.53256705,1.53256705
憂齋文集,朴時瑗(京瑗),1861,1926,1893,0,37.20930233,0.775193798,48.0620155,11.62790698,1.550387597,0.775193798
陶川先生文集,安有商,1857,1929,1893,0,16.27906977,5.647840532,63.78737542,4.651162791,5.315614618,4.318936877
于石遺稿,權相纘,1857,1929,1893,0,11.16504854,0.970873786,75.72815534,10.67961165,0.970873786,0.485436893
?菴遺稿,盧溱暉,1854,1932,1893,0,10.57692308,1.923076923,74.03846154,11.53846154,0.961538462,0.961538462
裕山集,李恒翼,1855,1932,1893,0,26.42369021,5.239179954,57.40318907,5.466970387,2.505694761,2.961275626
天山齋文集,柳淵好,1851,1936,1893,0,32,5.6,40,13.6,4.8,4
溪窩遺稿,林?漢,1856,1931,1893,0,2.380952381,2.380952381,80.15873016,9.523809524,3.968253968,1.587301587
雲齋集,崔永祚,1859,1927,1893,0,21.72373081,0,78.27626919,0,0,0
玉圃遺稿,許林(相喆),1871,1916,1893,0,15.65217391,4.347826087,57.39130435,3.47826087,19.13043478,0
訥菴集,李之榮,1855,1931,1893,0,4.21686747,1.807228916,90.36144578,1.506024096,2.108433735,0
三畏齋集,權命熙,1865,1923,1894,0,30.36211699,3.621169916,55.71030641,1.810584958,6.267409471,2.228412256
訥菴文集,文鎭龜,1858,1931,1894,0,12.22222222,3.333333333,77.22222222,4.444444444,2.222222222,0.555555556
唐川集,李漢龍,1862,1926,1894,0,1.117318436,15.6424581,66.48044693,0.558659218,10.05586592,6.145251397
德樵藁,崔顥林,1854,1935,1894,0,2.719033233,1.208459215,91.23867069,1.208459215,3.021148036,0.604229607
鶴山文集,琴鏞夏,1860,1929,1894,0,22.12389381,5.088495575,61.0619469,9.07079646,2.433628319,0.221238938
志巖遺稿,鄭仁采,1855,1934,1894,0,33.57142857,3.571428571,37.85714286,14.28571429,7.142857143,3.571428571
方谷遺稿,權錫翰,1851,1937,1894,0,21.73913043,2.608695652,55.65217391,15.65217391,0.869565217,3.47826087
玉淡遺稿,金偉洹,1864,1925,1894,0,8.695652174,1.449275362,89.13043478,0,0.483091787,0.241545894
龍岡遺稿,鄭仁采,1855,1934,1894,0,5.737704918,4.918032787,82.78688525,2.459016393,4.098360656,0
我石遺稿,鄭文燮,1859,1929,1894,0,30.88235294,3.921568627,54.41176471,3.431372549,4.411764706,2.941176471
晦峰集,金鳳煥,1873,1915,1894,0,18.12080537,8.053691275,66.44295302,1.342281879,1.342281879,4.697986577
晩圃文集,趙性洛,1857,1931,1894,0,23.125,7.5,47.1875,9.0625,6.875,6.25
一玉遺稿,鄭圭永,1857,1932,1894,0,0.298062593,0.149031297,98.06259314,0.149031297,1.341281669,0
鹿峰集,禹孝卨,1854,1935,1894,0,28.21316614,4.388714734,58.30721003,4.07523511,2.507836991,2.507836991
智隱集,崔銓九,1850,1938,1894,0,17.54385965,4.912280702,62.45614035,2.105263158,5.263157895,7.719298246
我泉逸稿,朴鍾一,1860,1929,1894,0,4.395604396,1.098901099,78.02197802,6.043956044,9.340659341,1.098901099
愚齋遺稿,曺有弘,1876,1914,1895,0,0.892857143,2.678571429,95.53571429,0.892857143,0,0
愚川文集,金會錫,1856,1934,1895,0,10.52631579,2.144249513,77.38791423,2.729044834,4.093567251,3.118908382
西岡集,朴漢植,1860,1930,1895,0,18.85521886,1.346801347,69.02356902,5.387205387,4.04040404,1.346801347
水西文集,柳淵根,1857,1933,1895,0,13.79310345,5.057471264,63.44827586,9.885057471,2.988505747,4.827586207
希菴文集,申泰一,1852,1938,1895,0,10.2189781,1.824817518,68.24817518,8.759124088,5.109489051,5.839416058
澹溪遺稿,邊鍾基,1854,1937,1895,0,1.363636364,4.090909091,85.90909091,6.363636364,1.363636364,0.909090909
學巖集,張華植,1853,1938,1895,0,28.57142857,6.878306878,41.7989418,11.64021164,8.465608466,2.645502646
可山遺稿,吳相毅,1856,1934,1895,0,28.22580645,4.838709677,59.67741935,4.838709677,0.806451613,1.612903226
尤雅堂稿,王原(性淳),1868,1922,1895,0,10.3030303,21.21212121,45.45454545,1.818181818,12.72727273,8.484848485
竹逸集,鄭灝鎔,1855,1935,1895,0,3.149606299,7.874015748,70.86614173,2.362204724,13.38582677,2.362204724
魯菴遺稿,趙弘淳,1860,1931,1895,0,68.33333333,0.833333333,19.16666667,6.666666667,3.333333333,1.666666667
愚山遺稿,李鉉五,1868,1923,1895,0,39.04761905,0,49.52380952,8.571428571,0,2.857142857
林坡文集,趙映奎,1858,1932,1895,0,36.27684964,1.909307876,47.49403341,9.546539379,3.818615752,0.954653938
玉峰文集,周基鎰,1862,1930,1896,0,8.734939759,1.807228916,79.21686747,6.626506024,1.204819277,2.409638554
定山集,裴文昶,1864,1928,1896,0,28.24427481,2.290076336,60.30534351,6.870229008,1.526717557,0.763358779
晦山文集,潘東?,1863,1930,1896,0,24.79338843,3.305785124,65.2892562,0.826446281,4.958677686,0.826446281
竹軒散稿,李圭翰,1866,1927,1896,0,38.41463415,2.743902439,46.95121951,5.487804878,3.963414634,2.43902439
栢後遺集,殷成馹,1857,1935,1896,0,11.08312343,3.778337531,73.04785894,3.274559194,7.304785894,1.511335013
二山集,姜舜元,1850,1943,1896,0,2.788844622,7.96812749,67.33067729,7.171314741,7.569721116,7.171314741
曉堂文集,崔命熙(洛文),1864,1928,1896,0,17.21518987,3.037974684,53.41772152,8.101265823,5.316455696,12.91139241
弦齋集,尹炳模,1859,1934,1896,0,13.77410468,3.03030303,73.27823691,6.060606061,1.928374656,1.928374656
東湖先生文集,朴顯求,1853,1939,1896,0,21.62162162,5.019305019,55.98455598,1.930501931,7.722007722,7.722007722
于堂詩?,尹喜求,1867,1926,1896,0,0,0,100,0,0,0
石汀集,趙寅錫(昌赫),1863,1930,1896,0,19.64980545,11.47859922,47.66536965,3.307392996,9.338521401,8.560311284
希菴遺稿,金永儀(永佶),1864,1928,1896,0,21.72131148,3.68852459,61.47540984,2.049180328,6.147540984,4.918032787
省菴遺稿,金容璿,1865,1927,1896,0,23.02631579,4.605263158,54.60526316,3.947368421,7.894736842,5.921052632
金溪集,李洙夏,1861,1931,1896,0,7.258064516,1.344086022,78.22580645,2.956989247,8.870967742,1.344086022
兢齋文集,李柄運,1858,1937,1897,0,41.01995565,3.54767184,47.67184035,0,7.760532151,0
玉澗集,崔秉軾,1867,1928,1897,0,20.54263566,3.100775194,63.56589147,5.03875969,5.426356589,2.325581395
韋堂遺稿,曺龍燮,1870,1925,1897,0,13.56589147,1.937984496,82.17054264,1.162790698,0.775193798,0.387596899
蘭石遺稿,姜在琦,1857,1938,1897,0,0.505050505,1.01010101,97.47474747,0.336700337,0.673400673,0
養窩遺稿,金赫洙,1867,1928,1897,0,66.66666667,4.651162791,17.05426357,5.426356589,1.550387597,4.651162791
一?先生逸稿,玉瑛和,1861,1934,1897,0,0,3.260869565,95.10869565,0.543478261,1.086956522,0
西岡文集,朴亨東(瑀東),1875,1920,1897,0,21.42857143,0.446428571,71.42857143,4.464285714,2.232142857,0
篤山文集,李萬成,1872,1922,1897,0,16.41791045,2.985074627,72.13930348,2.985074627,2.985074627,2.487562189
靖山文集,宋鎬坤(德炳),1865,1930,1897,0,34.36482085,5.863192182,27.19869707,4.885993485,11.07491857,16.61237785
雙石遺稿,權寧鎬,1863,1932,1897,0,4.195804196,0,92.65734266,3.146853147,0,0
時齋文集,宋源福,1864,1931,1897,0,11.34020619,1.374570447,82.4742268,3.436426117,1.374570447,0
小峰遺稿,李鎰,1868,1927,1897,0,1.923076923,0.686813187,94.50549451,1.373626374,1.510989011,0
山谷遺稿,崔基模,1869,1925,1897,0,16.59388646,7.860262009,66.37554585,0,9.170305677,0
翫月遺稿,黃良鉉,1863,1931,1897,0,1.183431953,0.591715976,98.22485207,0,0,0
?臨川遺稿,安光鎭,1860,1935,1897,0,7.196029777,1.488833747,88.8337469,1.488833747,0.744416873,0.248138958
韶山集,孫鳳祥,1861,1936,1898,0,4.028021016,1.751313485,88.96672504,1.751313485,2.977232925,0.525394046
蒙軒遺稿,魚在源,1866,1930,1898,0,58.69565217,2.608695652,25.2173913,9.565217391,3.043478261,0.869565217
小岡集,金泰麟,1869,1927,1898,0,21.91011236,6.179775281,56.17977528,5.617977528,4.494382022,5.617977528
學泉文集,金江玟,1868,1928,1898,0,15.15151515,9.764309764,56.56565657,6.397306397,9.090909091,3.03030303
省軒先生文集,李炳憙,1859,1938,1898,0,43.53233831,2.23880597,36.31840796,9.2039801,5.223880597,3.482587065
果齋文集,宋悳用(憲用),1864,1932,1898,0,20.54794521,4.566210046,49.7716895,8.675799087,6.849315068,9.589041096
脩軒文集,崔鉉弼,1860,1937,1898,0,10.37837838,8.324324324,47.13513514,8.972972973,9.72972973,15.45945946
杏樵遺稿,李愚淵,1863,1934,1898,0,6.467661692,0.497512438,86.06965174,4.47761194,0.995024876,1.492537313
柏坡遺稿,朴萬春,1859,1937,1898,0,19.81132075,8.490566038,67.9245283,0,3.773584906,0
愚隱遺稿,金東壽,1866,1931,1898,0,18.8976378,2.362204724,70.86614173,4.724409449,0.787401575,2.362204724
克復齋私稿,金冕澤,1862,1934,1898,0,18.36734694,6.632653061,57.65306122,3.06122449,5.612244898,8.673469388
海史遺稿,鄭敦均,1855,1941,1898,0,3.125,0.625,92.5,3.125,0,0.625
松隱遺稿,安昌濟,1866,1931,1898,0,44.09448819,0.787401575,50.39370079,3.937007874,0,0.787401575
筠軒山隱兩世遺稿,洪祐珍,1858,1939,1898,0,0,1.673640167,98.32635983,0,0,0
晩山遺稿,裴炳元,1866,1930,1898,0,20.58823529,3.921568627,61.76470588,4.411764706,8.333333333,0.980392157
晩圃遺稿,趙敬植,1865,1932,1898,0,2.985074627,3.731343284,85.82089552,2.23880597,1.492537313,3.731343284
東溪堂遺稿,梁會洛,1862,1935,1898,0,38.21989529,11.51832461,28.79581152,8.376963351,6.806282723,6.282722513
敦齋文集,柳相大,1864,1935,1899,0,36.87600644,1.93236715,46.85990338,4.99194847,4.508856683,4.830917874
省窩文集,李寅梓,1870,1929,1899,0,14.1221374,4.580152672,74.04580153,2.671755725,3.053435115,1.526717557
西岡文集,李中厚(以厚),1865,1934,1899,0,20.88353414,3.614457831,67.87148594,3.212851406,4.016064257,0.401606426
松溪文集,田珪鎭,1870,1928,1899,0,30.92485549,2.601156069,56.06936416,3.757225434,2.601156069,4.046242775
顧軒集,金悳鍊,1869,1929,1899,0,25.09090909,6.909090909,50.18181818,11.27272727,4,2.545454545
省齋集,權相翊,1863,1935,1899,0,30.17241379,8.103448276,32.75862069,3.793103448,6.551724138,18.62068966
省窩文集,李寅?,1870,1929,1899,0,14.1221374,4.580152672,74.04580153,2.671755725,3.053435115,1.526717557
紫下遺稿,劉洪烈,1865,1933,1899,0,2.564102564,0.854700855,94.01709402,2.564102564,0,0
懼齋先生文集,崔鶴吉,1862,1936,1899,0,29.17341977,6.80713128,53.64667747,4.051863857,4.53808752,1.782820097
靜窩遺稿,安鼎鉉,1871,1927,1899,0,25.66371681,2.654867257,55.75221239,10.61946903,4.424778761,0.884955752
義堂先生文集,鄭東轍,1859,1939,1899,0,9.475465313,6.091370558,72.41962775,5.414551607,2.707275804,3.891708968
蓮汀遺稿,鄭煥喆,1860,1938,1899,0,39.13043478,8.695652174,34.7826087,4.347826087,10.86956522,2.173913043
湖巖文集,禹柄台(夏洛),1881,1918,1899,0,20.73170732,0,76.2195122,3.048780488,0,0
沂?遺藁,李壽春,1861,1939,1900,0,16.63461538,0.673076923,74.51923077,7.019230769,0.961538462,0.192307692
紫山先生遺稿,李炳奎,1864,1936,1900,0,30.36649215,3.926701571,51.04712042,6.020942408,3.926701571,4.712041885
顧窩文集,崔仁敎,1867,1934,1900,0,8.771929825,5.263157895,69.59064327,0,15.20467836,1.169590643
聽江集,崔道燮,1868,1932,1900,0,34.41396509,5.985037406,41.89526185,8.97755611,2.743142145,5.985037406
溫齋集,姜友永,1862,1939,1900,0,12.82051282,1.709401709,66.23931624,2.136752137,16.23931624,0.854700855
海陰文集,朴璣烈,1862,1939,1900,0,3.977272727,2.840909091,82.38636364,0,3.977272727,6.818181818
安愚遺稿,金泳斗(淵斗),1857,1944,1900,0,3.048780488,1.219512195,89.02439024,0.609756098,6.097560976,0
晩最文集,李泰文,1861,1939,1900,0,12.65822785,3.037974684,73.41772152,4.556962025,3.544303797,2.784810127
晩山遺稿,朴昇九,1860,1940,1900,0,5.699481865,7.25388601,81.34715026,2.590673575,2.590673575,0.518134715
采山遺稿,金玟?,1861,1940,1900,0,10,5.454545455,77.27272727,4.545454545,1.818181818,0.909090909
蕉溪遺稿,金尙振,1864,1936,1900,0,17.34104046,0.578034682,76.87861272,5.202312139,0,0
竹塢集,李常白,1857,1944,1900,0,41.60583942,9.489051095,34.30656934,8.02919708,4.379562044,2.189781022
鶴皐遺稿,李鎭薰,1878,1923,1900,0,7.874015748,0.787401575,73.22834646,14.17322835,0.787401575,3.149606299
晩悔遺稿,具然浩,1861,1940,1900,0,12.43243243,3.243243243,79.45945946,2.702702703,0.540540541,1.621621622
弦齋集,曹庸相,1870,1930,1900,0,51.40186916,3.738317757,35.51401869,7.943925234,0.46728972,0.934579439
南岡遺稿,沈宜定,1859,1942,1900,0,7.373271889,0.921658986,87.55760369,2.764976959,0.921658986,0.460829493
鳳岡遺稿,姜粲熙,1863,1937,1900,0,3.619909502,1.357466063,90.04524887,1.357466063,3.619909502,0
訥齋先生文集,金柄璘(柄麟),1861,1940,1900,0,30.92307692,5.538461538,41.23076923,5.076923077,7.692307692,9.538461538
柏谷詩稿,具益謨,1875,1925,1900,0,0,0,100,0,0,0
養浩齋遺稿,金社鉉,1864,1938,1901,0,24.15458937,5.314009662,43.47826087,8.212560386,8.212560386,10.62801932
滄樊集,朴海徹(海喆),1868,1934,1901,0,34.18604651,3.720930233,46.27906977,12.55813953,0.930232558,2.325581395
龍岡遺稿,鄭源河,1866,1937,1901,0,3.255813953,4.651162791,86.04651163,3.255813953,1.395348837,1.395348837
止山文集,李淳鎔,1869,1933,1901,0,8.530805687,0.947867299,79.62085308,4.265402844,4.265402844,2.369668246
見山文集,張命相,1865,1937,1901,0,27.4611399,9.844559585,37.30569948,6.735751295,9.844559585,8.808290155
醉山遺稿,南有海,1866,1936,1901,0,2.419354839,0.806451613,91.93548387,0.806451613,2.419354839,1.612903226
菊齋遺稿,裴在憲,1884,1919,1901,0,16.36363636,2.727272727,74.54545455,2.727272727,3.636363636,0
甁山先生文集,金永學,1869,1933,1901,0,22.35099338,2.814569536,65.72847682,4.139072848,4.470198675,0.496688742
誠齋遺稿,金商德,1873,1930,1901,0,4.098360656,0,90.57377049,3.278688525,2.049180328,0
秀山文集,金秉宗,1871,1931,1901,0,29.95951417,5.060728745,49.1902834,7.287449393,3.846153846,4.655870445
國樵遺稿,朴鳳鎭,1865,1937,1901,0,0,0.99009901,98.01980198,0.99009901,0,0
石塢文集,權秉燮,1854,1949,1901,0,12.59370315,5.397301349,57.87106447,11.39430285,7.346326837,5.397301349
雪嶽集,姜璲桓,1876,1926,1901,0,23.40425532,6.914893617,54.78723404,3.723404255,5.319148936,5.85106383
竹軒先生遺稿,魏啓昌,1861,1943,1902,0,5.412371134,1.030927835,80.67010309,1.546391753,3.865979381,7.474226804
信古堂遺輯逸藁,金克永(璣永),1863,1941,1902,0,42.85714286,2.521008403,52.94117647,0,1.680672269,0
信古堂遺輯,金克永(璣永),1863,1941,1902,0,0,0.675675676,87.83783784,0,0,11.48648649
朗山先生文集,李?,1870,1934,1902,0,26.83237731,3.314212874,59.59209688,1.848311026,4.652644997,3.760356915
苟齋文集,"鄭載星(煥奎, 煥星)",1863,1941,1902,0,10.52631579,3.302373581,73.06501548,3.405572755,2.992776058,6.707946336
惺堂遺稿,石大誠,1871,1933,1902,0,14.75409836,4.098360656,72.13114754,4.098360656,4.918032787,0
艮庵文集,朴燉,1863,1942,1902,0,13.81818182,2.545454545,77.09090909,3.636363636,2.545454545,0.363636364
直窩文集,池斗煥,1867,1938,1902,0,28.8372093,3.720930233,53.72093023,5.581395349,6.046511628,2.093023256
夢晦集,許業,1883,1922,1902,0,42.74509804,6.666666667,31.76470588,2.745098039,15.68627451,0.392156863
愼庵遺稿,金直源,1868,1937,1902,0,12.22493888,3.422982885,77.26161369,3.91198044,2.93398533,0.244498778
東山遺稿,李泰翔(泰英),1866,1938,1902,0,22.34636872,2.234636872,65.92178771,8.938547486,0,0.558659218
東洲文集,金基東,1874,1930,1902,0,35.18518519,0.925925926,36.11111111,26.85185185,0.925925926,0
晦窩集,曹秉憙(柄彩),1880,1925,1902,0,7.853403141,0.523560209,88.48167539,1.570680628,1.047120419,0.523560209
危齋遺稿,金炳周,1869,1936,1902,0,30.02915452,8.163265306,34.69387755,2.040816327,14.57725948,10.49562682
明庵集,李泰一,1860,1944,1902,0,30.33033033,12.61261261,24.02402402,7.507507508,10.51051051,15.01501502
奈山文集,李運淵,1864,1940,1902,0,25.20661157,1.239669421,57.02479339,11.15702479,4.132231405,1.239669421
琴岡遺稿,裴相瑾,1868,1936,1902,0,19.8757764,3.726708075,60.86956522,7.763975155,4.037267081,3.726708075
遂吾齋先生文集,金在洪,1867,1939,1903,0,41.95402299,10.48850575,26.58045977,1.867816092,12.21264368,6.896551724
海山遺稿,鄭在奎,1873,1933,1903,0,0,1.769911504,98.2300885,0,0,0
巖西先生文集,曺兢燮,1873,1933,1903,0,18.78172589,8.714043993,46.44670051,3.468697124,9.221658206,13.36717428
省齋文集,金鶴斗,1861,1946,1903,0,19.46308725,9.395973154,65.43624161,0,3.020134228,2.684563758
晦窩遺稿,李中錫,1870,1936,1903,0,16.52892562,1.652892562,66.94214876,2.479338843,7.438016529,4.958677686
深齋先生文集,曺兢燮,1873,1933,1903,0,22.8362878,9.593326382,41.08446298,2.919708029,9.593326382,13.97288843
七悔堂文集,沈東澤,1871,1936,1903,0,13.35877863,3.435114504,70.99236641,5.34351145,4.961832061,1.908396947
菊圃文集,李敎曄,1863,1943,1903,0,4.21686747,0.903614458,92.77108434,1.807228916,0.301204819,0
近菴文集,朴寅燮,1873,1934,1903,0,35.24229075,8.370044053,43.02496329,1.174743025,8.370044053,3.817914831
某溪文集,金鴻洛,1863,1943,1903,0,8.152173913,9.510869565,31.79347826,6.52173913,12.22826087,31.79347826
小溪文集,宋鍾轍,1862,1945,1903,0,0.454545455,0,98.63636364,0.909090909,0,0
浦西文集,裴疇煥,1868,1938,1903,0,8.974358974,0.961538462,83.33333333,4.807692308,1.602564103,0.320512821
中溪遺藁,許寧,1867,1939,1903,0,17.88617886,8.130081301,67.4796748,2.43902439,0.81300813,3.25203252
?齋遺稿,金定中,1865,1942,1903,0,16.16766467,5.688622754,50.89820359,1.497005988,11.9760479,13.77245509
省菴集,趙愚植(進植),1869,1937,1903,0,7.776560789,2.628696605,69.33187295,3.066812705,14.89594743,2.300109529
說齋集,蘇學奎,1859,1950,1904,0,11.83206107,3.816793893,59.73282443,1.812977099,10.49618321,12.30916031
二柳齋文集,李中洙,1863,1946,1904,0,20.63037249,5.444126074,55.8739255,6.303724928,4.584527221,7.163323782
勉窩文集,邊台均,1867,1942,1904,0,17.10843373,2.891566265,67.95180723,6.265060241,3.614457831,2.168674699
一和先生文集,崔鉉達,1867,1942,1904,0,9.342560554,8.996539792,71.28027682,3.806228374,3.114186851,3.460207612
守岡文集,沈鍾煥,1876,1933,1904,0,12.71186441,1.694915254,76.69491525,8.050847458,0,0.847457627
老溪遺藁,李鎔,1868,1940,1904,0,0.831600832,0.415800416,97.08939709,1.247401247,0.415800416,0
湖隱遺稿,柳相仁,1863,1945,1904,0,17.69230769,3.846153846,70.76923077,4.615384615,1.538461538,1.538461538
無聞軒文集,李澈厚,1874,1934,1904,0,38.26086957,3.47826087,48.69565217,6.956521739,2.173913043,0.434782609
梧岡文集,權鳳鉉,1872,1936,1904,0,28.52664577,2.351097179,63.1661442,4.388714734,1.097178683,0.470219436
南汀遺稿,金在瀅,1869,1939,1904,0,7.272727273,0.909090909,91.81818182,0,0,0
晦隱集,安極,1864,1945,1904,0,7.234042553,3.546099291,82.26950355,0.283687943,4.964539007,1.70212766
月雲文集,高?,1862,1947,1904,0,0,4.481792717,68.62745098,7.56302521,16.80672269,2.521008403
史謂遺稿,宋奎憲,1870,1938,1904,0,4.716981132,12.26415094,0,0,18.39622642,64.62264151
愼庭文集,盧興鉉,1875,1933,1904,0,7.100591716,1.775147929,84.61538462,1.775147929,1.183431953,3.550295858
華東私稿,權福洙,1871,1937,1904,0,15.19434629,3.180212014,76.67844523,0,4.946996466,0
鶴溪遺輯,崔煥模,1862,1947,1904,0,3.571428571,0.714285714,74.28571429,15.71428571,1.428571429,4.285714286
琴皐遺集,成石根,1878,1930,1904,0,7.142857143,0.974025974,87.66233766,2.272727273,0.649350649,1.298701299
道峰先生遺集,孔學源,1869,1939,1904,0,25.18703242,6.857855362,45.38653367,2.244389027,15.83541147,4.488778055
愼軒遺稿,金玉燮,1878,1930,1904,0,11.77231565,4.139715395,77.36093144,2.587322122,2.069857697,2.069857697
重軒文集,黃澈源,1878,1932,1905,0,53.63408521,2.506265664,28.07017544,5.012531328,5.263157895,5.513784461
龜川遺集,金昌稷,1872,1939,1905,0,21.97183099,1.126760563,59.71830986,10.98591549,2.535211268,3.661971831
農西遺稿,安廈鎭,1876,1935,1905,0,33.632287,13.0044843,47.08520179,0,3.139013453,3.139013453
裕齋遺稿,楊鍾樂,1870,1941,1905,0,4.693140794,1.444043321,86.64259928,3.610108303,2.888086643,0.722021661
小溪遺稿,石載俊,1866,1945,1905,0,19.64285714,8.482142857,52.23214286,2.232142857,15.17857143,2.232142857
春潭集,申鵬,1889,1922,1905,0,56.52173913,3.47826087,30.43478261,0,3.47826087,6.086956522
陶庵文集,丁敦燮,1870,1941,1905,0,14.68926554,0,62.71186441,8.474576271,14.12429379,0
晦山先生文集,安鼎呂,1871,1939,1905,0,28.40909091,7.954545455,35.22727273,4.545454545,10.22727273,13.63636364
寬寮集,河泳台(泳朝),1875,1936,1905,0,20.96774194,2.580645161,64.19354839,6.129032258,4.193548387,1.935483871
畜庵遺稿,朴奎福,1874,1937,1905,0,14.72392638,1.840490798,68.09815951,14.11042945,0.613496933,0.613496933
梅溪集,金宗禧,1878,1932,1905,0,17.14285714,2.857142857,71.42857143,4.761904762,1.904761905,1.904761905
拜軒集,趙泳善,1879,1931,1905,0,22.00956938,6.220095694,57.41626794,5.263157895,2.392344498,6.698564593
恒齋集,芮漢基,1872,1939,1905,0,21.6,0.8,59.2,16.8,1.6,0
?堂遺稿,李會穆,1876,1935,1905,0,16.04938272,0.308641975,79.62962963,3.395061728,0.308641975,0.308641975
景菴先生文集,張載濂,1877,1934,1905,0,26.62721893,14.79289941,31.95266272,7.100591716,5.325443787,14.20118343
惺齋文集,黃復性,1880,1933,1906,0,34.83870968,5.806451613,42.58064516,9.032258065,5.806451613,1.935483871
惺菴文集,安植源,1868,1945,1906,0,21.86495177,2.250803859,61.73633441,7.717041801,2.572347267,3.8585209
易堂稿,朴膺鍾,1893,1919,1906,0,14.28571429,7.857142857,75.71428571,0,2.142857143,0
雲坡遺稿,李光周,1871,1942,1906,0,14.1509434,0,76.88679245,5.660377358,2.830188679,0.471698113
毅齋遺稿,郭泰鍾,1872,1940,1906,0,22.63374486,6.172839506,48.97119342,7.407407407,13.58024691,1.234567901
悳泉續集,成幾運,1867,1946,1906,0,75.23809524,2.857142857,1.904761905,0,2.857142857,17.14285714
悳泉集,成幾運,1867,1946,1906,0,44.33962264,7.86163522,18.55345912,5.660377358,7.547169811,16.03773585
樂川遺稿,李敎川,1882,1931,1906,0,51.33333333,6.666666667,30.33333333,2.333333333,5,4.333333333
芝村遺稿,權鳳壽,1872,1940,1906,0,0,2.884615385,89.42307692,4.807692308,0,2.884615385
易堂稿,朴膺鍾,1893,1919,1906,0,14.38848921,7.194244604,76.25899281,0,2.158273381,0
川黎稿,柳萬馨,1870,1943,1906,0,4.580152672,2.290076336,83.96946565,5.34351145,3.053435115,0.763358779
竹師遺稿,張柄晦(柄直),1871,1941,1906,0,59.72222222,3.240740741,23.14814815,3.703703704,8.796296296,1.388888889
吾山文集,柳栢秊,1870,1945,1907,0,21.05263158,1.754385965,64.9122807,4.093567251,0.584795322,7.602339181
晦山文集,李邦桓,1880,1935,1907,0,20.60606061,3.636363636,66.06060606,2.121212121,2.424242424,5.151515152
農谷文集,金明範,1870,1944,1907,0,5.154639175,8.934707904,73.19587629,4.12371134,7.216494845,1.374570447
斗南私稿,吳海謙,1890,1925,1907,0,11.48148148,5.925925926,68.88888889,4.074074074,2.222222222,7.407407407
守齋遺稿,周時範,1883,1932,1907,0,31.03448276,3.103448276,60.68965517,3.103448276,1.034482759,1.034482759
海山集,鄭海榮,1868,1946,1907,0,3.722084367,0.248138958,93.30024814,2.481389578,0,0.248138958
夷川集,南昌熙,1870,1945,1907,0,48.26629681,3.19001387,36.61581137,6.241331484,1.803051318,3.883495146
毅齋集,李鍾弘,1879,1936,1907,0,26.17021277,3.191489362,49.78723404,8.723404255,7.659574468,4.468085106
耕庵遺稿,金洛源,1871,1944,1907,0,4.166666667,2.777777778,90.74074074,0.925925926,1.388888889,0
敬齋遺稿,林炳周,1872,1943,1907,0,3.105590062,0,88.19875776,0,8.695652174,0
石我文集,金進源(造源),1872,1943,1907,0,13.04347826,1.863354037,77.01863354,3.105590062,4.347826087,0.621118012
堅菴集,權載璣,1887,1930,1908,0,38.46153846,3.076923077,43.07692308,3.076923077,11.53846154,0.769230769
心守軒遺稿,安炳斑,1875,1941,1908,0,16.36363636,0.909090909,76.36363636,6.363636364,0,0
學山遺稿,李績雨,1876,1940,1908,0,13.15789474,2.631578947,71.92982456,7.894736842,0.877192982,3.50877193
畿軒集,金基鎔,1869,1947,1908,0,12.90322581,1.897533207,73.4345351,8.34914611,1.707779886,1.707779886
悔窩文集,張承杓,1875,1942,1908,0,25.95419847,1.908396947,62.97709924,4.198473282,2.671755725,2.290076336
屛巢遺稿,朴淇龍,1873,1944,1908,0,11.2,3.2,82.4,0,2.4,0.8
湖雲遺稿,李羲悅(羲震),1872,1945,1908,0,0,0.729927007,97.81021898,0,1.459854015,0
畸堂集,柳致性,1879,1937,1908,0,10,1.764705882,83.52941176,3.529411765,0,1.176470588
立巖集,南廷瑀,1869,1947,1908,0,32.69045323,3.471552555,49.18032787,4.339440694,3.664416586,6.653809065
立巖續集,南廷瑀,1869,1947,1908,0,37.99126638,2.401746725,56.33187773,1.091703057,1.528384279,0.655021834
稽岡遺輯,吳基洪,1878,1938,1908,0,20.27027027,3.378378378,72.2972973,4.054054054,0,0
正谷遺集,成煥孚(煥寶),1870,1947,1908,0,3.584229391,1.433691756,89.60573477,1.075268817,3.225806452,1.075268817
城隱遺稿,金在範,1868,1948,1908,0,0,5.357142857,88.39285714,0,6.25,0
止齋遺稿,金永淳,1871,1946,1908,0,26.92307692,2.403846154,53.84615385,12.5,1.442307692,2.884615385
蘇眉遺稿,申轍雨,1868,1948,1908,0,5.218855219,0.336700337,92.59259259,1.683501684,0.168350168,0
石蕉遺稿,申應休,1868,1949,1908,0,0,1.98019802,96.53465347,0,0,1.485148515
龜村集,趙炳寬,1876,1941,1908,0,12.55349501,4.136947218,72.89586305,3.281027104,2.995720399,4.136947218
思軒遺稿,宋柱昇,1869,1947,1908,0,15.81027668,9.090909091,50.19762846,3.95256917,2.766798419,18.18181818
耳山文集,朴在錫,1885,1931,1908,0,4,3.333333333,77.33333333,14,1.333333333,0
百愧集,禹夏九,1871,1948,1909,0,22.94573643,2.635658915,64.34108527,6.666666667,2.325581395,1.085271318
復菴先生文集,蔣華植,1871,1947,1909,0,28.24742268,4.948453608,59.79381443,2.886597938,2.886597938,1.237113402
后南文集,姜寅洙,1875,1943,1909,0,20.27027027,1.351351351,71.62162162,2.252252252,2.702702703,1.801801802
野隱遺稿,朴重勉,1869,1950,1909,0,9.333333333,6,63.33333333,10.66666667,4.666666667,6
希齋文集,鄭鍾和,1881,1938,1909,0,21.00840336,1.400560224,69.74789916,6.442577031,0.56022409,0.840336134
元谷集,韓禹錫(夔錫),1872,1947,1909,0,6,1.777777778,85.77777778,3.333333333,2.666666667,0.444444444
性菴集,李瑢秀,1875,1943,1909,0,14.93775934,1.037344398,80.29045643,2.074688797,1.037344398,0.622406639
偶齋文集,李觀厚,1869,1949,1909,0,16.81415929,5.309734513,56.19469027,9.734513274,6.194690265,5.752212389
內山遺稿,李敎冕,1882,1937,1909,0,11.04477612,0.597014925,85.37313433,2.686567164,0.298507463,0
澹山集,河祐植,1875,1943,1909,0,28.08510638,5.531914894,53.82978723,5.319148936,3.191489362,4.042553191
止齋文集,孫浩榮,1876,1943,1909,0,20.37735849,7.547169811,55.47169811,9.056603774,4.905660377,2.641509434
春巖私稿,崔孝習,1874,1944,1909,0,23.35025381,8.629441624,37.05583756,5.076142132,5.583756345,20.30456853
尤堂集拾遺,金容承(容弼),1876,1943,1909,0,7.894736842,4.385964912,79.8245614,0.877192982,2.631578947,4.385964912
伊山集,禹錫圭,1873,1948,1910,0,26.7281106,0.921658986,62.21198157,9.216589862,0.69124424,0.230414747
松溪文集,金榮洙,1865,1956,1910,0,23.32439678,3.351206434,58.1769437,4.825737265,8.847184987,1.474530831
?巖集,文甲淳,1888,1933,1910,0,8.139534884,0.775193798,85.27131783,3.100775194,1.550387597,1.162790698
石隱文集,孫永斗,1874,1947,1910,0,20.3125,5.208333333,55.20833333,11.45833333,7.8125,0
翠庵遺稿,姜大一,1871,1950,1910,0,0,0,100,0,0,0
致齋集,趙鏞憲,1869,1951,1910,0,20.35763411,2.475928473,70.56396149,2.338376891,3.026134801,1.237964237
松塢遺稿,李鎭輔,1875,1945,1910,0,14.69072165,1.030927835,80.41237113,2.577319588,1.030927835,0.257731959
愚齋文集,姜台秀,1872,1949,1910,0,12.32394366,4.929577465,77.81690141,0,1.76056338,3.169014085
可軒文集,朴桂晟,1876,1945,1910,0,13.39285714,2.678571429,78.27380952,4.761904762,0,0.892857143
來山遺稿,裴縉基,1878,1943,1910,0,0,0.961538462,99.03846154,0,0,0
石泉續稿,鄭世永,1872,1948,1910,0,52.99145299,0,41.88034188,3.418803419,1.709401709,0
石泉私稿,鄭世永,1872,1948,1910,0,54.84764543,2.493074792,36.56509695,1.385041551,3.878116343,0.831024931
虞山文集,李會文,1869,1951,1910,0,15.71428571,11.42857143,36.19047619,19.52380952,7.619047619,9.523809524
畏堂遺稿,權五儼(鳳集),1878,1942,1910,0,2.631578947,0.657894737,92.10526316,4.605263158,0,0
克齋集,宋炳瓘,1875,1945,1910,0,25.28735632,7.471264368,18.19923372,7.662835249,7.662835249,33.7164751
克齋續集,宋炳瓘,1875,1945,1910,0,12.68882175,10.57401813,28.09667674,3.021148036,19.03323263,26.58610272
滄皐集,鄭仁卓,1868,1953,1910,0,6.115107914,5.395683453,72.6618705,4.316546763,6.115107914,5.395683453
學稼遺稿,許正魯,1871,1949,1910,0,14.13612565,2.094240838,73.82198953,4.188481675,3.141361257,2.617801047
畏山文集,柳時鳳,1869,1951,1910,0,3.571428571,2.678571429,82.14285714,1.785714286,2.976190476,6.845238095
古齋文集,崔坤述,1870,1953,1911,0,14.14790997,6.752411576,63.98713826,2.250803859,10.93247588,1.92926045
活菴遺稿,田溶奎,1878,1944,1911,0,23.07692308,3.133903134,53.84615385,6.837606838,4.558404558,8.547008547
湖庵文集,金景文(休晩),1881,1941,1911,0,26.171875,3.515625,57.8125,7.03125,4.296875,1.171875
沙陽遺稿,權秉載,1867,1955,1911,0,18.93939394,0,71.21212121,8.333333333,1.515151515,0
後松遺稿,蔡冕?,1871,1952,1911,0,27.34375,7.03125,53.125,4.6875,4.6875,3.125
雲樵遺稿,洪承敬,1876,1947,1911,0,12.5,1.086956522,64.13043478,18.47826087,0,3.804347826
雲林逸稿,鄭殷模,1870,1953,1911,0,6.930693069,0,85.64356436,6.930693069,0.495049505,0
稼隱逸稿,金敬淵,1883,1940,1911,0,0,1.709401709,98.29059829,0,0,0
約齋文集,安鍾和,1885,1937,1911,0,28.68421053,3.947368421,49.73684211,9.473684211,4.736842105,3.421052632
雷山遺稿,許信,1876,1946,1911,0,8.454810496,2.623906706,81.63265306,1.457725948,3.790087464,2.040816327
華山文集,權載二,1875,1947,1911,0,15.83011583,3.088803089,71.04247104,1.544401544,2.702702703,5.791505792
紹塘遺稿,金曾弘(曾鴻),1889,1933,1911,0,25.40540541,12.97297297,37.2972973,4.864864865,7.027027027,12.43243243
百泉集,盧澈秀,1871,1951,1911,0,16.84491979,5.347593583,51.06951872,5.080213904,8.823529412,12.8342246
心菴遺稿,梁啓?,1882,1941,1911,0,31.2849162,9.776536313,37.15083799,0,15.08379888,6.703910615
剛窩集,宋殷憲(勉憲),1876,1946,1911,0,13.87096774,3.225806452,72.90322581,6.451612903,1.612903226,1.935483871
月洲遺稿,李鍾舜,1895,1928,1911,0,25.19685039,6.299212598,55.11811024,9.448818898,2.362204724,1.57480315
修堂遺稿,"鄭鐘燁(晉鏞, 鎭喜)",1885,1940,1912,0,25.34246575,4.109589041,51.71232877,3.767123288,8.561643836,6.506849315
愼小齋遺稿,李潤煥,1872,1952,1912,0,22.37762238,9.79020979,66.43356643,0,0,1.398601399
後菴文集,宋曾憲,1878,1947,1912,0,20.4234122,7.845579078,35.49190535,2.739726027,11.58156912,21.91780822
惺軒先生文集,林翰周,1871,1954,1912,0,9.510869565,9.510869565,51.90217391,1.086956522,16.57608696,11.41304348
可林文集,柳璋植,1875,1950,1912,0,15.84158416,3.465346535,65.84158416,11.88118812,0.99009901,1.98019802
誠齋文集,任泰柱,1881,1944,1912,0,34.3902439,9.512195122,20,3.414634146,29.26829268,3.414634146
和軒文集,趙正來,1880,1945,1912,0,16.60583942,2.189781022,66.97080292,6.386861314,4.744525547,3.102189781
景陽齋遺稿,李承燁,1883,1941,1912,0,26.84824903,3.112840467,53.307393,5.447470817,3.891050584,7.392996109
魯齋文集,全鳳錫,1871,1953,1912,0,13.70967742,0.806451613,74.46236559,8.333333333,1.612903226,1.075268817
鳳山文集,申鳳來,1878,1947,1912,0,14.0625,10.9375,32.8125,15.625,9.375,17.1875
錦西遺稿,金奎煥,1871,1954,1912,0,10.42780749,0.802139037,78.07486631,9.090909091,1.069518717,0.534759358
月峰遺稿,裴?集,1890,1935,1912,0,1.047120419,1.047120419,92.40837696,1.047120419,3.926701571,0.523560209
小波詩文選稿,宋明會,1872,1953,1912,0,0.895856663,3.13549832,92.38521837,0.559910414,1.679731243,1.343784994
恥堂文集,沈相福,1876,1951,1913,0,15.830721,4.07523511,66.61442006,5.329153605,4.07523511,4.07523511
東菴集,李鉉郁,1879,1948,1913,0,12.29357798,5.137614679,61.46788991,3.669724771,8.256880734,9.174311927
石齋遺稿,金在駿,1879,1947,1913,0,0,0.94637224,96.84542587,0.630914826,0.630914826,0.94637224
敬菴集,金敎俊,1883,1944,1913,0,21.76079734,3.820598007,60.96345515,1.661129568,6.810631229,4.983388704
松川集,高禮鎭,1875,1952,1913,0,15.17976032,7.057256991,57.65645806,2.92942743,9.720372836,7.456724368
玉山集,李光秀,1873,1953,1913,0,13.82113821,10.97560976,44.30894309,6.097560976,24.79674797,0
明溪遺稿,金季潤,1875,1951,1913,0,15.99045346,5.727923628,62.05250597,10.7398568,2.863961814,2.625298329
弘庵遺藁,宋毅用,1880,1947,1913,0,21.34831461,3.370786517,59.5505618,6.179775281,1.685393258,7.865168539
雲岡集,李鳳相(俊),1870,1956,1913,0,10.23622047,0.393700787,81.1023622,5.511811024,1.181102362,1.57480315
小庵文集,李悳鎬,1875,1951,1913,0,33.33333333,0.740740741,41.48148148,20,2.222222222,2.222222222
海窓文集,宋基植,1878,1949,1913,0,17.68292683,2.743902439,54.11585366,6.554878049,10.21341463,8.68902439
笑窩文集,金世欽,1876,1950,1913,0,4.782608696,2.173913043,88.26086957,4.782608696,0,0
及愚齋集,金?漢,1878,1950,1914,0,5.309734513,15.43756146,44.24778761,3.343166175,10.81612586,20.84562439
及愚齋續集,金?漢,1878,1950,1914,0,5.882352941,8.496732026,46.40522876,0.163398693,9.640522876,29.41176471
及愚齋遺集,金?漢,1878,1950,1914,0,8.196721311,3.278688525,45.08196721,0,4.098360656,39.3442623
湖隱文集,金容旭,1876,1953,1914,0,3.787878788,3.03030303,84.09090909,6.818181818,1.515151515,0.757575758
學岡遺稿,鄭在璟,1881,1948,1914,0,15.14084507,11.97183099,46.83098592,4.929577465,15.49295775,5.633802817
彌堂文集,崔武烈,1883,1946,1914,0,14.47084233,1.943844492,77.10583153,2.591792657,2.375809935,1.51187905
退山文集,姜信喆,1879,1949,1914,0,40.71038251,0.546448087,45.6284153,11.20218579,0.819672131,1.092896175
琢窩先生文集,鄭璣淵,1877,1952,1914,0,38.20895522,4.029850746,48.35820896,4.328358209,3.432835821,1.641791045
何山文集,權炳洛,1873,1956,1914,0,3.791469194,16.11374408,26.54028436,4.739336493,16.11374408,32.7014218
稽樵文集,閔致亮,1870,1958,1914,0,23.95644283,3.085299456,52.26860254,3.629764065,5.989110708,11.0707804
樂吾齋遺稿,李正遠,1871,1957,1914,0,17.03703704,0.37037037,82.59259259,0,0,0
定軒遺稿,辛在祜,1879,1949,1914,0,4.90797546,0.613496933,84.04907975,4.294478528,1.226993865,4.90797546
圭窩文集,田炳恒,1879,1950,1914,0,12.35431235,0.466200466,80.88578089,4.895104895,0.699300699,0.699300699
廬隱遺稿,李弼?,1875,1953,1914,0,23.02631579,5.263157895,53.28947368,13.81578947,1.973684211,2.631578947
懶齋遺稿,金演善,1874,1955,1914,0,0.763358779,3.053435115,60.30534351,12.97709924,11.06870229,11.83206107
眞齋私稿,李演雨,1890,1939,1914,0,44.14414414,3.603603604,36.48648649,8.108108108,1.801801802,5.855855856
性菴遺稿,韓圭桓,1877,1952,1914,0,0.178890877,0.357781753,95.88550984,0.53667263,3.041144902,0
石山遺稿,李敎垂,1880,1951,1915,0,1.910828025,3.184713376,89.8089172,1.910828025,3.184713376,0
直庵遺集,朴遠鍾,1887,1944,1915,0,3.641881639,0.758725341,91.19878604,2.124430956,1.365705615,0.91047041
欽齋文集,蔡文基,1881,1949,1915,0,8.713692946,3.734439834,80.08298755,2.489626556,2.904564315,2.074688797
宜庵文集,裴炳翰,1882,1948,1915,0,26.69322709,3.386454183,51.5936255,7.171314741,2.988047809,8.167330677
健齋文集,辛泳圭,1873,1958,1915,0,16.25,1,76.25,3.5,0.75,2.25
幾宇集,洪鈺,1883,1948,1915,0,8.96969697,3.393939394,79.75757576,3.151515152,3.515151515,1.212121212
智山遺稿,金俊昊,1881,1949,1915,0,5.699481865,1.554404145,86.52849741,2.590673575,2.590673575,1.03626943
愚石文集,洪載夏,1882,1949,1915,0,21.17647059,2.117647059,67.52941176,5.882352941,2.117647059,1.176470588
澤齋集,柳潛(海曄),1880,1951,1915,0,8.358208955,3.880597015,73.03482587,3.68159204,5.074626866,5.970149254
愚圃文集,成台榮,1879,1951,1915,0,11.2412178,3.512880562,63.23185012,3.981264637,13.58313817,4.449648712
成窩遺稿,郭柄昊,1892,1938,1915,0,47.94520548,3.424657534,35.61643836,13.01369863,0,0
誠齋文集,鄭珪錫,1876,1954,1915,0,10.95305832,3.129445235,80.08534851,1.991465149,3.129445235,0.711237553
謙受齋遺稿,李弘基,1891,1940,1915,0,32.53012048,1.204819277,59.63855422,4.819277108,1.204819277,0.602409639
退修齋集,李炳鯤(炳駿),1882,1948,1915,0,27.18253968,5.158730159,52.57936508,5.952380952,4.761904762,4.365079365
玉涯遺稿,李洪久,1878,1952,1915,0,40.57971014,4.347826087,37.19806763,11.5942029,2.415458937,3.8647343
心汕遺藁,趙成珉,1879,1952,1915,0,1.449275362,2.536231884,94.92753623,1.086956522,0,0
玄山文集,李玄圭,1882,1948,1915,0,24.18032787,13.1147541,14.75409836,6.147540984,13.93442623,27.86885246
誠庵先生文集,趙俊夏,1878,1952,1915,0,17.09741551,2.385685885,61.82902584,6.163021869,8.747514911,3.777335984
欽齋文藁,曺悳承,1873,1960,1916,0,18.41359773,8.21529745,50.7082153,3.966005666,8.781869688,9.915014164
止菴文集,鄭獻敎,1876,1957,1916,0,7.256894049,1.306240929,85.34107402,1.306240929,3.193033382,1.596516691
友石遺稿,金相殷,1884,1949,1916,0,2.797202797,1.398601399,92.30769231,0.699300699,1.398601399,1.398601399
古庵文集,趙顯奎,1874,1958,1916,0,24.5014245,5.128205128,42.16524217,8.831908832,9.401709402,9.971509972
厚菴遺稿續編,韓右東,1883,1950,1916,0,7.086614173,0.787401575,80.31496063,0,11.81102362,0
厚菴遺稿,韓右東,1883,1950,1916,0,25.19561815,3.912363067,57.74647887,5.007824726,6.41627543,1.72143975
河山文集,李宇洛,1881,1951,1916,0,14.39790576,7.853403141,58.90052356,9.42408377,6.282722513,3.141361257
立庵文集,朴憲脩,1873,1959,1916,0,15.11627907,3.875968992,68.02325581,3.682170543,5.03875969,4.263565891
?東逸稿,柳湜,1889,1944,1916,0,2.542372881,2.542372881,88.98305085,3.389830508,1.694915254,0.847457627
固菴集,宋洛憲,1889,1943,1916,0,19.84848485,6.96969697,41.66666667,6.363636364,9.545454545,15.60606061
晦峰遺稿,安圭容(圭鏞),1873,1959,1916,0,28.43691149,6.214689266,38.60640301,4.331450094,5.649717514,16.76082863
晦峰遺稿別集,安圭容(圭鏞),1873,1959,1916,0,49.33920705,0.881057269,49.77973568,0,0,0
平窩文集,權廷燮,1892,1940,1916,0,17.93478261,1.630434783,70.10869565,9.782608696,0,0.543478261
岳陽集,權載春,1882,1952,1917,0,18.24324324,4.864864865,59.18918919,3.243243243,5.540540541,8.918918919
巽軒先生文集,安鍾律,1886,1948,1917,0,20.67510549,2.953586498,64.55696203,9.282700422,1.265822785,1.265822785
溪隱遺稿,金泰植,1880,1954,1917,0,13.15789474,1.578947368,71.05263158,5.263157895,5.789473684,3.157894737
忍庵先生文集,權相圭,1874,1961,1917,0,12.32628399,9.728096677,37.70392749,3.927492447,11.66163142,24.65256798
畏齋文集,丁泰鎭,1876,1959,1917,0,3.174603175,0,96.82539683,0,0,0
陶村遺集,許赫,1884,1950,1917,0,19,2,75,3,0.5,0.5
蒼溪遺稿,李學基,1881,1953,1917,0,17.46031746,1.984126984,64.88095238,8.333333333,6.746031746,0.595238095
兢庵文集,安鍾斗,1881,1954,1917,0,16.36363636,3.636363636,47.72727273,17.72727273,7.272727273,7.272727273
海難文集,鄭鎭韶,1878,1956,1917,0,17.36111111,6.944444444,48.61111111,7.638888889,9.722222222,9.722222222
惺軒集,安商正,1888,1947,1917,0,10.06097561,4.573170732,65.85365854,10.36585366,1.219512195,7.926829268
玉田文集,權相用,1881,1956,1918,0,15.66579634,0.783289817,67.10182768,9.660574413,4.699738903,2.088772846
華雲遺稿,洪景夏,1888,1949,1918,0,6.986027944,1.596806387,82.23552894,3.992015968,2.195608782,2.994011976
靖山文集,羅相淑,1880,1957,1918,0,4.80349345,0.436681223,91.70305677,0,1.310043668,1.746724891
愚堂文集,蔡炳達,1879,1957,1918,0,28.06722689,3.025210084,59.49579832,5.714285714,3.025210084,0.672268908
止齋遺稿,李敎文(敎?),1878,1958,1918,0,24.51456311,2.427184466,64.80582524,5.097087379,1.699029126,1.45631068
梨堂遺稿,姜聖中,1898,1939,1918,0,16.41025641,1.538461538,73.33333333,3.58974359,3.076923077,2.051282051
雪軒遺稿,洪祜卨,1880,1957,1918,0,11.97183099,1.408450704,75.35211268,2.816901408,4.929577465,3.521126761
平齋遺稿,權泰直,1886,1950,1918,0,34.765625,3.125,50,9.375,1.5625,1.171875
耕山遺稿,金用雨,1875,1963,1919,0,10.2398524,2.121771218,79.42804428,4.520295203,2.58302583,1.10701107
後滄先生文集,金澤述,1884,1954,1919,0,34.5323741,7.502569373,36.7934224,3.905447071,6.988694758,10.27749229
學南齋遺稿,張基洪,1883,1956,1919,0,21.83673469,3.87755102,51.02040816,2.857142857,10,10.40816327
曙山遺稿,許湜,1879,1959,1919,0,11.69590643,2.339181287,74.46393762,2.339181287,4.288499025,4.873294347
汶岡先生文集,李承基,1879,1959,1919,0,25.6097561,1.62601626,57.31707317,8.943089431,5.691056911,0.81300813
東山遺稿,崔薰敎,1882,1956,1919,0,14.94845361,4.467353952,40.89347079,6.701030928,11.6838488,21.30584192
弘菴集,金鎭文,1881,1957,1919,0,11.2,6.8,61.6,4.4,4,12
雪舟遺稿,宋運會,1874,1965,1919,0,5.846774194,0.403225806,93.5483871,0.201612903,0,0
松齋遺稿,文寧浩,1883,1958,1920,0,16,1.142857143,73.14285714,6.285714286,1.142857143,2.285714286
直齋文集,金粹應,1887,1954,1920,0,33.68794326,3.546099291,51.41843972,4.609929078,4.964539007,1.773049645
南竹遺稿,朴璟鎭,1884,1956,1920,0,16.71732523,4.255319149,70.21276596,1.215805471,3.647416413,3.951367781
克齋遺稿,李玩相,1887,1953,1920,0,11.03896104,0.324675325,87.66233766,0.649350649,0.324675325,0
蒙軒集,朴鍾夏,1883,1958,1920,0,5.960264901,1.324503311,88.74172185,3.973509934,0,0
有齋遺稿,權載祺,1885,1955,1920,0,13.0952381,1.19047619,79.46428571,3.869047619,0.892857143,1.488095238
吾岡文集,文存浩(正浩),1884,1957,1920,0,12.57367387,3.143418468,59.13555992,8.447937132,9.037328094,7.662082515
韋堂遺藁,鄭德永,1885,1956,1920,0,14.07942238,1.444043321,78.33935018,5.415162455,0.36101083,0.36101083
春汀遺稿,柳晟,1878,1963,1920,0,4.80349345,2.947598253,83.84279476,1.746724891,3.056768559,3.602620087
醒齋遺稿,李麟鎬(瓊錫),1892,1949,1920,0,18.12865497,3.801169591,69.00584795,2.923976608,5.847953216,0.292397661
鰲南遺稿,金度中,1881,1959,1920,0,6.315789474,13.68421053,22.63157895,0,26.31578947,31.05263158
梧山遺稿,金喆基,1889,1952,1920,0,7.382550336,8.053691275,65.77181208,0,17.44966443,1.342281879
重窩遺稿,魏洪良,1881,1961,1921,0,17.34693878,0.850340136,75.68027211,2.380952381,2.040816327,1.700680272
志仁齋遺稿,柳相吉,1890,1952,1921,0,22.01834862,0.917431193,68.80733945,6.422018349,0,1.834862385
梅峰遺稿,吳政杓,1897,1946,1921,0,22.5308642,4.012345679,61.41975309,6.790123457,3.395061728,1.851851852
月谷集,宋基襄,1887,1956,1921,0,10.61728395,2.962962963,64.9382716,3.209876543,8.395061728,9.87654321
後琴遺藁,成煥龜,1896,1946,1921,0,15.12605042,0.840336134,78.1512605,1.680672269,3.361344538,0.840336134
吾山文集,全鳳遂(炳玉),1882,1961,1921,0,13.22645291,9.218436874,54.50901804,2.805611222,9.819639279,10.42084168
松浦遺稿,丁魯壽,1877,1965,1921,0,9.933774834,7.284768212,59.1611479,1.766004415,11.25827815,10.59602649
山隱遺稿,洪承采,1888,1954,1921,0,0,1.796407186,98.20359281,0,0,0
石蓮遺稿,丁大晛,1884,1958,1921,0,16.53846154,5.192307692,66.92307692,1.346153846,6.923076923,3.076923077
緩齋集,朴賢模,1880,1963,1921,0,1.75879397,4.020100503,82.91457286,1.256281407,8.040201005,2.010050251
正齋集,梁會甲,1884,1961,1922,0,19.37452326,9.45842868,47.1395881,1.754385965,8.466819222,13.80625477
吾廬遺稿,柳基春,1884,1960,1922,0,15.78947368,0,69.73684211,13.15789474,0,1.315789474
松石齋遺稿,薛炳斗,1886,1959,1922,0,12.06225681,4.280155642,53.69649805,6.614785992,9.727626459,13.61867704
一峰遺稿,朴憲舜,1878,1967,1922,0,14.96062992,6.299212598,51.18110236,17.32283465,2.362204724,7.874015748
聾石文集,權丙基,1876,1969,1922,0,14.54005935,6.528189911,47.47774481,5.934718101,6.528189911,18.99109792
松潭遺稿,呂圭澈,1881,1964,1922,0,2.180685358,1.246105919,87.53894081,4.984423676,3.426791277,0.62305296
醒巖文稿,柳東翼,1884,1960,1922,0,16.66666667,8.641975309,42.59259259,19.75308642,8.641975309,3.703703704
愚軒遺稿,李道瀅(道碩),1881,1963,1922,0,0,1.582278481,92.08860759,2.215189873,4.113924051,0
?堂集,李炳和(炳立),1889,1955,1922,0,12.52485089,1.789264414,76.93836978,3.37972167,2.783300199,2.584493042
三守堂遺稿,李士榮,1885,1960,1922,0,22.75132275,2.116402116,73.01587302,1.587301587,0,0.529100529
東湄文集,甘麒鉉(泰鉉),1880,1964,1922,0,15.29850746,11.94029851,67.91044776,0,2.611940299,2.23880597
古庵文集,朴坤復(炳復),1896,1948,1922,0,20.91346154,1.442307692,70.91346154,4.807692308,1.682692308,0.240384615
農窩遺稿,李鉉宣,1881,1964,1922,0,9.920634921,3.968253968,42.46031746,0,0.793650794,42.85714286
石西遺稿,金相基,1891,1954,1922,0,23.11557789,1.005025126,71.85929648,0,2.512562814,1.507537688
石堂文集,權相經,1890,1955,1922,0,33.02325581,2.325581395,53.48837209,9.76744186,0.930232558,0.465116279
包堂文集,柳基元,1894,1950,1922,0,25.57251908,1.908396947,52.67175573,16.79389313,2.671755725,0.381679389
惺齋遺稿,李完基(?華),1897,1950,1923,0,36.84210526,5.263157895,37.79904306,11.96172249,5.741626794,2.392344498
四友亭閔先生遺稿,閔庚台,1887,1960,1923,0,1.47601476,2.21402214,89.66789668,1.84501845,2.58302583,2.21402214
石川遺稿,李奉魯,1884,1962,1923,0,7.547169811,0.943396226,82.0754717,9.433962264,0,0
錦洲文集,黃헌,1875,1972,1923,0,1.4571949,5.282331512,70.67395264,1.821493625,5.282331512,15.48269581
靖齋遺稿,南廷浩(廷禹),1898,1948,1923,0,37.22222222,0.555555556,55,5.555555556,0.555555556,1.111111111
良谷遺稿(一),李承福,1886,1961,1923,0,5.405405405,5.405405405,44.14414414,6.306306306,33.33333333,5.405405405
陽田文集,李祥鎬,1883,1963,1923,0,8.542713568,7.286432161,51.75879397,8.040201005,7.537688442,16.83417085
東隱遺稿,李秉壽,1883,1965,1924,0,1.97044335,6.403940887,85.22167488,0.985221675,3.448275862,1.97044335
小溪遺稿,權肅鳳(瑛鉉),1886,1962,1924,0,9.352517986,1.199040767,85.37170264,2.398081535,0.959232614,0.71942446
東山遺集,張鎭永,1886,1962,1924,0,30,4.666666667,56,6.666666667,0.666666667,2
竹逸遺稿,李鉉稷,1881,1968,1924,0,4.189944134,4.748603352,81.84357542,3.351955307,4.469273743,1.396648045
壤山遺集,李泰能,1887,1961,1924,0,9.333333333,6.333333333,68.33333333,0.666666667,6.333333333,9
石荷遺稿,金禧卿,1893,1955,1924,0,0.970873786,2.912621359,87.37864078,1.941747573,2.912621359,3.883495146
?山遺稿,李鍾雅,1885,1963,1924,0,6.726457399,4.484304933,80.2690583,3.587443946,4.035874439,0.896860987
?庵文集,都漢烈,1891,1959,1925,0,16.79197995,4.511278195,67.1679198,4.010025063,5.764411028,1.754385965
溪齋集,柳相喆,1882,1968,1925,0,16,3.714285714,72.28571429,1.714285714,3.714285714,2.571428571
松石遺稿,李?洙,1887,1963,1925,0,5.479452055,0.456621005,89.49771689,3.652968037,0.913242009,0
午山遺稿,南相奉,1903,1948,1925,0,32.14285714,3.571428571,57.14285714,5.357142857,0,1.785714286
杏園遺稿,林文奎,1886,1964,1925,0,27.27272727,1.363636364,63.63636364,4.545454545,2.272727273,0.909090909
顧吾軒遺稿,都相朝,1885,1965,1925,0,4.13080895,3.95869191,81.92771084,1.032702238,6.540447504,2.409638554
竹下先生文集,金永善,1890,1960,1925,0,0,0.505050505,99.49494949,0,0,0
晦窩遺稿,金永龜(永準),1884,1968,1926,0,10.42471042,3.861003861,69.88416988,6.94980695,4.633204633,4.247104247
愼庵文集,崔兢敏,1883,1970,1926,0,22.37288136,2.033898305,65.76271186,3.050847458,1.016949153,5.762711864
晦堂文集,許萬策,1890,1962,1926,0,16,5.6,74,0,1.2,3.2
雲石遺稿,河龍煥,1892,1961,1926,0,3.966005666,6.798866856,72.80453258,6.232294618,3.399433428,6.798866856
克庵遺稿,李典厚,1890,1963,1926,0,8.846153846,1.538461538,79.61538462,6.153846154,3.461538462,0.384615385
草堂遺稿,鄭淳邦,1891,1961,1926,0,4.87804878,2.195121951,91.46341463,0,1.219512195,0.243902439
玄谷集續編,柳永善,1893,1961,1927,0,35.73407202,9.141274238,1.108033241,3.324099723,10.52631579,40.16620499
玄谷先生文集,柳永善,1893,1961,1927,0,27.80626781,8.945868946,39.48717949,1.823361823,7.749287749,14.18803419
强齋遺稿,曺錫日,1886,1969,1927,0,16.66666667,9.666666667,51.66666667,6.666666667,7,8.333333333
艮菴遺稿,全鍾性,1887,1967,1927,0,14.70588235,2.100840336,71.00840336,2.521008403,5.882352941,3.781512605
學圃遺稿,李秉柱,1890,1964,1927,0,6.598984772,0,79.18781726,14.21319797,0,0
學田遺稿,李起鎬,1889,1965,1927,0,16.0326087,3.532608696,67.39130435,5.706521739,2.445652174,4.891304348
一庵遺稿,宋憙永,1893,1961,1927,0,13.57466063,2.714932127,66.5158371,11.31221719,3.167420814,2.714932127
欽窩遺稿,李京儀,1896,1958,1927,0,29.50819672,4.371584699,57.37704918,6.010928962,2.18579235,0.546448087
弘堂文集,李秉灝,1892,1964,1928,0,19.92031873,5.577689243,50.19920319,12.35059761,4.780876494,7.171314741
秋岡遺稿,李相祖,1898,1959,1928,0,11.46788991,3.211009174,73.39449541,2.293577982,3.669724771,5.963302752
春泉堂集,沈相鳳,1893,1964,1928,0,12.24489796,1.428571429,82.04081633,2.653061224,0.408163265,1.224489796
河山遺稿,金楗(熙林),1894,1963,1928,0,19.58041958,0.699300699,63.63636364,8.391608392,7.692307692,0
樊窩文集,金龍圭,1892,1964,1928,0,18.18181818,10,40.45454545,17.72727273,6.818181818,6.818181818
東谷集,金駿植,1888,1969,1928,0,26.05421687,8.584337349,26.65662651,1.506024096,18.22289157,18.97590361
尋齋遺稿,尹柄馨,1891,1967,1929,0,14.18685121,9.688581315,39.44636678,12.4567474,9.342560554,14.87889273
石齋遺稿,鄭憲喆(樂時),1889,1970,1929,0,10.91954023,1.724137931,83.33333333,2.298850575,0,1.724137931
巖廬遺稿,鄭煥杓,1896,1962,1929,0,6.25,1.5625,81.25,8.59375,1.5625,0.78125
溪菴文集,成耆悳,1884,1974,1929,0,17.25032425,7.652399481,32.42542153,6.874189364,11.67315175,24.12451362
曉堂文集,金文鈺,1901,1960,1930,0,18.08604039,12.37928007,41.17647059,1.755926251,9.833187006,16.7690957
南谷遺集,李泰夏,1888,1973,1930,0,12.32091691,1.719197708,77.93696275,3.151862464,2.29226361,2.578796562
藝堂稿,鄭源永,1905,1956,1930,0,4.545454545,1.818181818,85.45454545,3.636363636,0,4.545454545
梅堂文稿,李晩佐,1886,1975,1930,0,19.26977688,2.839756592,63.69168357,5.679513185,2.636916836,5.882352941
松塢遺稿,金基炫(基鉉),1895,1966,1930,0,4.575163399,1.307189542,92.81045752,0,1.307189542,0
中巖遺稿,趙學來,1899,1964,1931,0,8.532423208,1.023890785,74.40273038,10.23890785,1.365187713,4.436860068
晩庵遺稿,崔基鎬,1895,1967,1931,0,0,1.069518717,94.11764706,4.812834225,0,0
晩隱遺稿,姜睿祚,1894,1968,1931,0,7.317073171,4.87804878,79.67479675,3.25203252,0.81300813,4.06504065
玄沙文集,金昌詩(應煥),1894,1968,1931,0,17.04260652,14.03508772,47.61904762,5.513784461,7.518796992,8.270676692
?齋文集,河貞根,1889,1973,1931,0,12.8968254,4.365079365,72.61904762,4.761904762,0.595238095,4.761904762
硯溪文集,趙說濟,1895,1968,1931,0,7.025761124,4.918032787,69.32084309,9.133489461,3.7470726,5.854800937
小溪遺稿,河鍾洛,1895,1969,1932,0,9.659090909,1.704545455,82.67045455,3.409090909,0.568181818,1.988636364
靜軒文集,郭鍾千,1895,1970,1932,0,11.39028476,1.507537688,55.77889447,9.045226131,8.040201005,14.23785595
南坡遺稿,金相峻(相琮),1894,1971,1932,0,1.492537313,0,96.51741294,1.492537313,0.497512438,0
念齋集,金순,1888,1978,1933,0,10,4.895104895,63.4965035,0.629370629,7.132867133,13.84615385
東雲遺稿,李悳均,1898,1968,1933,0,24.31192661,7.798165138,47.70642202,6.19266055,3.899082569,10.09174312
述菴遺集,金學洙,1891,1975,1933,0,9.531502423,6.138933764,67.20516963,5.815831987,2.100161551,9.208400646
隱圃文集,宋壽根,1896,1970,1933,0,18.68787276,3.578528827,52.28628231,2.385685885,8.548707753,14.51292247
月潭遺稿,金載石,1895,1971,1933,0,9.800362976,8.34845735,43.01270417,2.540834846,6.715063521,29.58257713
守庵遺藁,金熙淵,1895,1971,1933,0,12.61127596,1.632047478,76.11275964,3.560830861,3.115727003,2.96735905
德庵遺稿,金熙東,1894,1972,1933,0,8.415841584,1.485148515,84.15841584,5.940594059,0,0
守窩集,朴世經,1902,1965,1933,0,20.4620462,0.330033003,76.56765677,2.640264026,0,0
毅堂遺稿,金永達,1903,1964,1933,0,3.896103896,1.948051948,87.01298701,3.246753247,1.948051948,1.948051948
蓬山遺稿,金賢述(福述),1898,1968,1933,0,20.60810811,11.14864865,33.10810811,6.081081081,12.83783784,16.21621622
志軒文集,李起轍,1897,1971,1934,0,13.61867704,9.143968872,53.89105058,5.447470817,5.642023346,12.25680934
晦堂遺稿,洪淳柱,1897,1971,1934,0,8.474576271,25.42372881,32.20338983,3.389830508,13.55932203,16.94915254
儉坡文集,李鎬正,1897,1971,1934,0,9.090909091,3.225806452,64.2228739,8.504398827,8.504398827,6.451612903
浩溪先生文集,李泰權,1892,1977,1934,0,31.39534884,8.720930233,23.25581395,13.37209302,4.069767442,19.18604651
荷堂私稿,鄭憲泰,1894,1974,1934,0,30.03144654,10.6918239,31.28930818,8.333333333,9.119496855,10.53459119
海醒遺稿,河恂鳳,1901,1970,1935,0,17.46987952,2.409638554,73.4939759,4.21686747,0,2.409638554
愚坡先生文集,李宗基,1900,1970,1935,0,12.53196931,11.25319693,46.2915601,5.882352941,10.23017903,13.81074169
近菴遺稿,權鵬容,1900,1970,1935,0,8.641975309,0.411522634,82.30452675,0,0,8.641975309
溪黎稿,姜文植(益根),1907,1963,1935,0,5.445544554,0.495049505,88.11881188,1.98019802,0.99009901,2.97029703
肯堂集,李圭憲,1896,1976,1936,0,8.651026393,6.37829912,63.63636364,2.785923754,3.299120235,15.24926686
愚堂遺稿,文在鳳,1903,1969,1936,0,15.01976285,1.185770751,76.28458498,3.162055336,0.395256917,3.95256917
海琴遺藁,成萬秀,1907,1965,1936,0,7.089552239,1.865671642,84.32835821,3.358208955,0.746268657,2.611940299
守堂遺稿,李基煥,1900,1972,1936,0,17.9389313,4.198473282,71.3740458,6.488549618,0,0
龍湖遺集,姜珠杏,1894,1978,1936,0,8.771929825,7.894736842,66.66666667,3.50877193,13.15789474,0
悟山遺稿,洪禎修,1908,1965,1936,0,2.694610778,4.191616766,78.14371257,12.2754491,1.796407186,0.898203593
于亭集,成煥赫,1908,1966,1937,0,6.75990676,6.526806527,58.74125874,4.895104895,8.391608392,14.68531469
新齋文集,李鎭基,1897,1978,1937,0,6.765327696,2.959830867,79.70401691,7.399577167,0.21141649,2.959830867
一松文稿,朴性洙,1897,1977,1937,0,0,0,100,0,0,0
後集,金榥,1896,1978,1937,0,16.23058054,10.17988553,28.16843827,1.349141455,15.61733442,28.45461979
前集,金榥,1896,1978,1937,0,16.91777873,10.67585019,42.05768403,4.003443823,13.47395609,12.87128713
重齋先生文集,金榥,1896,1978,1937,0,20.92161017,13.32097458,17.63771186,3.336864407,18.43220339,26.35063559
述菴文集,宋在晟,1902,1972,1937,0,20.2887538,12.15805471,16.26139818,0.455927052,10.8662614,39.96960486
宗陽遺稿,崔敏烈,1896,1980,1938,0,4.986149584,0.55401662,93.35180055,1.108033241,0,0
翠軒遺稿,李顔範,1901,1976,1938,0,34.31372549,4.901960784,43.1372549,17.64705882,0,0
遜庵文集,申晟圭,1905,1971,1938,0,8.877284595,4.177545692,70.23498695,5.744125326,5.221932115,5.744125326
?山私稿,全柄泰,1898,1979,1938,0,23.3201581,3.95256917,58.89328063,6.719367589,2.371541502,4.743083004
泗南遺稿,金鶴洙,1898,1978,1938,0,11.55234657,1.805054152,73.64620939,5.415162455,0.722021661,6.859205776
心齋文集,權昌鉉,1900,1976,1938,0,10.14975042,10.31613977,35.77371048,9.151414309,10.64891847,23.96006656
晦岡文集,金鍾浩,1906,1972,1939,0,25.58139535,4.318936877,43.52159468,12.2923588,2.491694352,11.79401993
幼堂遺藁,秋淵蓉,1908,1970,1939,0,26.51933702,3.867403315,64.64088398,3.314917127,1.657458564,0
曙山文集,權炳哲,1898,1980,1939,0,15.99045346,1.909307876,59.18854415,10.26252983,1.431980907,11.21718377
晩堂遺集,柳海冀,1899,1982,1940,0,4.294478528,0,80.36809816,4.90797546,1.840490798,8.588957055
逸齋遺稿,鄭泓采,1901,1981,1941,0,25.46728972,6.074766355,22.42990654,2.570093458,13.78504673,29.6728972
松巖遺稿,孫丙河,1911,1972,1941,0,6.19047619,1.904761905,90.95238095,0.952380952,0,0
雲齋遺稿,朴魯哲,1904,1979,1941,0,11.69154229,2.487562189,79.35323383,3.980099502,0.248756219,2.23880597
誠堂私稿,朴仁圭,1909,1976,1942,0,39.89637306,6.994818653,26.68393782,1.03626943,5.440414508,19.94818653
重菴集,崔養燮,1905,1979,1942,0,0.486618005,1.216545012,81.75182482,4.866180049,3.163017032,8.515815085
敬齋遺稿,金璣柱,1907,1977,1942,0,11.62079511,3.363914373,65.13761468,7.033639144,6.727828746,6.116207951
九峰集,李禮中(景中),1899,1986,1942,0,11.56716418,7.462686567,35.07462687,8.955223881,6.343283582,30.59701493
秋淵先生文集,權龍鉉,1899,1988,1943,0,18.82605583,21.54617037,17.75232641,4.080171797,33.50035791,4.294917681
陽春遺稿,曺錫泌,1907,1981,1944,0,0,0.662251656,92.71523179,3.973509934,0.662251656,1.986754967
?窩遺稿,權宅容,1903,1987,1945,0,4.672897196,2.686915888,84.57943925,2.336448598,2.219626168,3.504672897
定軒遺集,成在祺,1912,1979,1945,0,11.72566372,3.097345133,70.57522124,3.539823009,1.991150442,9.07079646
友松遺稿,鄭鍾祿,1904,1987,1945,0,12.09677419,0,77.41935484,5.64516129,2.419354839,2.419354839
平菴文集,李經(南基),1912,1978,1945,0,23.01587302,7.142857143,37.3015873,12.3015873,6.349206349,13.88888889
訥庵遺集,張斗翰,1910,1981,1945,0,9.844559585,6.21761658,61.65803109,10.3626943,2.590673575,9.32642487
警窩遺集,鄭萬鍾,1911,1982,1946,0,23.33333333,2.727272727,55.15151515,1.818181818,6.96969697,10
毅齋先生文集,李鍾烈,1907,1986,1946,0,23.26530612,10.34013605,37.68707483,4.62585034,7.755102041,16.32653061
湖菴遺集,李埈錫(文鉉),1909,1985,1947,0,0,0,100,0,0,0
南溪遺稿,李煥奎,1907,1988,1947,0,9.756097561,4.06504065,55.28455285,6.504065041,4.06504065,20.32520325
中山遺稿,柳基馨,1914,1980,1947,0,7.092198582,1.418439716,83.68794326,2.836879433,2.127659574,2.836879433
起山遺稿,朴勝萬,1901,1995,1948,0,15.18987342,1.582278481,69.93670886,4.430379747,2.53164557,6.329113924
洛洲遺稿,鄭鎬宗,1915,1984,1949,0,7.468879668,1.244813278,88.7966805,0.829875519,0.414937759,1.244813278
又溪遺稿,孫?壽,1910,1988,1949,0,1.483679525,0.59347181,89.02077151,7.121661721,0,1.78041543
修軒文集,成正燮,1912,1990,1951,0,8.808290155,0.906735751,85.62176166,3.238341969,0.647668394,0.777202073
